{"type":"FeatureCollection","name":"2022 서울시 침수흔적도 업뎃","features":[{"type":"Feature","properties":{"OBJECTID":"7734","GU_NAM":"강남구","F_SHIM":0.5,"F_DISA_NM":"8.8.~ 17. 호우","F_AVR_HGT":19.67,"F_AREA":44306,"ADM_CD":"1168010100","F_SAT_YMD":"20220808","F_END_YMD":"20220808","F_SAT_TM":"20","F_END_TM":"23","F_RSN_DTL":"내수침수","F_ZONE_NM":"서울특별시 강남구 역삼동 858","INV_YR":"2023","F_YR":"2022","TYPE":"도로","layer":"서울시_2022(최종)","path":"D:/김원상/침수흔적도/(붙임2) 10~21년 서울시 침수흔적도/서울시_2022(최종).shp"},"geometry":{"type":"Polygon","coordinates":[[[127.02786523037395,37.49803347240983],[127.02817847075882,37.49737720443135],[127.0286338575951,37.49642375342178],[127.02866606197507,37.49635644137177],[127.0294180449363,37.49478158933561],[127.02945024787462,37.49471418695361],[127.03014965858574,37.493249624626564],[127.030286938716,37.49296208221398],[127.03090587272021,37.49166593146874],[127.03093807298546,37.49159852864645],[127.03160951974502,37.49019216848962],[127.03164171878242,37.49012485555915],[127.03178655699945,37.48982145171854],[127.03187535739839,37.48963546245216],[127.03161152542256,37.48955453001025],[127.02760126005685,37.49795244106331],[127.02448480926553,37.50447730933871],[127.02474912681448,37.50455720322001],[127.02484735425332,37.50435172925422],[127.02486058907803,37.50432400292617],[127.0248636971684,37.50431748809518],[127.02492140587486,37.50419666183054],[127.02494050644698,37.504156680755145],[127.0249642634522,37.50410692292179],[127.0249718810316,37.50409088364162],[127.02499241691753,37.50404791095807],[127.02499889300633,37.5040343586579],[127.02501134789603,37.504008326343126],[127.02503542122365,37.50395777555289],[127.02512142962806,37.50377782905086],[127.0252061943814,37.5036004055253],[127.02527761114749,37.503450753386744],[127.02528400802173,37.50343737227517],[127.02528591804037,37.50343337145839],[127.02528629100455,37.50343259652483],[127.02528684479611,37.5034314341256],[127.02534794272242,37.503303597185536],[127.02552965298717,37.502923330075134],[127.02563080323273,37.502711574848085],[127.02565487572683,37.502661023920716],[127.02574585384912,37.50247062432706],[127.02577467288728,37.50241024250643],[127.02577910310428,37.50240096131252],[127.02580362751092,37.50234961738069],[127.02582585766984,37.50230307623735],[127.02582872825978,37.50229705697678],[127.02584942139626,37.50225378676937],[127.02586146883577,37.502228592369676],[127.02588574449716,37.50217777104971],[127.0260567920272,37.501819624769645],[127.02607794823868,37.50177532728416],[127.02608930613393,37.50175155658026],[127.02609320510413,37.501743374702265],[127.02609514894313,37.50173931079438],[127.02610091263972,37.501727227204334],[127.02611023627522,37.50170771864481],[127.02611682496556,37.50169390496492],[127.02616155571661,37.501600272879934],[127.02629259423355,37.50132592743586],[127.02629940888934,37.50131166319823],[127.02630880022527,37.50129200143764],[127.02630968171871,37.501290145195505],[127.0263103936983,37.50128865839832],[127.02631682410734,37.501275205139],[127.02632885992074,37.50125000167994],[127.02638901632592,37.50112421862898],[127.02638949092308,37.50112306525078],[127.02644148764182,37.501014222663166],[127.02644925153979,37.50099797601877],[127.02648857950916,37.50091561643266],[127.02648917846957,37.50091436391786],[127.02648949489675,37.50091368810196],[127.02649054589637,37.500911471423024],[127.0264947273182,37.50090273085172],[127.02652212123014,37.50084538549966],[127.0265300998108,37.500828679294735],[127.02662186454131,37.500636557893394],[127.02663549359683,37.50060802036643],[127.02663904212072,37.500600586372315],[127.02664509947594,37.50058790803184],[127.02670063266486,37.50047165835824],[127.02671272472568,37.50044633771483],[127.02671590029976,37.500439678656655],[127.02672477156993,37.500421098169554],[127.0268118002184,37.500238897614665],[127.02687984296917,37.50009644412541],[127.02693895779421,37.4999726792309],[127.02695804491296,37.49993271582365],[127.02711092194612,37.499612638996254],[127.02713499244861,37.49956208774127],[127.02722685577051,37.499369704517804],[127.02727195666426,37.499275270006],[127.02727262340156,37.499273873312305],[127.02727440889842,37.49927012476741],[127.02739004792029,37.49902801008807],[127.02745556846685,37.49889085466461],[127.02752110008565,37.498753708209165],[127.02755247019769,37.49868805451107],[127.02757004241276,37.49865128987663],[127.02758146716734,37.49862738385217],[127.02760562750287,37.49857682346305],[127.02761333439709,37.49856070288793],[127.02767107947548,37.498439857134514],[127.02773618092883,37.49830371075355],[127.02776472554416,37.498243860055304],[127.02786523037395,37.49803347240983]]]}},{"type":"Feature","properties":{"OBJECTID":"6942","GU_NAM":"서초구","F_SHIM":0.5,"F_DISA_NM":"8.8.~ 17. 호우","F_AVR_HGT":14.43,"F_AREA":343.7,"ADM_CD":"1165010800","F_SAT_YMD":"20220808","F_END_YMD":"20220810","F_SAT_TM":"13","F_END_TM":"1","F_RSN_DTL":"침수","F_ZONE_NM":"서울특별시 서초구 서초동 1679-1","INV_YR":"2023","F_YR":"2022","TYPE":"상가","layer":"서울시_2022(최종)","path":"D:/김원상/침수흔적도/(붙임2) 10~21년 서울시 침수흔적도/서울시_2022(최종).shp"},"geometry":{"type":"Polygon","coordinates":[[[127.0205399345708,37.49559371142221],[127.02077074198087,37.495664663785014],[127.02082495071188,37.495521756414945],[127.02058884372344,37.495464851594676],[127.0205399345708,37.49559371142221]]]}},{"type":"Feature","properties":{"OBJECTID":"6957","GU_NAM":"서초구","F_SHIM":0.5,"F_DISA_NM":"8.8.~ 17. 호우","F_AVR_HGT":17.67,"F_AREA":1524.59,"ADM_CD":"1165010700","F_SAT_YMD":"20220808","F_END_YMD":"20220810","F_SAT_TM":"13","F_END_TM":"1","F_RSN_DTL":"침수","F_ZONE_NM":"서울특별시 서초구 반포동 120-3","INV_YR":"2023","F_YR":"2022","TYPE":"도","layer":"서울시_2022(최종)","path":"D:/김원상/침수흔적도/(붙임2) 10~21년 서울시 침수흔적도/서울시_2022(최종).shp"},"geometry":{"type":"Polygon","coordinates":[[[127.01558450962018,37.50192896920474],[127.01559298313659,37.50188445886702],[127.01676268010783,37.50128397834276],[127.01690753776205,37.50122809764404],[127.01898914424636,37.50047287932594],[127.0189949000108,37.50047078815743],[127.01918770099618,37.500400841971874],[127.01937958755073,37.50029161206173],[127.0167624452255,37.50124118093722],[127.01547989440147,37.501899609062846],[127.01548713355488,37.50190654589589],[127.01558450962018,37.50192896920474]]]}},{"type":"Feature","properties":{"OBJECTID":"6972","GU_NAM":"서초구","F_SHIM":0.5,"F_DISA_NM":"8.8.~ 17. 호우","F_AVR_HGT":22.8,"F_AREA":5246.93,"ADM_CD":"1165010800","F_SAT_YMD":"20220808","F_END_YMD":"20220810","F_SAT_TM":"13","F_END_TM":"1","F_RSN_DTL":"침수","F_ZONE_NM":"서울특별시 서초구 서초동 1739-1","INV_YR":"2023","F_YR":"2022","TYPE":"도","layer":"서울시_2022(최종)","path":"D:/김원상/침수흔적도/(붙임2) 10~21년 서울시 침수흔적도/서울시_2022(최종).shp"},"geometry":{"type":"Polygon","coordinates":[[[127.02144145769326,37.493929551632526],[127.02146110848115,37.49387784894977],[127.02126285626106,37.49383006619166],[127.02123615907527,37.49379033655982],[127.02130407260489,37.493611566843526],[127.02134045044444,37.4934843395693],[127.02144768732254,37.49320212837097],[127.02149743618028,37.49318085637084],[127.02172608431971,37.49323600372446],[127.02174576865337,37.49318430098256],[127.02151698495832,37.493129135669506],[127.02149051406815,37.493089496152045],[127.02155899119403,37.49290865387282],[127.02160181758097,37.49279593150806],[127.02195176844536,37.491873697982115],[127.02200151627922,37.49185242576521],[127.02223085054312,37.49190770718587],[127.0222505228606,37.491855959300366],[127.02202117744018,37.4918007049493],[127.02199448057554,37.49176097547497],[127.02235007145535,37.490824053325746],[127.0222653712726,37.49079838972338],[127.02207294375908,37.49130541617923],[127.02203000590364,37.49141831896267],[127.02170819432736,37.49226621548431],[127.02167203533422,37.492361727660374],[127.021381177575,37.49312807738117],[127.02119573597105,37.49358536584315],[127.02101165641686,37.49407094514609],[127.02092510427121,37.494329726518586],[127.02078373667051,37.49470222292549],[127.0207343537767,37.49483251551683],[127.02061648942119,37.49514292899539],[127.02057366028335,37.49525592125845],[127.02051641137652,37.495406766814675],[127.02045534261119,37.4955676861263],[127.0205399345708,37.49559371142221],[127.02081962307216,37.49485691870632],[127.02086937320554,37.49483564697632],[127.02106725463786,37.4948833223277],[127.02110471236094,37.494817002550576],[127.02089559014772,37.49476662610674],[127.02086889284608,37.49472698649824],[127.02108167765881,37.49416625934432],[127.02111728139704,37.49410336366116],[127.02119333159528,37.49390314887323],[127.02124319404584,37.493881786863746],[127.02144145769326,37.493929551632526]]]}},{"type":"Feature","properties":{"OBJECTID":"6989","GU_NAM":"서초구","F_SHIM":0.5,"F_DISA_NM":"8.8.~ 17. 호우","F_AVR_HGT":16.46,"F_AREA":10584.53,"ADM_CD":"1165010800","F_SAT_YMD":"20220808","F_END_YMD":"20220810","F_SAT_TM":"13","F_END_TM":"1","F_RSN_DTL":"침수","F_ZONE_NM":"서울특별시 서초구 서초동 1748-4","INV_YR":"2023","F_YR":"2022","TYPE":"도","layer":"서울시_2022(최종)","path":"D:/김원상/침수흔적도/(붙임2) 10~21년 서울시 침수흔적도/서울시_2022(최종).shp"},"geometry":{"type":"Polygon","coordinates":[[[127.02103524853354,37.49608395454771],[127.02108723300381,37.4959551030266],[127.02103984759331,37.49594052368507],[127.01371828794034,37.49368809756456],[127.01351170527533,37.49376956910123],[127.01387776155937,37.493881976144664],[127.01397694864751,37.49391248258842],[127.01417969947394,37.49397483724625],[127.01426654917661,37.494001587599],[127.01484893001441,37.494180750187404],[127.01507759037236,37.49425110125248],[127.01529619776441,37.494318353607994],[127.01551490732565,37.49438563257614],[127.01559927007827,37.494411661442165],[127.0157747583314,37.49446564631653],[127.0159358395358,37.49451519977042],[127.01612885680575,37.49457457896531],[127.01626308020793,37.494615864113776],[127.01646642289614,37.49467842199576],[127.01657566558924,37.494712024419506],[127.01670221083353,37.49475102150738],[127.01699950782289,37.494842461415416],[127.01717210302918,37.494895543589585],[127.01749869110213,37.494995988350354],[127.01758599551434,37.49502282629664],[127.01785062327382,37.495104240371944],[127.01803676776198,37.49516151806461],[127.0182227768245,37.49521874142261],[127.0184088314075,37.49527598250062],[127.01866961590468,37.49535621497786],[127.01893865652336,37.49543898647989],[127.01898083908893,37.49545204474543],[127.01933187081805,37.49556002217916],[127.0195812464514,37.49563672244179],[127.01975109721215,37.495688972340986],[127.01988693049076,37.495730748665544],[127.02008820965632,37.49579266091282],[127.0203510446921,37.495873502028545],[127.02041448889359,37.495893043586065],[127.02069235449923,37.49597851267313],[127.02075591195876,37.49599804501857],[127.02091129992503,37.49604586268341],[127.0209962318539,37.49607197769453],[127.02103524853354,37.49608395454771]]]}},{"type":"Feature","properties":{"OBJECTID":"6990","GU_NAM":"서초구","F_SHIM":0.5,"F_DISA_NM":"8.8.~ 17. 호우","F_AVR_HGT":13.66,"F_AREA":850.44,"ADM_CD":"1165010800","F_SAT_YMD":"20220808","F_END_YMD":"20220810","F_SAT_TM":"13","F_END_TM":"1","F_RSN_DTL":"침수","F_ZONE_NM":"서울특별시 서초구 서초동 1678-4","INV_YR":"2023","F_YR":"2022","TYPE":"상가","layer":"서울시_2022(최종)","path":"D:/김원상/침수흔적도/(붙임2) 10~21년 서울시 침수흔적도/서울시_2022(최종).shp"},"geometry":{"type":"Polygon","coordinates":[[[127.02045534260893,37.49556767711634],[127.02051641137652,37.495406766814675],[127.02026010311916,37.495327961284005],[127.0200413865567,37.49526069111251],[127.01996567166233,37.495416999353004],[127.02018437731137,37.49548429669455],[127.02045534260893,37.49556767711634]]]}},{"type":"Feature","properties":{"OBJECTID":"6991","GU_NAM":"서초구","F_SHIM":0.7,"F_DISA_NM":"8.8.~ 17. 호우","F_AVR_HGT":20.28,"F_AREA":5946.67,"ADM_CD":"1165010800","F_SAT_YMD":"20220808","F_END_YMD":"20220810","F_SAT_TM":"13","F_END_TM":"1","F_RSN_DTL":"침수","F_ZONE_NM":"서울특별시 서초구 서초동 1748-21","INV_YR":"2023","F_YR":"2022","TYPE":"도","layer":"서울시_2022(최종)","path":"D:/김원상/침수흔적도/(붙임2) 10~21년 서울시 침수흔적도/서울시_2022(최종).shp"},"geometry":{"type":"Polygon","coordinates":[[[127.01371828794034,37.49368809756456],[127.01391808509933,37.49360473427835],[127.01386074121464,37.49352698399775],[127.01388062445676,37.49341381633766],[127.0139126521676,37.49323153169763],[127.01391736311885,37.49320478051662],[127.01393247877515,37.493118733439054],[127.01394501864705,37.49304737292783],[127.01397062926237,37.492901498343116],[127.01399567493033,37.492758876418755],[127.01402069789962,37.49261632656801],[127.01404585634631,37.492473055894145],[127.01409131526984,37.492214112668336],[127.01410069166509,37.49216050216727],[127.0141315659874,37.491984533562395],[127.01420166249187,37.4915851127095],[127.01424630695865,37.49133066546322],[127.0142588462335,37.49125930489705],[127.01434270056932,37.49078185580443],[127.01437760661068,37.49058309134883],[127.01440382555924,37.49043380175159],[127.01444376943793,37.49020637589397],[127.0144531453462,37.4901528554467],[127.01451282339198,37.48981299155232],[127.01454748002212,37.4896156686419],[127.01457059186349,37.48948402992473],[127.01459194144914,37.48936248260051],[127.0146133587305,37.48924048476216],[127.01464743873166,37.489046405469004],[127.0146568143341,37.488992794894976],[127.01470462984877,37.488720236898864],[127.01472775241439,37.48858841792956],[127.0148250988472,37.48854254607415],[127.0146480027,37.488392459186215],[127.0141406409686,37.4912824823008],[127.01371828794034,37.49368809756456]]]}},{"type":"Feature","properties":{"OBJECTID":"6997","GU_NAM":"서초구","F_SHIM":0.5,"F_DISA_NM":"8.8.~ 17. 호우","F_AVR_HGT":20.09,"F_AREA":5016.22,"ADM_CD":"1165010700","F_SAT_YMD":"20220808","F_END_YMD":"20220810","F_SAT_TM":"13","F_END_TM":"1","F_RSN_DTL":"침수","F_ZONE_NM":"서울특별시 서초구 반포동 131-2","INV_YR":"2023","F_YR":"2022","TYPE":"천","layer":"서울시_2022(최종)","path":"D:/김원상/침수흔적도/(붙임2) 10~21년 서울시 침수흔적도/서울시_2022(최종).shp"},"geometry":{"type":"Polygon","coordinates":[[[127.01255515520279,37.50290714473229],[127.01407180089541,37.50263326997073],[127.01410538651824,37.50261596722667],[127.01548713355488,37.50190654589589],[127.01547989440147,37.501899609062846],[127.0153532121847,37.50179312593767],[127.01534472914888,37.50178672984104],[127.01399181909541,37.50248137010441],[127.01257458216983,37.50273730471482],[127.01255515520279,37.50290714473229]]]}},{"type":"Feature","properties":{"OBJECTID":"6999","GU_NAM":"서초구","F_SHIM":0.5,"F_DISA_NM":"8.8.~ 17. 호우","F_AVR_HGT":17.67,"F_AREA":6630.52,"ADM_CD":"1165010700","F_SAT_YMD":"20220808","F_END_YMD":"20220810","F_SAT_TM":"13","F_END_TM":"1","F_RSN_DTL":"침수","F_ZONE_NM":"서울특별시 서초구 반포동 131-3","INV_YR":"2023","F_YR":"2022","TYPE":"천","layer":"서울시_2022(최종)","path":"D:/김원상/침수흔적도/(붙임2) 10~21년 서울시 침수흔적도/서울시_2022(최종).shp"},"geometry":{"type":"Polygon","coordinates":[[[127.01547989440147,37.501899609062846],[127.0167624452255,37.50124118093722],[127.01937958755073,37.50029161206173],[127.01953857703708,37.50023392399263],[127.01960842177829,37.50005028975835],[127.01667522674187,37.501114331548564],[127.01586162125828,37.50153204600878],[127.0153532121847,37.50179312593767],[127.01547989440147,37.501899609062846]]]}},{"type":"Feature","properties":{"OBJECTID":"7050","GU_NAM":"서초구","F_SHIM":0.5,"F_DISA_NM":"8.8.~ 17. 호우","F_AVR_HGT":17.32,"F_AREA":2822.36,"ADM_CD":"1165010700","F_SAT_YMD":"20220808","F_END_YMD":"20220810","F_SAT_TM":"13","F_END_TM":"1","F_RSN_DTL":"침수","F_ZONE_NM":"서울특별시 서초구 반포동 120-2","INV_YR":"2023","F_YR":"2022","TYPE":"도","layer":"서울시_2022(최종)","path":"D:/김원상/침수흔적도/(붙임2) 10~21년 서울시 침수흔적도/서울시_2022(최종).shp"},"geometry":{"type":"Polygon","coordinates":[[[127.01621008962763,37.50263371714819],[127.01636873188825,37.50278401087868],[127.01652180954775,37.50292903425853],[127.01655063115412,37.50295634886558],[127.01681203999257,37.50320399976276],[127.01619360453853,37.50357772221583],[127.01639070570904,37.50346750547253],[127.016594819781,37.50336557668815],[127.01680538143535,37.50327247649889],[127.01681679167791,37.50326803309991],[127.01692287022107,37.5031969575747],[127.01683554509778,37.503114167180996],[127.01677718896639,37.503058934523416],[127.01675152314655,37.50303460186984],[127.01663338594615,37.50292265898578],[127.01654845949945,37.50284219264491],[127.01645253852928,37.50275129407065],[127.01558450962018,37.50192896920474],[127.01548713355488,37.50190654589589],[127.01410538651824,37.50261596722667],[127.01407180089541,37.50263326997073],[127.01255515520279,37.50290714473229],[127.01255086320711,37.50294480686623],[127.01327903810424,37.502813335005015],[127.0140861694205,37.50266759648338],[127.0140896751896,37.50266696541141],[127.01412985355992,37.50264628321456],[127.01418515109692,37.50261789584701],[127.0142286879832,37.50259554640902],[127.01545593123036,37.50196547488646],[127.01551179976269,37.501972135670655],[127.01621008962763,37.50263371714819]]]}},{"type":"Feature","properties":{"OBJECTID":"7051","GU_NAM":"서초구","F_SHIM":0.5,"F_DISA_NM":"8.8.~ 17. 호우","F_AVR_HGT":16.46,"F_AREA":10374.4,"ADM_CD":"1165010800","F_SAT_YMD":"20220808","F_END_YMD":"20220810","F_SAT_TM":"13","F_END_TM":"1","F_RSN_DTL":"침수","F_ZONE_NM":"서울특별시 서초구 서초동 1748-22","INV_YR":"2023","F_YR":"2022","TYPE":"도","layer":"서울시_2022(최종)","path":"D:/김원상/침수흔적도/(붙임2) 10~21년 서울시 침수흔적도/서울시_2022(최종).shp"},"geometry":{"type":"Polygon","coordinates":[[[127.01371828794034,37.49368809756456],[127.02103984759331,37.49594052368507],[127.02108723300381,37.4959551030266],[127.02113910418952,37.49582616139866],[127.02108583809351,37.49580977204282],[127.02100113261857,37.495783747157546],[127.0207899911731,37.49571881071647],[127.02075435614255,37.49570785136038],[127.0205235486082,37.495636871936135],[127.02043895660563,37.495610846628736],[127.02016404431174,37.495526268463635],[127.01994532725256,37.49545898009671],[127.01970952265748,37.4953864411292],[127.01953692452057,37.49533333563695],[127.01915334633865,37.49521532653592],[127.01909001612033,37.49519578428186],[127.01891935269431,37.495143290277575],[127.01868163887781,37.495070172895886],[127.01852918336722,37.49502327989763],[127.01837686375471,37.49497643173286],[127.01815430488824,37.49490797830241],[127.01799293865335,37.49485833781644],[127.0179296090386,37.49483879493902],[127.01778519505851,37.49479439563042],[127.01769856936482,37.494767737937266],[127.01736880424774,37.49466633008172],[127.017133456991,37.49459394808106],[127.0168258698615,37.49449935634106],[127.01676254085376,37.49447981283679],[127.01623678706835,37.494318077983635],[127.01597306852916,37.49423694849105],[127.01566028234427,37.494140723537086],[127.01559695394288,37.49412117940667],[127.01539024352034,37.49405757525798],[127.0151895043891,37.493995808095555],[127.01498866381198,37.49393401357294],[127.0147852339039,37.493871417109254],[127.01447910018118,37.493777215524275],[127.01439236375737,37.49375055541436],[127.0142615128729,37.4937103219404],[127.01422102840003,37.49369787448318],[127.01404837018971,37.49364478799341],[127.01391808509933,37.49360473427835],[127.01371828794034,37.49368809756456]]]}},{"type":"Feature","properties":{"OBJECTID":"7197","GU_NAM":"서초구","F_SHIM":0.5,"F_DISA_NM":"8.8.~ 17. 호우","F_AVR_HGT":13.7,"F_AREA":5222.76,"ADM_CD":"1165010800","F_SAT_YMD":"20220808","F_END_YMD":"20220810","F_SAT_TM":"13","F_END_TM":"1","F_RSN_DTL":"침수","F_ZONE_NM":"서울특별시 서초구 서초동 1739-8","INV_YR":"2023","F_YR":"2022","TYPE":"도","layer":"서울시_2022(최종)","path":"D:/김원상/침수흔적도/(붙임2) 10~21년 서울시 침수흔적도/서울시_2022(최종).shp"},"geometry":{"type":"Polygon","coordinates":[[[127.01909975451262,37.49477051101593],[127.0192330864882,37.49481148658151],[127.01925605164661,37.494852658818935],[127.01918475488732,37.494999991950394],[127.01911031570921,37.49515382171017],[127.01917366850519,37.49517332791011],[127.01924924911987,37.49501707425071],[127.01931938159701,37.49487211088523],[127.01937105524999,37.49485381279515],[127.0197173462437,37.494960149991755],[127.01988989839045,37.49501314711106],[127.02012435618457,37.495085145335665],[127.02034464423362,37.49515278451503],[127.02046396568038,37.495189427112614],[127.02054877207573,37.495215470389496],[127.02057366028335,37.49525592125845],[127.02061648942119,37.49514292899539],[127.02056572091341,37.49516275918265],[127.02040558523798,37.49511358130564],[127.02028480507902,37.4950764883805],[127.01974184997704,37.49490972627572],[127.01939286765479,37.49480254261756],[127.01936990243668,37.49476137040635],[127.01944012455957,37.494614956339944],[127.01951479954374,37.49445924323307],[127.0195664728646,37.494440945056276],[127.01967516245558,37.494474337470024],[127.01981380939273,37.494516924354734],[127.01996748602583,37.494564139868565],[127.02012083488958,37.494611238103765],[127.02027635526568,37.494659020554494],[127.0204596619296,37.49471533081498],[127.02070946562304,37.49479206467882],[127.0207343537767,37.49483251551683],[127.02078373667051,37.49470222292549],[127.02073296850524,37.494722053186024],[127.0205161871409,37.4946554773414],[127.02030718670129,37.49459128751009],[127.02014626079169,37.49454186613243],[127.01998532378383,37.494492435526894],[127.0198245340034,37.49444304972886],[127.01962051064723,37.494380389608544],[127.01960432976601,37.49433723420084],[127.01972169793649,37.494206760424646],[127.01972519116497,37.49420287657749],[127.01993319023315,37.493971647802695],[127.01998893666627,37.493964250901875],[127.01986871626607,37.49389570355424],[127.01987799965906,37.49394012140081],[127.01979704531179,37.494030134820655],[127.01977070486826,37.494059430395275],[127.01965813032196,37.494184605609036],[127.01957694935193,37.494274889209116],[127.01953285989481,37.494323910325065],[127.01947869758776,37.49433680286771],[127.01933439675956,37.494292495531674],[127.01930169161143,37.4942824543125],[127.01917843670763,37.49424461279365],[127.01901934431285,37.494195757233726],[127.01889922223063,37.49415887902859],[127.01867461845202,37.49408991329956],[127.0185690963216,37.494057510605714],[127.01845977454172,37.494023946072666],[127.01844359440523,37.493980790503194],[127.01861304652566,37.493792358040224],[127.01870791853916,37.49368685521685],[127.0188528262086,37.49352571725455],[127.0188791668254,37.493496430891845],[127.01895435616863,37.493412816042635],[127.01901021538288,37.493405509686305],[127.0188899967725,37.4933369613358],[127.01889916643793,37.49338137928029],[127.01881731842616,37.49347239227878],[127.01870404226278,37.49359836858861],[127.01863451628434,37.49367568446684],[127.01852335355588,37.493799299673434],[127.01837212507962,37.49396746592435],[127.01829446556418,37.494084516846875],[127.01822019502367,37.494238057726044],[127.01809196431746,37.494503158909396],[127.0180282837836,37.49463479486897],[127.01794996569497,37.49479671542622],[127.01801331788775,37.494816222249696],[127.01808865191033,37.494660545997284],[127.01812993007034,37.49457522454148],[127.01815875239159,37.49451566440626],[127.01821042608235,37.49449736682266],[127.0183504066717,37.49454036068602],[127.01851816193897,37.49459189186654],[127.01855285747448,37.4946025456949],[127.01871061598604,37.49465100563381],[127.01886102392972,37.49469719592184],[127.01898090937111,37.494734011127356],[127.01909975451262,37.49477051101593]],[[127.01925489897502,37.49476021642899],[127.01912350090329,37.49471985327929],[127.01895124400319,37.49466694509433],[127.01877915697925,37.49461409069285],[127.01862307221188,37.49456615318263],[127.01853608461238,37.49453943308493],[127.01838150422829,37.494491954548046],[127.01823484020548,37.49444690738779],[127.01821187573191,37.49440573494882],[127.01824281153594,37.494341750584155],[127.01828345638094,37.49425769956935],[127.01828564912272,37.494253176239546],[127.01835779461683,37.49410396943134],[127.01840946797537,37.49408567175946],[127.018501385627,37.49411390492345],[127.01862795344773,37.49415276479947],[127.0188459643436,37.49421972235428],[127.01897560852103,37.49425953646551],[127.01906648618593,37.494287444982774],[127.01921566095638,37.49433325658554],[127.01936474543837,37.494379040983205],[127.01942850475216,37.49439861906774],[127.01945146989127,37.49443979127007],[127.01937766508405,37.494593693196556],[127.01930657256668,37.49474191836676],[127.01925489897502,37.49476021642899]]]}},{"type":"Feature","properties":{"OBJECTID":"7216","GU_NAM":"서초구","F_SHIM":0.5,"F_DISA_NM":"8.8.~ 17. 호우","F_AVR_HGT":19.2,"F_AREA":158.06,"ADM_CD":"1165010800","F_SAT_YMD":"20220808","F_END_YMD":"20220810","F_SAT_TM":"13","F_END_TM":"1","F_RSN_DTL":"침수","F_ZONE_NM":"서울특별시 서초구 서초동 1302-50","INV_YR":"2023","F_YR":"2022","TYPE":"상가","layer":"서울시_2022(최종)","path":"D:/김원상/침수흔적도/(붙임2) 10~21년 서울시 침수흔적도/서울시_2022(최종).shp"},"geometry":{"type":"Polygon","coordinates":[[[127.02252897174353,37.50347386226373],[127.02270767544992,37.50352786321229],[127.02273775173498,37.50346413020383],[127.02270043898461,37.50345329789072],[127.02271048707196,37.50343220371817],[127.02256746870569,37.503392513282996],[127.02254412864936,37.50344179303726],[127.02252897174353,37.50347386226373]]]}},{"type":"Feature","properties":{"OBJECTID":"7217","GU_NAM":"서초구","F_SHIM":0.7,"F_DISA_NM":"8.8.~ 17. 호우","F_AVR_HGT":16.28,"F_AREA":7525.49,"ADM_CD":"1165010700","F_SAT_YMD":"20220808","F_END_YMD":"20220810","F_SAT_TM":"13","F_END_TM":"1","F_RSN_DTL":"침수","F_ZONE_NM":"서울특별시 서초구 반포동 749-35","INV_YR":"2023","F_YR":"2022","TYPE":"도","layer":"서울시_2022(최종)","path":"D:/김원상/침수흔적도/(붙임2) 10~21년 서울시 침수흔적도/서울시_2022(최종).shp"},"geometry":{"type":"Polygon","coordinates":[[[127.02412181114205,37.504604420091574],[127.02422048097831,37.504397441896884],[127.0227982981202,37.50396766021334],[127.02110638096072,37.503456366064206],[127.02046373221184,37.503262215640724],[127.0203309506832,37.503223944431866],[127.02019669990487,37.50318900699973],[127.0200612060702,37.5031574934037],[127.019924469118,37.503129223439885],[127.01978671528454,37.50310446736852],[127.01964805762302,37.50308313506891],[127.01961360161526,37.50323838236856],[127.01974615227924,37.503258814652135],[127.01987791215412,37.503282490503814],[127.02000865509098,37.50330950006146],[127.02013826796771,37.5033396631466],[127.0202665246343,37.503373069898544],[127.02029569362743,37.503381462569905],[127.02039353817669,37.5034096302038],[127.02052971361216,37.5034507749795],[127.02075013942816,37.50351735911377],[127.02097239790743,37.50358451016309],[127.02109929952833,37.50362287172315],[127.02142321593475,37.5037207741195],[127.02165634488377,37.50379123772102],[127.02189747070811,37.50386410514757],[127.022041350177,37.50390758944358],[127.02218532029829,37.50395110958811],[127.02236017935296,37.50400395845263],[127.02266171566042,37.504095085886405],[127.02280049500096,37.504137047481805],[127.02307747729299,37.504220727018264],[127.023249871911,37.50427281817465],[127.0235152053585,37.50435297592232],[127.02357865745296,37.50437215535079],[127.02379017597305,37.504436068510316],[127.0240754172028,37.50452225792989],[127.02412181114205,37.504604420091574]]]}},{"type":"Feature","properties":{"OBJECTID":"7218","GU_NAM":"서초구","F_SHIM":0.5,"F_DISA_NM":"8.8.~ 17. 호우","F_AVR_HGT":12.41,"F_AREA":204.65,"ADM_CD":"1165010700","F_SAT_YMD":"20220808","F_END_YMD":"20220810","F_SAT_TM":"13","F_END_TM":"1","F_RSN_DTL":"침수","F_ZONE_NM":"서울특별시 서초구 반포동 742-14","INV_YR":"2023","F_YR":"2022","TYPE":"상가","layer":"서울시_2022(최종)","path":"D:/김원상/침수흔적도/(붙임2) 10~21년 서울시 침수흔적도/서울시_2022(최종).shp"},"geometry":{"type":"Polygon","coordinates":[[[127.01983371533409,37.50425545835685],[127.01993028167365,37.50427873414819],[127.02000533940107,37.504080935301154],[127.01990907855401,37.50405727209359],[127.01983371533409,37.50425545835685]]]}},{"type":"Feature","properties":{"OBJECTID":"7219","GU_NAM":"서초구","F_SHIM":0.5,"F_DISA_NM":"8.8.~ 17. 호우","F_AVR_HGT":12.54,"F_AREA":146.34,"ADM_CD":"1165010700","F_SAT_YMD":"20220808","F_END_YMD":"20220810","F_SAT_TM":"13","F_END_TM":"1","F_RSN_DTL":"침수","F_ZONE_NM":"서울특별시 서초구 반포동 742-13","INV_YR":"2023","F_YR":"2022","TYPE":"상가","layer":"서울시_2022(최종)","path":"D:/김원상/침수흔적도/(붙임2) 10~21년 서울시 침수흔적도/서울시_2022(최종).shp"},"geometry":{"type":"Polygon","coordinates":[[[127.01976765259263,37.504239538933184],[127.01983371533409,37.50425545835685],[127.01990907855401,37.50405727209359],[127.01989798329528,37.504054597855706],[127.01983724781255,37.50404002913877],[127.01976765259263,37.504239538933184]]]}},{"type":"Feature","properties":{"OBJECTID":"7220","GU_NAM":"서초구","F_SHIM":0.5,"F_DISA_NM":"8.8.~ 17. 호우","F_AVR_HGT":12.76,"F_AREA":306.67,"ADM_CD":"1165010700","F_SAT_YMD":"20220808","F_END_YMD":"20220810","F_SAT_TM":"13","F_END_TM":"1","F_RSN_DTL":"침수","F_ZONE_NM":"서울특별시 서초구 반포동 742-7","INV_YR":"2023","F_YR":"2022","TYPE":"상가","layer":"서울시_2022(최종)","path":"D:/김원상/침수흔적도/(붙임2) 10~21년 서울시 침수흔적도/서울시_2022(최종).shp"},"geometry":{"type":"Polygon","coordinates":[[[127.01934418893259,37.504137475448374],[127.01948897014636,37.50417236719208],[127.01956311278437,37.503974235392235],[127.01950556685738,37.50396031473604],[127.01948960827113,37.50395645188255],[127.01941869380653,37.50393928061337],[127.0193830124382,37.504034188158265],[127.01934418893259,37.504137475448374]]]}},{"type":"Feature","properties":{"OBJECTID":"7221","GU_NAM":"서초구","F_SHIM":0.5,"F_DISA_NM":"8.8.~ 17. 호우","F_AVR_HGT":12.76,"F_AREA":361.21,"ADM_CD":"1165010700","F_SAT_YMD":"20220808","F_END_YMD":"20220810","F_SAT_TM":"13","F_END_TM":"1","F_RSN_DTL":"침수","F_ZONE_NM":"서울특별시 서초구 반포동 742-1","INV_YR":"2023","F_YR":"2022","TYPE":"상가","layer":"서울시_2022(최종)","path":"D:/김원상/침수흔적도/(붙임2) 10~21년 서울시 침수흔적도/서울시_2022(최종).shp"},"geometry":{"type":"Polygon","coordinates":[[[127.01920881788254,37.504104843623615],[127.01934418893259,37.504137475448374],[127.0193830124382,37.504034188158265],[127.01941869380653,37.50393928061337],[127.01938045430053,37.503930033149864],[127.0192461127999,37.50389752735074],[127.01921022743917,37.503991488826586],[127.01918211812466,37.504065113597854],[127.01920881788254,37.504104843623615]]]}},{"type":"Feature","properties":{"OBJECTID":"7222","GU_NAM":"서초구","F_SHIM":0.5,"F_DISA_NM":"8.8.~ 17. 호우","F_AVR_HGT":12.54,"F_AREA":204.31,"ADM_CD":"1165010700","F_SAT_YMD":"20220808","F_END_YMD":"20220810","F_SAT_TM":"13","F_END_TM":"1","F_RSN_DTL":"침수","F_ZONE_NM":"서울특별시 서초구 반포동 745-2","INV_YR":"2023","F_YR":"2022","TYPE":"상가","layer":"서울시_2022(최종)","path":"D:/김원상/침수흔적도/(붙임2) 10~21년 서울시 침수흔적도/서울시_2022(최종).shp"},"geometry":{"type":"Polygon","coordinates":[[[127.01991374215834,37.50375131038503],[127.01999915738935,37.50377711966318],[127.02009874053078,37.503563116951234],[127.02001494242957,37.503535992033406],[127.01991374215834,37.50375131038503]]]}},{"type":"Feature","properties":{"OBJECTID":"7223","GU_NAM":"서초구","F_SHIM":0.5,"F_DISA_NM":"8.8.~ 17. 호우","F_AVR_HGT":12.54,"F_AREA":506.41,"ADM_CD":"1165010700","F_SAT_YMD":"20220808","F_END_YMD":"20220810","F_SAT_TM":"13","F_END_TM":"1","F_RSN_DTL":"침수","F_ZONE_NM":"서울특별시 서초구 반포동 745-1","INV_YR":"2023","F_YR":"2022","TYPE":"상가","layer":"서울시_2022(최종)","path":"D:/김원상/침수흔적도/(붙임2) 10~21년 서울시 침수흔적도/서울시_2022(최종).shp"},"geometry":{"type":"Polygon","coordinates":[[[127.0197060178095,37.50368854297058],[127.01991374215834,37.50375131038503],[127.02001494242957,37.503535992033406],[127.01980851818837,37.50346918812085],[127.0197060178095,37.50368854297058]]]}},{"type":"Feature","properties":{"OBJECTID":"7224","GU_NAM":"서초구","F_SHIM":0.7,"F_DISA_NM":"8.8.~ 17. 호우","F_AVR_HGT":17.06,"F_AREA":3052.12,"ADM_CD":"1165010800","F_SAT_YMD":"20220808","F_END_YMD":"20220810","F_SAT_TM":"13","F_END_TM":"1","F_RSN_DTL":"침수","F_ZONE_NM":"서울특별시 서초구 서초동 1332-3","INV_YR":"2023","F_YR":"2022","TYPE":"상가","layer":"서울시_2022(최종)","path":"D:/김원상/침수흔적도/(붙임2) 10~21년 서울시 침수흔적도/서울시_2022(최종).shp"},"geometry":{"type":"Polygon","coordinates":[[[127.02625314943018,37.49241518764421],[127.02639790090502,37.4921121509424],[127.02635162528378,37.49202998947393],[127.02567377809433,37.49182668419571],[127.02550066261267,37.49219432748939],[127.02625314943018,37.49241518764421]]]}},{"type":"Feature","properties":{"OBJECTID":"7225","GU_NAM":"서초구","F_SHIM":0.7,"F_DISA_NM":"8.8.~ 17. 호우","F_AVR_HGT":17.55,"F_AREA":503.87,"ADM_CD":"1165010800","F_SAT_YMD":"20220808","F_END_YMD":"20220810","F_SAT_TM":"13","F_END_TM":"1","F_RSN_DTL":"침수","F_ZONE_NM":"서울특별시 서초구 서초동 1332-5","INV_YR":"2023","F_YR":"2022","TYPE":"상가","layer":"서울시_2022(최종)","path":"D:/김원상/침수흔적도/(붙임2) 10~21년 서울시 침수흔적도/서울시_2022(최종).shp"},"geometry":{"type":"Polygon","coordinates":[[[127.02539938150689,37.49230688290879],[127.02547509182908,37.49214612917542],[127.0251994966293,37.492061040234816],[127.02512197773302,37.49222548825545],[127.02539938150689,37.49230688290879]]]}},{"type":"Feature","properties":{"OBJECTID":"7226","GU_NAM":"서초구","F_SHIM":0.7,"F_DISA_NM":"8.8.~ 17. 호우","F_AVR_HGT":17.23,"F_AREA":407.18,"ADM_CD":"1165010800","F_SAT_YMD":"20220808","F_END_YMD":"20220810","F_SAT_TM":"13","F_END_TM":"1","F_RSN_DTL":"침수","F_ZONE_NM":"서울특별시 서초구 서초동 1332-7","INV_YR":"2023","F_YR":"2022","TYPE":"상가","layer":"서울시_2022(최종)","path":"D:/김원상/침수흔적도/(붙임2) 10~21년 서울시 침수흔적도/서울시_2022(최종).shp"},"geometry":{"type":"Polygon","coordinates":[[[127.02483829485463,37.49194956827701],[127.02499061946615,37.491621664176236],[127.02488126468756,37.491588889447605],[127.02472565983204,37.49191481185351],[127.02483829485463,37.49194956827701]]]}},{"type":"Feature","properties":{"OBJECTID":"7227","GU_NAM":"서초구","F_SHIM":0.7,"F_DISA_NM":"8.8.~ 17. 호우","F_AVR_HGT":19.52,"F_AREA":236.44,"ADM_CD":"1165010800","F_SAT_YMD":"20220808","F_END_YMD":"20220810","F_SAT_TM":"13","F_END_TM":"1","F_RSN_DTL":"침수","F_ZONE_NM":"서울특별시 서초구 서초동 1340-13","INV_YR":"2023","F_YR":"2022","TYPE":"상가","layer":"서울시_2022(최종)","path":"D:/김원상/침수흔적도/(붙임2) 10~21년 서울시 침수흔적도/서울시_2022(최종).shp"},"geometry":{"type":"Polygon","coordinates":[[[127.03074739612747,37.48887914075392],[127.03082206643045,37.48872824070573],[127.03068251948018,37.48868592820878],[127.03060919450425,37.48883685486864],[127.03074739612747,37.48887914075392]]]}},{"type":"Feature","properties":{"OBJECTID":"7228","GU_NAM":"서초구","F_SHIM":0.7,"F_DISA_NM":"8.8.~ 17. 호우","F_AVR_HGT":19.17,"F_AREA":388.68,"ADM_CD":"1165010800","F_SAT_YMD":"20220808","F_END_YMD":"20220810","F_SAT_TM":"13","F_END_TM":"1","F_RSN_DTL":"침수","F_ZONE_NM":"서울특별시 서초구 서초동 1341-4","INV_YR":"2023","F_YR":"2022","TYPE":"상가","layer":"서울시_2022(최종)","path":"D:/김원상/침수흔적도/(붙임2) 10~21년 서울시 침수흔적도/서울시_2022(최종).shp"},"geometry":{"type":"Polygon","coordinates":[[[127.02923949738505,37.4886815003017],[127.02939170918525,37.488728226418594],[127.0294979229412,37.488500419356704],[127.02948490695582,37.488496476055865],[127.02934536122,37.4884542430675],[127.02923949738505,37.4886815003017]]]}},{"type":"Feature","properties":{"OBJECTID":"7229","GU_NAM":"서초구","F_SHIM":0.7,"F_DISA_NM":"8.8.~ 17. 호우","F_AVR_HGT":17.69,"F_AREA":450.77,"ADM_CD":"1165010800","F_SAT_YMD":"20220808","F_END_YMD":"20220810","F_SAT_TM":"13","F_END_TM":"1","F_RSN_DTL":"침수","F_ZONE_NM":"서울특별시 서초구 서초동 1329-6","INV_YR":"2023","F_YR":"2022","TYPE":"상가","layer":"서울시_2022(최종)","path":"D:/김원상/침수흔적도/(붙임2) 10~21년 서울시 침수흔적도/서울시_2022(최종).shp"},"geometry":{"type":"Polygon","coordinates":[[[127.02926819941092,37.4938284570425],[127.02931949768129,37.493721135907734],[127.02894561624827,37.493607787423656],[127.0288944305995,37.49371510837214],[127.02926819941092,37.4938284570425]]]}},{"type":"Feature","properties":{"OBJECTID":"7230","GU_NAM":"서초구","F_SHIM":0.7,"F_DISA_NM":"8.8.~ 17. 호우","F_AVR_HGT":14.68,"F_AREA":340.22,"ADM_CD":"1165010800","F_SAT_YMD":"20220808","F_END_YMD":"20220810","F_SAT_TM":"13","F_END_TM":"1","F_RSN_DTL":"침수","F_ZONE_NM":"서울특별시 서초구 서초동 1678-8","INV_YR":"2023","F_YR":"2022","TYPE":"상가","layer":"서울시_2022(최종)","path":"D:/김원상/침수흔적도/(붙임2) 10~21년 서울시 침수흔적도/서울시_2022(최종).shp"},"geometry":{"type":"Polygon","coordinates":[[[127.02003991638512,37.495260240843244],[127.02012435618457,37.495085145335665],[127.01988989839045,37.49501314711106],[127.01980548070797,37.49518810729988],[127.02003991638512,37.495260240843244]]]}},{"type":"Feature","properties":{"OBJECTID":"7231","GU_NAM":"서초구","F_SHIM":0.7,"F_DISA_NM":"8.8.~ 17. 호우","F_AVR_HGT":17.37,"F_AREA":589.37,"ADM_CD":"1165010800","F_SAT_YMD":"20220808","F_END_YMD":"20220810","F_SAT_TM":"13","F_END_TM":"1","F_RSN_DTL":"침수","F_ZONE_NM":"서울특별시 서초구 서초동 1327-15","INV_YR":"2023","F_YR":"2022","TYPE":"상가","layer":"서울시_2022(최종)","path":"D:/김원상/침수흔적도/(붙임2) 10~21년 서울시 침수흔적도/서울시_2022(최종).shp"},"geometry":{"type":"Polygon","coordinates":[[[127.02804997931949,37.494711266123204],[127.02805347093198,37.494703967241904],[127.02810592405011,37.49459407854133],[127.02808348647511,37.49458732609137],[127.02817130737041,37.49440354742743],[127.02804123981164,37.49436413994317],[127.02798957994331,37.49438250489349],[127.02791601890694,37.494536502198685],[127.02786019826361,37.49465355451419],[127.0280076712682,37.494698391322224],[127.02804997931949,37.494711266123204]]]}},{"type":"Feature","properties":{"OBJECTID":"7238","GU_NAM":"서초구","F_SHIM":0.5,"F_DISA_NM":"8.8.~ 17. 호우","F_AVR_HGT":15.8,"F_AREA":327.4,"ADM_CD":"1165010800","F_SAT_YMD":"20220808","F_END_YMD":"20220810","F_SAT_TM":"13","F_END_TM":"1","F_RSN_DTL":"침수","F_ZONE_NM":"서울특별시 서초구 서초동 1307-16","INV_YR":"2023","F_YR":"2022","TYPE":"상가","layer":"서울시_2022(최종)","path":"D:/김원상/침수흔적도/(붙임2) 10~21년 서울시 침수흔적도/서울시_2022(최종).shp"},"geometry":{"type":"Polygon","coordinates":[[[127.02495986459107,37.50031036841823],[127.02509354874194,37.50035088676056],[127.02514522470253,37.500332405961586],[127.02521375664827,37.500188881147395],[127.02504276099761,37.500136621351274],[127.02495986459107,37.50031036841823]]]}},{"type":"Feature","properties":{"OBJECTID":"7239","GU_NAM":"서초구","F_SHIM":0.5,"F_DISA_NM":"8.8.~ 17. 호우","F_AVR_HGT":18.67,"F_AREA":517.49,"ADM_CD":"1165010800","F_SAT_YMD":"20220808","F_END_YMD":"20220810","F_SAT_TM":"13","F_END_TM":"1","F_RSN_DTL":"침수","F_ZONE_NM":"서울특별시 서초구 서초동 1306-4","INV_YR":"2023","F_YR":"2022","TYPE":"상가","layer":"서울시_2022(최종)","path":"D:/김원상/침수흔적도/(붙임2) 10~21년 서울시 침수흔적도/서울시_2022(최종).shp"},"geometry":{"type":"Polygon","coordinates":[[[127.02602894162342,37.50017127148728],[127.02614141040448,37.49993567294603],[127.02594586088814,37.499876427819],[127.02583341418168,37.50011197211209],[127.02599933200008,37.50016229466892],[127.02602894162342,37.50017127148728]]]}},{"type":"Feature","properties":{"OBJECTID":"7240","GU_NAM":"서초구","F_SHIM":0.5,"F_DISA_NM":"8.8.~ 17. 호우","F_AVR_HGT":15.8,"F_AREA":512.32,"ADM_CD":"1165010800","F_SAT_YMD":"20220808","F_END_YMD":"20220810","F_SAT_TM":"13","F_END_TM":"1","F_RSN_DTL":"침수","F_ZONE_NM":"서울특별시 서초구 서초동 1307-29","INV_YR":"2023","F_YR":"2022","TYPE":"상가","layer":"서울시_2022(최종)","path":"D:/김원상/침수흔적도/(붙임2) 10~21년 서울시 침수흔적도/서울시_2022(최종).shp"},"geometry":{"type":"Polygon","coordinates":[[[127.02535650656229,37.50043057238246],[127.02550240597998,37.500474781890645],[127.0255539688646,37.5004563910361],[127.02565997524076,37.50023436332098],[127.0254767531458,37.500178628796],[127.02535650656229,37.50043057238246]]]}},{"type":"Feature","properties":{"OBJECTID":"7242","GU_NAM":"서초구","F_SHIM":1.8,"F_DISA_NM":"8.8.~ 17. 호우","F_AVR_HGT":18.56,"F_AREA":378.25,"ADM_CD":"1165010800","F_SAT_YMD":"20220808","F_END_YMD":"20220810","F_SAT_TM":"13","F_END_TM":"1","F_RSN_DTL":"침수","F_ZONE_NM":"서울특별시 서초구 서초동 1317-3","INV_YR":"2023","F_YR":"2022","TYPE":"상가","layer":"서울시_2022(최종)","path":"D:/김원상/침수흔적도/(붙임2) 10~21년 서울시 침수흔적도/서울시_2022(최종).shp"},"geometry":{"type":"Polygon","coordinates":[[[127.02579959954956,37.49906096385452],[127.0259763724969,37.49911462692746],[127.02602443024196,37.49910119208341],[127.02606626689844,37.49908388421709],[127.02610041312674,37.499065136338054],[127.02613987213208,37.4990393595499],[127.02616347805312,37.49901897403067],[127.02616440510779,37.49901818095813],[127.02586365389654,37.49892687301225],[127.02579959954956,37.49906096385452]]]}},{"type":"Feature","properties":{"OBJECTID":"7244","GU_NAM":"서초구","F_SHIM":1.8,"F_DISA_NM":"8.8.~ 17. 호우","F_AVR_HGT":18.56,"F_AREA":699.73,"ADM_CD":"1165010800","F_SAT_YMD":"20220808","F_END_YMD":"20220810","F_SAT_TM":"13","F_END_TM":"1","F_RSN_DTL":"침수","F_ZONE_NM":"서울특별시 서초구 서초동 1317-11","INV_YR":"2023","F_YR":"2022","TYPE":"상가","layer":"서울시_2022(최종)","path":"D:/김원상/침수흔적도/(붙임2) 10~21년 서울시 침수흔적도/서울시_2022(최종).shp"},"geometry":{"type":"Polygon","coordinates":[[[127.02543768521879,37.49895129601088],[127.02559749289013,37.49899973729151],[127.02568530243634,37.49881600566463],[127.02562503252824,37.498797700668675],[127.02552548377102,37.498767501433534],[127.02543768521879,37.49895129601088]]]}},{"type":"Feature","properties":{"OBJECTID":"7243","GU_NAM":"서초구","F_SHIM":1.8,"F_DISA_NM":"8.8.~ 17. 호우","F_AVR_HGT":18.02,"F_AREA":199.73,"ADM_CD":"1165010800","F_SAT_YMD":"20220808","F_END_YMD":"20220810","F_SAT_TM":"13","F_END_TM":"1","F_RSN_DTL":"침수","F_ZONE_NM":"서울특별시 서초구 서초동 1317-14","INV_YR":"2023","F_YR":"2022","TYPE":"상가","layer":"서울시_2022(최종)","path":"D:/김원상/침수흔적도/(붙임2) 10~21년 서울시 침수흔적도/서울시_2022(최종).shp"},"geometry":{"type":"Polygon","coordinates":[[[127.0264875284891,37.498438500430076],[127.02654391912891,37.498320277418486],[127.0264310590549,37.49828603627704],[127.02639406485795,37.49827480861393],[127.02637766744407,37.4983091401311],[127.02633724454166,37.49839379749444],[127.0264875284891,37.498438500430076]]]}},{"type":"Feature","properties":{"OBJECTID":"7245","GU_NAM":"서초구","F_SHIM":0.5,"F_DISA_NM":"8.8.~ 17. 호우","F_AVR_HGT":21.76,"F_AREA":334.23,"ADM_CD":"1165010800","F_SAT_YMD":"20220808","F_END_YMD":"20220810","F_SAT_TM":"13","F_END_TM":"1","F_RSN_DTL":"침수","F_ZONE_NM":"서울특별시 서초구 서초동 1306","INV_YR":"2023","F_YR":"2022","TYPE":"상가","layer":"서울시_2022(최종)","path":"D:/김원상/침수흔적도/(붙임2) 10~21년 서울시 침수흔적도/서울시_2022(최종).shp"},"geometry":{"type":"Polygon","coordinates":[[[127.025810378743,37.50056815253374],[127.02589389513811,37.50039343167121],[127.02588476793287,37.500390667487956],[127.02572356598911,37.500341839464035],[127.02564016234396,37.50051656018468],[127.025810378743,37.50056815253374]]]}},{"type":"Feature","properties":{"OBJECTID":"7246","GU_NAM":"서초구","F_SHIM":0.5,"F_DISA_NM":"8.8.~ 17. 호우","F_AVR_HGT":16.72,"F_AREA":4423.67,"ADM_CD":"1165010800","F_SAT_YMD":"20220808","F_END_YMD":"20220810","F_SAT_TM":"13","F_END_TM":"1","F_RSN_DTL":"침수","F_ZONE_NM":"서울특별시 서초구 서초동 1389","INV_YR":"2023","F_YR":"2022","TYPE":"도","layer":"서울시_2022(최종)","path":"D:/김원상/침수흔적도/(붙임2) 10~21년 서울시 침수흔적도/서울시_2022(최종).shp"},"geometry":{"type":"Polygon","coordinates":[[[127.02279734541621,37.50379872321492],[127.02294008292608,37.50384185523319],[127.02308758242265,37.50353305628636],[127.02315268522621,37.50339663323817],[127.0232179008866,37.503260210130215],[127.02329227125104,37.503104413831345],[127.02332357907022,37.50303890547543],[127.02334132527604,37.50300646625702],[127.02335229065021,37.50299042645974],[127.02352771605683,37.50266585428166],[127.02349016338351,37.50264576900731],[127.02365449860572,37.502301737117065],[127.02374593344632,37.50211034786738],[127.02383296000984,37.501928239658504],[127.02390970118867,37.50176739689602],[127.02400079566982,37.50157672829517],[127.02405235965351,37.50155824799928],[127.02390934303847,37.501514829041035],[127.02374423089518,37.50186060941501],[127.02374122452487,37.501866898950475],[127.02338056962424,37.50262200298184],[127.02332900471721,37.50264039288158],[127.02183277853763,37.502186736628964],[127.02180056554634,37.50225413685167],[127.0219882008987,37.50231104759135],[127.02217561032653,37.50236786797214],[127.02228565832247,37.50240109552061],[127.02245203125051,37.50245161216909],[127.0225112967161,37.50246962162111],[127.02262847049595,37.5025051901791],[127.02276464556756,37.50254652159479],[127.02294221626303,37.50260036923128],[127.02311130450768,37.50265160525578],[127.02314308633862,37.50266124012534],[127.02327824403737,37.502702210734675],[127.0233014399941,37.50274329198755],[127.02322921744448,37.50289449281516],[127.0231733832437,37.503011452653645],[127.02315812488655,37.503043440891915],[127.02310217739657,37.50316049081439],[127.0230394481991,37.50329177771733],[127.02297864021735,37.50341900974268],[127.02294654082122,37.50348641024301],[127.02293049110153,37.50352011048963],[127.02289906966972,37.50358570885644],[127.02280740483455,37.50377763804331],[127.02279734541621,37.50379872321492]]]}},{"type":"Feature","properties":{"OBJECTID":"7247","GU_NAM":"서초구","F_SHIM":0.5,"F_DISA_NM":"8.8.~ 17. 호우","F_AVR_HGT":15.75,"F_AREA":2545.16,"ADM_CD":"1165010800","F_SAT_YMD":"20220808","F_END_YMD":"20220810","F_SAT_TM":"13","F_END_TM":"1","F_RSN_DTL":"침수","F_ZONE_NM":"서울특별시 서초구 서초동 1390","INV_YR":"2023","F_YR":"2022","TYPE":"도","layer":"서울시_2022(최종)","path":"D:/김원상/침수흔적도/(붙임2) 10~21년 서울시 침수흔적도/서울시_2022(최종).shp"},"geometry":{"type":"Polygon","coordinates":[[[127.02335777333816,37.50298241557067],[127.02336257774923,37.50297537788503],[127.02338733659168,37.5029460007569],[127.02341537566743,37.502918515112064],[127.02344635574835,37.50289310121088],[127.02350775186204,37.50284731907983],[127.02373490548422,37.50267779877688],[127.02383125044547,37.50260598005343],[127.02384322429718,37.50259704889667],[127.02386448160193,37.50258325960137],[127.02390021281296,37.50256298037203],[127.02393809357109,37.502545403719196],[127.02397778460146,37.502530529705325],[127.02401894671083,37.50251862869281],[127.02406135369131,37.50250961062339],[127.0241045532589,37.50250374588178],[127.02411337430968,37.50250320359587],[127.02414820611419,37.5025009444323],[127.0241920860775,37.50250120631782],[127.02420045502998,37.50250156511057],[127.02424557952999,37.502503538634286],[127.02442652986873,37.502511252269436],[127.02447414175342,37.502511062827196],[127.02452152615363,37.502506638717385],[127.02453543572187,37.50250400509252],[127.02456777829403,37.50249789001688],[127.02461255894504,37.50248499699308],[127.0246553026657,37.50246804985819],[127.02469521791515,37.502447409169065],[127.02471534423633,37.50243407044148],[127.02471964213701,37.50243533099529],[127.02491089948047,37.502493407677484],[127.02510227018423,37.50255139392693],[127.0251264560758,37.50250084308318],[127.02495487850936,37.502448799537035],[127.02493938335905,37.50244402731828],[127.02474733441757,37.5023857706377],[127.02480000121615,37.50227556815614],[127.02494319527727,37.50197568754508],[127.02500467688152,37.501847102845964],[127.02486680533507,37.50180532384346],[127.0248900018843,37.501846404790484],[127.02482015678738,37.501992650651154],[127.0247278207099,37.50218602310952],[127.02471165894904,37.50221963352763],[127.02469481917807,37.50225504607332],[127.02468249893015,37.50227703285289],[127.02466712476908,37.5022976687318],[127.02464880972985,37.50231677348713],[127.02462800609676,37.50233407672947],[127.02460482690648,37.502349398235715],[127.02457949826074,37.502362467660845],[127.02455258559453,37.50237319479336],[127.02452420191895,37.502381309310636],[127.02449491272566,37.50238690120151],[127.02446494411934,37.50238970012185],[127.02443486159233,37.5023897960613],[127.02436112444511,37.50238665684803],[127.02420030508746,37.5023797501476],[127.02414285409255,37.502379400765165],[127.02408551738368,37.50238301572626],[127.0240287473751,37.502390775144455],[127.02397322258453,37.5024025887918],[127.02391916913446,37.502418276427434],[127.02386703936008,37.502437747867916],[127.02386342091401,37.502439460449466],[127.02381739866357,37.50246082280931],[127.02377058629067,37.502487411091],[127.02372682831604,37.502517152274436],[127.02352771605683,37.50266585428166],[127.02335229065021,37.50299042645974],[127.02335777333816,37.50298241557067]]]}},{"type":"Feature","properties":{"OBJECTID":"7248","GU_NAM":"서초구","F_SHIM":0.5,"F_DISA_NM":"8.8.~ 17. 호우","F_AVR_HGT":15.8,"F_AREA":6008,"ADM_CD":"1165010800","F_SAT_YMD":"20220808","F_END_YMD":"20220810","F_SAT_TM":"13","F_END_TM":"1","F_RSN_DTL":"침수","F_ZONE_NM":"서울특별시 서초구 서초동 1391","INV_YR":"2023","F_YR":"2022","TYPE":"도","layer":"서울시_2022(최종)","path":"D:/김원상/침수흔적도/(붙임2) 10~21년 서울시 침수흔적도/서울시_2022(최종).shp"},"geometry":{"type":"Polygon","coordinates":[[[127.02531558874625,37.50049527234333],[127.02547019702214,37.50054218313235],[127.02550240597998,37.500474781890645],[127.02535650656229,37.50043057238246],[127.02521060731644,37.50038636269372],[127.02509354874194,37.50035088676056],[127.02495986459107,37.50031036841823],[127.02468785962601,37.500227890590224],[127.02466466368864,37.500186809591966],[127.02481034068715,37.4998818829554],[127.02486232752703,37.49977303203157],[127.02490798540802,37.4996774270197],[127.02495963286934,37.499569116715804],[127.02503410898905,37.49941313900237],[127.02509321499974,37.49928932996853],[127.02519741294735,37.49907126738063],[127.02505434390399,37.49902795791998],[127.02507753969604,37.499069038849896],[127.02500283797404,37.49922546714412],[127.02480212493086,37.499645552571245],[127.0246755480099,37.499910561218506],[127.0245530387961,37.500167099536384],[127.0244923489481,37.50029415218534],[127.02429626396732,37.500704685190485],[127.02411972912086,37.50107421866357],[127.02411509534993,37.50108395033565],[127.02390934303847,37.501514829041035],[127.02405235965351,37.50155824799928],[127.02414679933247,37.50158688170218],[127.02447422851883,37.50168628877229],[127.02486680533507,37.50180532384346],[127.02500467688152,37.501847102845964],[127.02519683773441,37.5019053590913],[127.02538368306126,37.50196199430006],[127.02541589270608,37.50189459309805],[127.02522633307103,37.50183714758564],[127.02503677372631,37.50177970176839],[127.02513329012527,37.501577588533394],[127.0252255114602,37.5013846662606],[127.02531535896436,37.501196609780415],[127.02539017500006,37.50103991101835],[127.02546284353738,37.50088798793312],[127.0255353986617,37.50073597472249],[127.02560806658163,37.50058396144039],[127.02547019702214,37.50054218313235],[127.02549339351074,37.500583263969794],[127.02541157122796,37.50075456040589],[127.02531584775366,37.50095505193904],[127.02523097318506,37.50113256574486],[127.02519435607273,37.50120915797486],[127.02511773116946,37.501369551064194],[127.02504246218277,37.501527240833695],[127.02495057927841,37.50171953219285],[127.02489901537731,37.501737922780414],[127.02460698627063,37.501649321958034],[127.0244899260096,37.50161384543495],[127.02443428001934,37.501597007568975],[127.02427899161472,37.50154991536418],[127.02408457034898,37.50149093725513],[127.02406137435105,37.5014498561473],[127.02413800156887,37.501289373644696],[127.02420377870338,37.501151778538095],[127.02426944250632,37.50101418341347],[127.02441500971058,37.50070952762786],[127.02447750827257,37.50057860038147],[127.02451638616189,37.50049732273175],[127.02452441034393,37.50048047249252],[127.02456690458011,37.50039135543118],[127.02460408704754,37.50031368207593],[127.02465565004192,37.50029529161292],[127.02476920222207,37.50032968747195],[127.02490639240887,37.50037128653437],[127.02492561941226,37.50037713921828],[127.02506100017345,37.50041819786008],[127.02517817192705,37.50045367380238],[127.02531558874625,37.50049527234333]]]}},{"type":"Feature","properties":{"OBJECTID":"7249","GU_NAM":"서초구","F_SHIM":0.5,"F_DISA_NM":"8.8.~ 17. 호우","F_AVR_HGT":15.22,"F_AREA":320.16,"ADM_CD":"1165010800","F_SAT_YMD":"20220808","F_END_YMD":"20220810","F_SAT_TM":"13","F_END_TM":"1","F_RSN_DTL":"침수","F_ZONE_NM":"서울특별시 서초구 서초동 1309-5","INV_YR":"2023","F_YR":"2022","TYPE":"상가","layer":"서울시_2022(최종)","path":"D:/김원상/침수흔적도/(붙임2) 10~21년 서울시 침수흔적도/서울시_2022(최종).shp"},"geometry":{"type":"Polygon","coordinates":[[[127.02404146465109,37.501807367173505],[127.02414679933247,37.50158688170218],[127.02405235965351,37.50155824799928],[127.02400079566982,37.50157672829517],[127.02390970118867,37.50176739689602],[127.02404146465109,37.501807367173505]]]}},{"type":"Feature","properties":{"OBJECTID":"7250","GU_NAM":"서초구","F_SHIM":0.5,"F_DISA_NM":"8.8.~ 17. 호우","F_AVR_HGT":15.22,"F_AREA":410.5,"ADM_CD":"1165010800","F_SAT_YMD":"20220808","F_END_YMD":"20220810","F_SAT_TM":"13","F_END_TM":"1","F_RSN_DTL":"침수","F_ZONE_NM":"서울특별시 서초구 서초동 1308-29","INV_YR":"2023","F_YR":"2022","TYPE":"상가","layer":"서울시_2022(최종)","path":"D:/김원상/침수흔적도/(붙임2) 10~21년 서울시 침수흔적도/서울시_2022(최종).shp"},"geometry":{"type":"Polygon","coordinates":[[[127.02440355170341,37.501369907816986],[127.02446922662864,37.50123227654437],[127.02420377870338,37.501151778538095],[127.02413800156887,37.501289373644696],[127.0243698588458,37.50135968800493],[127.02440355170341,37.501369907816986]]]}},{"type":"Feature","properties":{"OBJECTID":"7251","GU_NAM":"서초구","F_SHIM":0.5,"F_DISA_NM":"8.8.~ 17. 호우","F_AVR_HGT":15.22,"F_AREA":410.41,"ADM_CD":"1165010800","F_SAT_YMD":"20220808","F_END_YMD":"20220810","F_SAT_TM":"13","F_END_TM":"1","F_RSN_DTL":"침수","F_ZONE_NM":"서울특별시 서초구 서초동 1308-26","INV_YR":"2023","F_YR":"2022","TYPE":"상가","layer":"서울시_2022(최종)","path":"D:/김원상/침수흔적도/(붙임2) 10~21년 서울시 침수흔적도/서울시_2022(최종).shp"},"geometry":{"type":"Polygon","coordinates":[[[127.02420377870338,37.501151778538095],[127.02446922662864,37.50123227654437],[127.0245349918017,37.5010946992744],[127.02426944250632,37.50101418341347],[127.02420377870338,37.501151778538095]]]}},{"type":"Feature","properties":{"OBJECTID":"7252","GU_NAM":"서초구","F_SHIM":0.5,"F_DISA_NM":"8.8.~ 17. 호우","F_AVR_HGT":14.73,"F_AREA":353.24,"ADM_CD":"1165010800","F_SAT_YMD":"20220808","F_END_YMD":"20220810","F_SAT_TM":"13","F_END_TM":"1","F_RSN_DTL":"침수","F_ZONE_NM":"서울특별시 서초구 서초동 1308-24","INV_YR":"2023","F_YR":"2022","TYPE":"상가","layer":"서울시_2022(최종)","path":"D:/김원상/침수흔적도/(붙임2) 10~21년 서울시 침수흔적도/서울시_2022(최종).shp"},"geometry":{"type":"Polygon","coordinates":[[[127.02441500971058,37.50070952762786],[127.02465514440334,37.50078233559714],[127.02471761997192,37.50065135416999],[127.02465870603946,37.50063349892003],[127.02447750827257,37.50057860038147],[127.02441500971058,37.50070952762786]]]}},{"type":"Feature","properties":{"OBJECTID":"7253","GU_NAM":"서초구","F_SHIM":0.7,"F_DISA_NM":"8.8.~ 17. 호우","F_AVR_HGT":18.87,"F_AREA":1718.46,"ADM_CD":"1165010800","F_SAT_YMD":"20220808","F_END_YMD":"20220810","F_SAT_TM":"13","F_END_TM":"1","F_RSN_DTL":"침수","F_ZONE_NM":"서울특별시 서초구 서초동 1393","INV_YR":"2023","F_YR":"2022","TYPE":"도","layer":"서울시_2022(최종)","path":"D:/김원상/침수흔적도/(붙임2) 10~21년 서울시 침수흔적도/서울시_2022(최종).shp"},"geometry":{"type":"Polygon","coordinates":[[[127.02601916277042,37.50063144962802],[127.025810378743,37.50056815253374],[127.02564016234396,37.50051656018468],[127.02572356598911,37.500341839464035],[127.02583341418168,37.50011197211209],[127.02594586088814,37.499876427819],[127.02601988329072,37.49972162088492],[127.02607480648939,37.499606461823475],[127.02610667547461,37.49953978127618],[127.02611921789828,37.499508243703254],[127.02612723646958,37.49947571597248],[127.02614204015788,37.49944273632747],[127.02612947655238,37.49940967228515],[127.02612358522478,37.499376877151455],[127.02611498157036,37.499349488575646],[127.02596625649636,37.49930437940112],[127.0259704421205,37.499308613229836],[127.02598684621127,37.499328161510235],[127.02600031047096,37.49934906189601],[127.0260109478681,37.49937095396506],[127.02601830601988,37.49939374771214],[127.02602249786429,37.499416992614954],[127.02602329713433,37.49944041842108],[127.0260215383868,37.499457015185975],[127.02598996982326,37.499543409505044],[127.02590555056537,37.49972020294445],[127.02581344608429,37.49991303567848],[127.02573671082685,37.50007369952679],[127.02565997524076,37.50023436332098],[127.0255539688646,37.5004563910361],[127.02550240597998,37.500474781890645],[127.02547019702214,37.50054218313235],[127.02560806658163,37.50058396144039],[127.02598695420993,37.50069885100869],[127.02601916277042,37.50063144962802]]]}},{"type":"Feature","properties":{"OBJECTID":"7254","GU_NAM":"서초구","F_SHIM":0.5,"F_DISA_NM":"8.8.~ 17. 호우","F_AVR_HGT":18.67,"F_AREA":485.69,"ADM_CD":"1165010800","F_SAT_YMD":"20220808","F_END_YMD":"20220810","F_SAT_TM":"13","F_END_TM":"1","F_RSN_DTL":"침수","F_ZONE_NM":"서울특별시 서초구 서초동 1306-5","INV_YR":"2023","F_YR":"2022","TYPE":"상가","layer":"서울시_2022(최종)","path":"D:/김원상/침수흔적도/(붙임2) 10~21년 서울시 침수흔적도/서울시_2022(최종).shp"},"geometry":{"type":"Polygon","coordinates":[[[127.0262124128588,37.50022686094399],[127.02632497163545,37.499991316271384],[127.02614141040448,37.49993567294603],[127.02602894162342,37.50017127148728],[127.0262124128588,37.50022686094399]]]}},{"type":"Feature","properties":{"OBJECTID":"7255","GU_NAM":"서초구","F_SHIM":1.8,"F_DISA_NM":"8.8.~ 17. 호우","F_AVR_HGT":17.05,"F_AREA":5722.62,"ADM_CD":"1165010800","F_SAT_YMD":"20220808","F_END_YMD":"20220810","F_SAT_TM":"13","F_END_TM":"1","F_RSN_DTL":"침수","F_ZONE_NM":"서울특별시 서초구 서초동 1417","INV_YR":"2023","F_YR":"2022","TYPE":"도","layer":"서울시_2022(최종)","path":"D:/김원상/침수흔적도/(붙임2) 10~21년 서울시 침수흔적도/서울시_2022(최종).shp"},"geometry":{"type":"Polygon","coordinates":[[[127.02653776901602,37.499545817555116],[127.02664670948036,37.49931784170622],[127.02620471870608,37.499183866251464],[127.02600114107251,37.499122100088336],[127.0259763724969,37.49911462692746],[127.02579959954956,37.49906096385452],[127.02575730076784,37.499048178355494],[127.02559749289013,37.49899973729151],[127.02543768521879,37.49895129601088],[127.02527787775377,37.49890285451368],[127.02513480898531,37.49885954514914],[127.02494107262906,37.498800838584586],[127.0248070520076,37.49876013992517],[127.02446889095815,37.4986575823152],[127.02435172234638,37.498622105657596],[127.0240144673143,37.49851981686892],[127.02383192925619,37.49846444004553],[127.02363570680183,37.498404920906545],[127.02355535195389,37.49857342274911],[127.02359278694573,37.49858476834809],[127.02479048651453,37.49894791138346],[127.02505434390399,37.49902795791998],[127.02519741294735,37.49907126738063],[127.02538945371974,37.49912943326525],[127.0255248325107,37.499170581484805],[127.02567785478632,37.49921695173591],[127.0257200405622,37.49922973728618],[127.02594160095165,37.49929690620979],[127.02596625649636,37.49930437940112],[127.02611498157036,37.499349488575646],[127.02630012472493,37.499405582115436],[127.02649148862051,37.49946356614736],[127.02653776901602,37.499545817555116]]]}},{"type":"Feature","properties":{"OBJECTID":"7256","GU_NAM":"서초구","F_SHIM":1.8,"F_DISA_NM":"8.8.~ 17. 호우","F_AVR_HGT":15.75,"F_AREA":1578.95,"ADM_CD":"1165010800","F_SAT_YMD":"20220808","F_END_YMD":"20220810","F_SAT_TM":"13","F_END_TM":"1","F_RSN_DTL":"침수","F_ZONE_NM":"서울특별시 서초구 서초동 1395","INV_YR":"2023","F_YR":"2022","TYPE":"도","layer":"서울시_2022(최종)","path":"D:/김원상/침수흔적도/(붙임2) 10~21년 서울시 침수흔적도/서울시_2022(최종).shp"},"geometry":{"type":"Polygon","coordinates":[[[127.02513480898531,37.49885954514914],[127.02527787775377,37.49890285451368],[127.02536568794116,37.49871903302117],[127.0254295393918,37.49858549205673],[127.02553181410124,37.49837112363348],[127.02562301336434,37.49818027345117],[127.02571421213446,37.49798933309251],[127.02580541046963,37.497798482757254],[127.0259106213392,37.49757825687906],[127.02580521556473,37.49754584262429],[127.02570000440204,37.49776597831003],[127.02563931843851,37.49789303159892],[127.02562327112499,37.497926732242746],[127.02553467135641,37.498111995710495],[127.0254538689749,37.49828121974247],[127.02537295317117,37.498450533837165],[127.02529181097185,37.49862029841668],[127.02518637082126,37.49884106435039],[127.02513480898531,37.49885954514914]]]}},{"type":"Feature","properties":{"OBJECTID":"7257","GU_NAM":"서초구","F_SHIM":0.7,"F_DISA_NM":"8.8.~ 17. 호우","F_AVR_HGT":13,"F_AREA":16171.52,"ADM_CD":"1165010800","F_SAT_YMD":"20220808","F_END_YMD":"20220810","F_SAT_TM":"13","F_END_TM":"1","F_RSN_DTL":"침수","F_ZONE_NM":"서울특별시 서초구 서초동 1377","INV_YR":"2023","F_YR":"2022","TYPE":"도","layer":"서울시_2022(최종)","path":"D:/김원상/침수흔적도/(붙임2) 10~21년 서울시 침수흔적도/서울시_2022(최종).shp"},"geometry":{"type":"Polygon","coordinates":[[[127.02724868371536,37.49805720547102],[127.02739774745709,37.49774507581399],[127.02721837526833,37.497689973821764],[127.02702464005961,37.49763054986247],[127.02689276907768,37.49759003329656],[127.02684221481809,37.49757454695793],[127.02662586086089,37.49750809939598],[127.02651740128367,37.497474785426],[127.02647510321457,37.497461819980415],[127.02633983995338,37.49742031241349],[127.02620548160887,37.4973790748021],[127.02603131359558,37.497325591714954],[127.02592579503963,37.49729317758973],[127.02572946067303,37.4972329411399],[127.02554172184743,37.49717522541348],[127.0251860368008,37.49706609609521],[127.02514385227636,37.49705313014928],[127.02497126909584,37.49700009567896],[127.02477934696121,37.49694120826996],[127.02462214519278,37.49689294555533],[127.02446494362655,37.49684468263107],[127.02410473790034,37.49673401923003],[127.02393000740945,37.49668035294657],[127.02379565171447,37.496639112588575],[127.02336883586412,37.49650809689603],[127.02308010834685,37.49641949160714],[127.02263881908839,37.496283970915776],[127.02255445181389,37.49625803718588],[127.02226776186296,37.49616997014456],[127.02199000688869,37.496084693956476],[127.02194771038552,37.49607172688645],[127.02185746279712,37.49604399167564],[127.02180487495649,37.49602786381771],[127.02170569321702,37.49599743603622],[127.02161088666497,37.49625802123509],[127.0216364455407,37.49626585558016],[127.02169300306096,37.496283217203775],[127.02398449246711,37.49698677246711],[127.0243446992302,37.49709743622966],[127.024649377288,37.49719099079129],[127.02483462735476,37.49724789752756],[127.02502349674982,37.49730588445174],[127.02506568139569,37.497318850440045],[127.02544070686864,37.49743392279595],[127.02553661224573,37.49746336601105],[127.02564405351987,37.497496410789736],[127.02580521556473,37.49754584262429],[127.0259106213392,37.49757825687906],[127.02615004654538,37.49765172873562],[127.02638935913521,37.497725200129715],[127.02643154425284,37.497738165629244],[127.02671869745535,37.4978263125429],[127.02677207929888,37.49784269932845],[127.02690406374552,37.49788321600291],[127.0269990654949,37.49791238792285],[127.02720264091188,37.49797487317925],[127.02724868371536,37.49805720547102]]]}},{"type":"Feature","properties":{"OBJECTID":"7258","GU_NAM":"서초구","F_SHIM":1.8,"F_DISA_NM":"8.8.~ 17. 호우","F_AVR_HGT":17.03,"F_AREA":728.5,"ADM_CD":"1165010800","F_SAT_YMD":"20220808","F_END_YMD":"20220810","F_SAT_TM":"13","F_END_TM":"1","F_RSN_DTL":"침수","F_ZONE_NM":"서울특별시 서초구 서초동 1386","INV_YR":"2023","F_YR":"2022","TYPE":"도","layer":"서울시_2022(최종)","path":"D:/김원상/침수흔적도/(붙임2) 10~21년 서울시 침수흔적도/서울시_2022(최종).shp"},"geometry":{"type":"Polygon","coordinates":[[[127.02155037561278,37.49795028836582],[127.02157107983057,37.49794370755935],[127.02159561783945,37.497937846897116],[127.02161256003721,37.497860808588236],[127.02160971327487,37.49778755783967],[127.02159408759418,37.497713228063404],[127.02144117859426,37.49722085787162],[127.02141696660168,37.49717599218875],[127.0213613211977,37.49731726922282],[127.02149413460043,37.49776721485831],[127.02155037561278,37.49795028836582]]]}},{"type":"Feature","properties":{"OBJECTID":"7259","GU_NAM":"서초구","F_SHIM":1.8,"F_DISA_NM":"8.8.~ 17. 호우","F_AVR_HGT":15.86,"F_AREA":660.67,"ADM_CD":"1165010800","F_SAT_YMD":"20220808","F_END_YMD":"20220810","F_SAT_TM":"13","F_END_TM":"1","F_RSN_DTL":"침수","F_ZONE_NM":"서울특별시 서초구 서초동 1316-4","INV_YR":"2023","F_YR":"2022","TYPE":"상가","layer":"서울시_2022(최종)","path":"D:/김원상/침수흔적도/(붙임2) 10~21년 서울시 침수흔적도/서울시_2022(최종).shp"},"geometry":{"type":"Polygon","coordinates":[[[127.02434248056605,37.497833291735006],[127.024355883963,37.49780525906049],[127.02440470571126,37.497703202445265],[127.02441653815684,37.497678377624666],[127.02403691044601,37.4975632218099],[127.02396311230218,37.49771820771603],[127.02434248056605,37.497833291735006]]]}},{"type":"Feature","properties":{"OBJECTID":"7260","GU_NAM":"서초구","F_SHIM":1.8,"F_DISA_NM":"8.8.~ 17. 호우","F_AVR_HGT":14.1,"F_AREA":4284.4,"ADM_CD":"1165010800","F_SAT_YMD":"20220808","F_END_YMD":"20220810","F_SAT_TM":"13","F_END_TM":"1","F_RSN_DTL":"침수","F_ZONE_NM":"서울특별시 서초구 서초동 1316-5","INV_YR":"2023","F_YR":"2022","TYPE":"상가","layer":"서울시_2022(최종)","path":"D:/김원상/침수흔적도/(붙임2) 10~21년 서울시 침수흔적도/서울시_2022(최종).shp"},"geometry":{"type":"Polygon","coordinates":[[[127.0247305823863,37.49791889212542],[127.0247793697589,37.49781679031414],[127.0248478775447,37.4976734368454],[127.0249229171037,37.497516377841535],[127.0250033921686,37.49734796511491],[127.02481451137456,37.497289978161234],[127.02462926121916,37.49723307139388],[127.02432469612722,37.49713960685916],[127.0242213480659,37.49717620733588],[127.0242053002683,37.49720990779138],[127.02414913280884,37.49732767916709],[127.02409307825792,37.49744545049217],[127.02403691044601,37.4975632218099],[127.02441653815684,37.497678377624666],[127.02440470571126,37.497703202445265],[127.024355883963,37.49780525906049],[127.0247305823863,37.49791889212542]]]}},{"type":"Feature","properties":{"OBJECTID":"7261","GU_NAM":"서초구","F_SHIM":0.5,"F_DISA_NM":"8.8.~ 17. 호우","F_AVR_HGT":14.43,"F_AREA":330.49,"ADM_CD":"1165010800","F_SAT_YMD":"20220808","F_END_YMD":"20220810","F_SAT_TM":"13","F_END_TM":"1","F_RSN_DTL":"침수","F_ZONE_NM":"서울특별시 서초구 서초동 1679-4","INV_YR":"2023","F_YR":"2022","TYPE":"상가","layer":"서울시_2022(최종)","path":"D:/김원상/침수흔적도/(붙임2) 10~21년 서울시 침수흔적도/서울시_2022(최종).shp"},"geometry":{"type":"Polygon","coordinates":[[[127.02083812713659,37.49548708379891],[127.02087457128027,37.49539110336224],[127.02063844204926,37.495334198643455],[127.02058884372344,37.495464851594676],[127.02082495071188,37.495521756414945],[127.02083812713659,37.49548708379891]]]}},{"type":"Feature","properties":{"OBJECTID":"7266","GU_NAM":"서초구","F_SHIM":0.7,"F_DISA_NM":"8.8.~ 17. 호우","F_AVR_HGT":18.81,"F_AREA":559.29,"ADM_CD":"1165010800","F_SAT_YMD":"20220808","F_END_YMD":"20220810","F_SAT_TM":"13","F_END_TM":"1","F_RSN_DTL":"침수","F_ZONE_NM":"서울특별시 서초구 서초동 1337-6","INV_YR":"2023","F_YR":"2022","TYPE":"상가","layer":"서울시_2022(최종)","path":"D:/김원상/침수흔적도/(붙임2) 10~21년 서울시 침수흔적도/서울시_2022(최종).shp"},"geometry":{"type":"Polygon","coordinates":[[[127.02914142762006,37.49137625316833],[127.02924380631053,37.49116195332654],[127.02904624163763,37.49110208301249],[127.02899468603947,37.49112047541785],[127.0289065546358,37.49130493061806],[127.02912029141103,37.49136984298724],[127.02914142762006,37.49137625316833]]]}},{"type":"Feature","properties":{"OBJECTID":"7267","GU_NAM":"서초구","F_SHIM":0.7,"F_DISA_NM":"8.8.~ 17. 호우","F_AVR_HGT":18.81,"F_AREA":1740.51,"ADM_CD":"1165010800","F_SAT_YMD":"20220808","F_END_YMD":"20220810","F_SAT_TM":"13","F_END_TM":"1","F_RSN_DTL":"침수","F_ZONE_NM":"서울특별시 서초구 서초동 1337-2","INV_YR":"2023","F_YR":"2022","TYPE":"상가","layer":"서울시_2022(최종)","path":"D:/김원상/침수흔적도/(붙임2) 10~21년 서울시 침수흔적도/서울시_2022(최종).shp"},"geometry":{"type":"Polygon","coordinates":[[[127.02889692562238,37.49221710534525],[127.02907987911034,37.49183404768285],[127.02909579931712,37.4918007069646],[127.02872385025368,37.49168780778919],[127.02852498610048,37.49210420554984],[127.02889692562238,37.49221710534525]]]}},{"type":"Feature","properties":{"OBJECTID":"7268","GU_NAM":"서초구","F_SHIM":0.7,"F_DISA_NM":"8.8.~ 17. 호우","F_AVR_HGT":18.67,"F_AREA":1604.46,"ADM_CD":"1165010800","F_SAT_YMD":"20220808","F_END_YMD":"20220810","F_SAT_TM":"13","F_END_TM":"1","F_RSN_DTL":"침수","F_ZONE_NM":"서울특별시 서초구 서초동 1338-1","INV_YR":"2023","F_YR":"2022","TYPE":"상가","layer":"서울시_2022(최종)","path":"D:/김원상/침수흔적도/(붙임2) 10~21년 서울시 침수흔적도/서울시_2022(최종).shp"},"geometry":{"type":"Polygon","coordinates":[[[127.02961377096823,37.490510082355165],[127.02971566261448,37.49054096239043],[127.02998625828322,37.49062296961269],[127.03008976332481,37.490406172968605],[127.02987302038959,37.4903404791935],[127.02981915701788,37.490324165982805],[127.02943104286877,37.49020657866378],[127.02932754750893,37.49042338374615],[127.02961377096823,37.490510082355165]]]}},{"type":"Feature","properties":{"OBJECTID":"7269","GU_NAM":"서초구","F_SHIM":0.7,"F_DISA_NM":"8.8.~ 17. 호우","F_AVR_HGT":18.71,"F_AREA":429.04,"ADM_CD":"1165010800","F_SAT_YMD":"20220808","F_END_YMD":"20220810","F_SAT_TM":"13","F_END_TM":"1","F_RSN_DTL":"침수","F_ZONE_NM":"서울특별시 서초구 서초동 1338-5","INV_YR":"2023","F_YR":"2022","TYPE":"상가","layer":"서울시_2022(최종)","path":"D:/김원상/침수흔적도/(붙임2) 10~21년 서울시 침수흔적도/서울시_2022(최종).shp"},"geometry":{"type":"Polygon","coordinates":[[[127.02974727069419,37.49010027558871],[127.029826111486,37.48993572504872],[127.0295939678131,37.48986542132329],[127.02951544322234,37.490030052725544],[127.02974727069419,37.49010027558871]]]}},{"type":"Feature","properties":{"OBJECTID":"7270","GU_NAM":"서초구","F_SHIM":0.7,"F_DISA_NM":"8.8.~ 17. 호우","F_AVR_HGT":19.52,"F_AREA":380.14,"ADM_CD":"1165010800","F_SAT_YMD":"20220808","F_END_YMD":"20220810","F_SAT_TM":"13","F_END_TM":"1","F_RSN_DTL":"침수","F_ZONE_NM":"서울특별시 서초구 서초동 1339-2","INV_YR":"2023","F_YR":"2022","TYPE":"상가","layer":"서울시_2022(최종)","path":"D:/김원상/침수흔적도/(붙임2) 10~21년 서울시 침수흔적도/서울시_2022(최종).shp"},"geometry":{"type":"Polygon","coordinates":[[[127.02997606364676,37.48944310309008],[127.03007847118454,37.48922865828807],[127.02992116910397,37.48918040258313],[127.02981846740389,37.48939540594134],[127.02997606364676,37.48944310309008]]]}},{"type":"Feature","properties":{"OBJECTID":"7271","GU_NAM":"서초구","F_SHIM":0.7,"F_DISA_NM":"8.8.~ 17. 호우","F_AVR_HGT":19.78,"F_AREA":6076.63,"ADM_CD":"1165010800","F_SAT_YMD":"20220808","F_END_YMD":"20220810","F_SAT_TM":"13","F_END_TM":"1","F_RSN_DTL":"침수","F_ZONE_NM":"서울특별시 서초구 서초동 1403","INV_YR":"2023","F_YR":"2022","TYPE":"도","layer":"서울시_2022(최종)","path":"D:/김원상/침수흔적도/(붙임2) 10~21년 서울시 침수흔적도/서울시_2022(최종).shp"},"geometry":{"type":"Polygon","coordinates":[[[127.03159206534328,37.488961676653474],[127.03162426383275,37.48889427361382],[127.03134528163991,37.48880965032409],[127.03117508812605,37.48875806583687],[127.03097967685498,37.48869882889032],[127.03078946778243,37.488641122032135],[127.03069979143775,37.488613933998465],[127.03061271611693,37.48858755615661],[127.03050098839073,37.48855370599571],[127.0303889214817,37.4885196756117],[127.03029313888297,37.488490686759555],[127.03026994350952,37.488449606779334],[127.03031298905185,37.488359406135274],[127.03036947919959,37.488241271172235],[127.03038156805263,37.488215950101704],[127.03043873578389,37.48809619313598],[127.03049906680266,37.48796994815945],[127.03054358049008,37.48787659356153],[127.03058560858021,37.48778855546105],[127.03063339849918,37.48768853261508],[127.03066650109461,37.48761914739734],[127.03071429076283,37.48751903441574],[127.03077236132255,37.48739756514999],[127.0308239139267,37.487379171958445],[127.03091732059963,37.48740753027668],[127.03102090479086,37.48743885928244],[127.03110797892151,37.48746523682911],[127.03121733054769,37.487498366219235],[127.03134929900972,37.48753842750532],[127.03148692175913,37.4875801090109],[127.0315291019785,37.48759289251457],[127.03166548101215,37.48763421372736],[127.03180333028938,37.48767598490598],[127.03184562372309,37.487688858367434],[127.03198483018964,37.48773098938573],[127.03215490885877,37.48778257274567],[127.03218710637397,37.48771525963956],[127.03167404438473,37.48755969878166],[127.03153133281137,37.48751648708548],[127.03139393629367,37.48747480557392],[127.03126128942978,37.48743456430789],[127.03112841653316,37.48739423284925],[127.03108612342405,37.48738144923033],[127.03095031058737,37.487340307405994],[127.0308556600794,37.48731158902207],[127.03067133867968,37.48726532320733],[127.03055011394677,37.487228592225435],[127.03039451221436,37.48718141791673],[127.03000155083794,37.48706222079954],[127.02988451079595,37.48702674952562],[127.02945660880317,37.4868970172666],[127.02916949462863,37.48680995802948],[127.02914520341328,37.48686041975973],[127.02936345095814,37.486926592086355],[127.0306476137453,37.48731596530284],[127.03067069594,37.48735713534491],[127.03016432267816,37.48841755681414],[127.03011276919882,37.48843594971498],[127.02883006009296,37.48804702092665],[127.02861180975812,37.48798084762846],[127.02857983509452,37.488048249806766],[127.02875477471098,37.48810127854608],[127.02886887575919,37.488135940712255],[127.0289776619553,37.488168892102195],[127.0290897277009,37.48820292382722],[127.02919998417983,37.488236325169225],[127.02941450402895,37.488301417058025],[127.02955608506568,37.48834436127333],[127.02969133353308,37.4883853246275],[127.02982443359032,37.48842574774097],[127.0299639795732,37.48846806125365],[127.03007208823463,37.48850083159689],[127.03009528351554,37.48854191161565],[127.03003709807439,37.488663831053245],[127.02997721770033,37.48878926477011],[127.02992773149168,37.4888928917422],[127.03003323995651,37.48892530234354],[127.03020090449259,37.48857396164183],[127.03025245804513,37.48855556870295],[127.03051922490367,37.48863650347377],[127.03068251948018,37.48868592820878],[127.03082206643045,37.48872824070573],[127.03096127428736,37.488770463022],[127.03109822057996,37.48881196493973],[127.03125574860923,37.488859768523525],[127.03141338987517,37.48890748176816],[127.03159206534328,37.488961676653474]]]}},{"type":"Feature","properties":{"OBJECTID":"7272","GU_NAM":"서초구","F_SHIM":0.7,"F_DISA_NM":"8.8.~ 17. 호우","F_AVR_HGT":21.09,"F_AREA":541.12,"ADM_CD":"1165010800","F_SAT_YMD":"20220808","F_END_YMD":"20220810","F_SAT_TM":"13","F_END_TM":"1","F_RSN_DTL":"침수","F_ZONE_NM":"서울특별시 서초구 서초동 1344-19","INV_YR":"2023","F_YR":"2022","TYPE":"도","layer":"서울시_2022(최종)","path":"D:/김원상/침수흔적도/(붙임2) 10~21년 서울시 침수흔적도/서울시_2022(최종).shp"},"geometry":{"type":"Polygon","coordinates":[[[127.0286372556226,37.48736905328974],[127.02865964586351,37.48737581466405],[127.0286758026279,37.48734211352248],[127.02813946719611,37.487180118516704],[127.02763194712391,37.48702681837406],[127.02752105735266,37.48679024001046],[127.02754444824514,37.48674887892045],[127.02742743440328,37.486784494173136],[127.02747877402146,37.48680295342104],[127.02755392997926,37.48696330602373],[127.02759679232874,37.487054757164465],[127.0277088557213,37.48708861000637],[127.02788864360835,37.48714291838346],[127.02812588848015,37.487214584855984],[127.02830809691876,37.48726962185907],[127.0286372556226,37.48736905328974]]]}},{"type":"Feature","properties":{"OBJECTID":"7273","GU_NAM":"서초구","F_SHIM":0.5,"F_DISA_NM":"8.8.~ 17. 호우","F_AVR_HGT":12.41,"F_AREA":2019.63,"ADM_CD":"1165010700","F_SAT_YMD":"20220808","F_END_YMD":"20220810","F_SAT_TM":"13","F_END_TM":"1","F_RSN_DTL":"침수","F_ZONE_NM":"서울특별시 서초구 반포동 749-58","INV_YR":"2023","F_YR":"2022","TYPE":"도","layer":"서울시_2022(최종)","path":"D:/김원상/침수흔적도/(붙임2) 10~21년 서울시 침수흔적도/서울시_2022(최종).shp"},"geometry":{"type":"Polygon","coordinates":[[[127.01901726202748,37.50417169919194],[127.01903431771358,37.50417580521598],[127.0190949287544,37.50419041040383],[127.01932469446336,37.504245769361766],[127.01942398638062,37.504269693874825],[127.01956985366368,37.50430484664348],[127.01972039218873,37.504341115749845],[127.01995747652373,37.50439823830406],[127.02008706890634,37.5044294646206],[127.02026295414797,37.50447183781524],[127.02043452477038,37.50449091162661],[127.0206108289944,37.504445202656655],[127.02064249157328,37.5044289795681],[127.0206787891372,37.5044052774346],[127.02070490865307,37.504383739338984],[127.02071146679772,37.504378332284645],[127.02062764013775,37.50428797575796],[127.02060864519531,37.504307800789135],[127.02058682238072,37.50432573417753],[127.02056262400599,37.50434150554922],[127.02053627623934,37.50435502476656],[127.02050823139473,37.50436602145594],[127.0204787156421,37.504374405480064],[127.02044818129698,37.5043799064659],[127.02043325305411,37.50438125134444],[127.02041708078946,37.50438270453991],[127.02038586643603,37.50438252932999],[127.02035476447631,37.504379560999524],[127.02032434036772,37.504373709358894],[127.0202876952759,37.50436487639504],[127.02026962155978,37.504360527444256],[127.02025523497257,37.504357060884075],[127.02008296926564,37.50431555206656],[127.01993027037078,37.50427876117987],[127.01987446592182,37.504265308951744],[127.01960623387896,37.50420067667812],[127.01948895884983,37.50417242125369],[127.01937974804117,37.50414610163984],[127.01932573079453,37.504133090371056],[127.01920879528056,37.504104915706854],[127.01910623502258,37.50408019862046],[127.01904571454874,37.504065611444695],[127.01897944856054,37.504049646559984],[127.01884555033507,37.50407579522457],[127.01880868991599,37.50406363714966],[127.01878867302372,37.50411661877278],[127.01879248453422,37.504117537233604],[127.01879716692558,37.504118671806545],[127.01893843039613,37.50415270879133],[127.01901326954894,37.50417073571526],[127.01901726202748,37.50417169919194]]]}},{"type":"Feature","properties":{"OBJECTID":"7274","GU_NAM":"서초구","F_SHIM":1.8,"F_DISA_NM":"8.8.~ 17. 호우","F_AVR_HGT":15.06,"F_AREA":14980.17,"ADM_CD":"1165010800","F_SAT_YMD":"20220808","F_END_YMD":"20220810","F_SAT_TM":"13","F_END_TM":"1","F_RSN_DTL":"침수","F_ZONE_NM":"서울특별시 서초구 서초동 1379","INV_YR":"2023","F_YR":"2022","TYPE":"도","layer":"서울시_2022(최종)","path":"D:/김원상/침수흔적도/(붙임2) 10~21년 서울시 침수흔적도/서울시_2022(최종).shp"},"geometry":{"type":"Polygon","coordinates":[[[127.02099617500339,37.50325438046288],[127.02135719872254,37.503363521381345],[127.02131080858064,37.50328135811554],[127.0213720712972,37.50315277537146],[127.02150262126597,37.502878939952],[127.02169397981444,37.5024776027253],[127.02169747240683,37.50247030404124],[127.02171296866756,37.50243795554841],[127.02180056554634,37.50225413685167],[127.02183277853763,37.502186736628964],[127.0222076877327,37.50140028001764],[127.02221082983989,37.50139369316738],[127.02258111978756,37.50061697587084],[127.02258586676774,37.50060706403822],[127.02273257004815,37.500299346705276],[127.02282818645381,37.50009867706171],[127.02313899285485,37.49944674790344],[127.02354111180621,37.49860324847326],[127.02355535195389,37.49857342274911],[127.02363570680183,37.498404920906545],[127.02373527403844,37.498196320932536],[127.02381280256905,37.498033315585005],[127.02396311230218,37.49771820771603],[127.02403691044601,37.4975632218099],[127.02409307825792,37.49744545049217],[127.02414913280884,37.49732767916709],[127.0242053002683,37.49720990779138],[127.02424146434845,37.49713412680231],[127.0243446992302,37.49709743622966],[127.02398449246711,37.49698677246711],[127.02403054244225,37.49706911503606],[127.0234082813594,37.498374509497495],[127.02334397450979,37.49850931085752],[127.02320168496955,37.49880783804295],[127.02312291100074,37.4989730956934],[127.02306854885782,37.49908717209433],[127.02298604465642,37.49926026901699],[127.0227979788409,37.4996547603706],[127.02276576780386,37.49972216088504],[127.02218347349232,37.50094347793658],[127.02161675817008,37.50213217307002],[127.02123776999582,37.50292709777466],[127.02109930675799,37.50321751258077],[127.02099617500339,37.50325438046288]]]}},{"type":"Feature","properties":{"OBJECTID":"7275","GU_NAM":"서초구","F_SHIM":0.5,"F_DISA_NM":"8.8.~ 17. 호우","F_AVR_HGT":15.22,"F_AREA":489.25,"ADM_CD":"1165010800","F_SAT_YMD":"20220808","F_END_YMD":"20220810","F_SAT_TM":"13","F_END_TM":"1","F_RSN_DTL":"침수","F_ZONE_NM":"서울특별시 서초구 서초동 1308","INV_YR":"2023","F_YR":"2022","TYPE":"상가","layer":"서울시_2022(최종)","path":"D:/김원상/침수흔적도/(붙임2) 10~21년 서울시 침수흔적도/서울시_2022(최종).shp"},"geometry":{"type":"Polygon","coordinates":[[[127.02427899161472,37.50154991536418],[127.0243698588458,37.50135968800493],[127.02413800156887,37.501289373644696],[127.02406137435105,37.5014498561473],[127.02408457034898,37.50149093725513],[127.02427899161472,37.50154991536418]]]}},{"type":"Feature","properties":{"OBJECTID":"7276","GU_NAM":"서초구","F_SHIM":1.8,"F_DISA_NM":"8.8.~ 17. 호우","F_AVR_HGT":17.05,"F_AREA":1600.02,"ADM_CD":"1165010800","F_SAT_YMD":"20220808","F_END_YMD":"20220810","F_SAT_TM":"13","F_END_TM":"1","F_RSN_DTL":"침수","F_ZONE_NM":"서울특별시 서초구 서초동 1316-17","INV_YR":"2023","F_YR":"2022","TYPE":"상가","layer":"서울시_2022(최종)","path":"D:/김원상/침수흔적도/(붙임2) 10~21년 서울시 침수흔적도/서울시_2022(최종).shp"},"geometry":{"type":"Polygon","coordinates":[[[127.02446889095815,37.4986575823152],[127.0248070520076,37.49876013992517],[127.02492676668011,37.49850955744027],[127.02498888961149,37.49837952193808],[127.02461330634073,37.498265619574894],[127.0244456955993,37.49861641116285],[127.02446889095815,37.4986575823152]]]}},{"type":"Feature","properties":{"OBJECTID":"7277","GU_NAM":"서초구","F_SHIM":0.7,"F_DISA_NM":"8.8.~ 17. 호우","F_AVR_HGT":18.29,"F_AREA":5334.03,"ADM_CD":"1165010800","F_SAT_YMD":"20220808","F_END_YMD":"20220810","F_SAT_TM":"13","F_END_TM":"1","F_RSN_DTL":"침수","F_ZONE_NM":"서울특별시 서초구 서초동 1396","INV_YR":"2023","F_YR":"2022","TYPE":"도","layer":"서울시_2022(최종)","path":"D:/김원상/침수흔적도/(붙임2) 10~21년 서울시 침수흔적도/서울시_2022(최종).shp"},"geometry":{"type":"Polygon","coordinates":[[[127.02702464005961,37.49763054986247],[127.02709413778979,37.49748502346531],[127.02711493056,37.49744150069962],[127.02722951630221,37.497201449618736],[127.02728522689448,37.497084848175334],[127.02734071126943,37.49696860715255],[127.02742523713371,37.4967918125821],[127.02748591915001,37.4966646682534],[127.0275756423473,37.496476880231434],[127.02766536509553,37.49628909213551],[127.02773169631872,37.496150143326894],[127.02810536242882,37.49626349565027],[127.02813756718248,37.49619609364244],[127.02776378827689,37.49608274144464],[127.02780254725667,37.49600164287819],[127.02784119307013,37.49592054432317],[127.0278967887736,37.495804212891635],[127.027962621988,37.495666426342524],[127.02800566317492,37.49557634378008],[127.02804795847251,37.49548782910721],[127.02809905620649,37.49538087798716],[127.02813589344895,37.49530365403221],[127.02817273061561,37.49522643006478],[127.02820968078784,37.49514920605931],[127.02830697109984,37.49494546803103],[127.02835488162818,37.494845266000404],[127.02843454383203,37.49467847284528],[127.02851590059088,37.494508075245875],[127.02870250379566,37.49456461523475],[127.02888955966966,37.49462133502338],[127.0289217630472,37.49455402288338],[127.0285479911424,37.4944406731322],[127.02837857842971,37.49438935478908],[127.02834637463523,37.494456666783066],[127.0283695708472,37.4944978371985],[127.02829601044593,37.49465174463706],[127.02824358016613,37.494761588365755],[127.02819114973286,37.49487143206917],[127.02813871911408,37.49498118564737],[127.02808628837387,37.495091029300234],[127.02804278428815,37.49518213013294],[127.02799012719936,37.495292244090116],[127.0279476398539,37.49538118225795],[127.0278952085862,37.495491115918696],[127.02784266405122,37.49560095947942],[127.02779023247614,37.49571089308957],[127.0277376876336,37.495820736599555],[127.02764593167585,37.496012940112315],[127.02758536347781,37.49613990431224],[127.02756185935276,37.49618919416429],[127.02748818261611,37.496343281281426],[127.02741552264317,37.49649538592712],[127.02734297545929,37.49664749049959],[127.02728929936592,37.49675994693816],[127.0272355099968,37.49687231327491],[127.0270851025626,37.497187245172114],[127.02700385264258,37.497357371386386],[127.0269119799021,37.497549754504256],[127.02689276907768,37.49759003329656],[127.02702464005961,37.49763054986247]]]}},{"type":"Feature","properties":{"OBJECTID":"7281","GU_NAM":"서초구","F_SHIM":0.7,"F_DISA_NM":"8.8.~ 17. 호우","F_AVR_HGT":16.51,"F_AREA":1122.1,"ADM_CD":"1165010800","F_SAT_YMD":"20220808","F_END_YMD":"20220810","F_SAT_TM":"13","F_END_TM":"1","F_RSN_DTL":"침수","F_ZONE_NM":"서울특별시 서초구 서초동 1327-33","INV_YR":"2023","F_YR":"2022","TYPE":"상가","layer":"서울시_2022(최종)","path":"D:/김원상/침수흔적도/(붙임2) 10~21년 서울시 침수흔적도/서울시_2022(최종).shp"},"geometry":{"type":"Polygon","coordinates":[[[127.02774578633571,37.49479169420442],[127.0277620919567,37.49475755170728],[127.02781786768975,37.49464076074008],[127.02785403818996,37.494564978611145],[127.0274130010655,37.49443254806155],[127.02730474806881,37.49465926325624],[127.02774578633571,37.49479169420442]]]}},{"type":"Feature","properties":{"OBJECTID":"7282","GU_NAM":"서초구","F_SHIM":0.7,"F_DISA_NM":"8.8.~ 17. 호우","F_AVR_HGT":16.73,"F_AREA":1103.8,"ADM_CD":"1165010800","F_SAT_YMD":"20220808","F_END_YMD":"20220810","F_SAT_TM":"13","F_END_TM":"1","F_RSN_DTL":"침수","F_ZONE_NM":"서울특별시 서초구 서초동 1327-34","INV_YR":"2023","F_YR":"2022","TYPE":"상가","layer":"서울시_2022(최종)","path":"D:/김원상/침수흔적도/(붙임2) 10~21년 서울시 침수흔적도/서울시_2022(최종).shp"},"geometry":{"type":"Polygon","coordinates":[[[127.02785403818996,37.494564978611145],[127.02787374493616,37.494523726451675],[127.02794727215145,37.49436981026999],[127.0279241893005,37.49432866677536],[127.02755834779788,37.49421780788502],[127.02750678969343,37.49423619963227],[127.0274130010655,37.49443254806155],[127.02785403818996,37.494564978611145]]]}},{"type":"Feature","properties":{"OBJECTID":"7283","GU_NAM":"서초구","F_SHIM":0.7,"F_DISA_NM":"8.8.~ 17. 호우","F_AVR_HGT":18.67,"F_AREA":6256.35,"ADM_CD":"1165010800","F_SAT_YMD":"20220808","F_END_YMD":"20220810","F_SAT_TM":"13","F_END_TM":"1","F_RSN_DTL":"침수","F_ZONE_NM":"서울특별시 서초구 서초동 1402","INV_YR":"2023","F_YR":"2022","TYPE":"도","layer":"서울시_2022(최종)","path":"D:/김원상/침수흔적도/(붙임2) 10~21년 서울시 침수흔적도/서울시_2022(최종).shp"},"geometry":{"type":"Polygon","coordinates":[[[127.02825574771478,37.492414390995876],[127.02859501668863,37.49251729802517],[127.02857963195063,37.49250009245056],[127.02855519586622,37.492468563045875],[127.02853426458202,37.49243532093459],[127.02851695133435,37.49240081659263],[127.02850359541533,37.49236523014411],[127.02849419694962,37.49232892199026],[127.02848875596409,37.49229198223205],[127.02848749944943,37.49225675341827],[127.02848738569209,37.492254861344215],[127.0284901992693,37.492217739501],[127.02849685762087,37.49218106727958],[127.02850770000417,37.49214493470185],[127.02852227420361,37.492109612169976],[127.02852498610048,37.49210420554984],[127.02872385025368,37.49168780778919],[127.02881514615622,37.49149641430505],[127.0289065546358,37.49130493061806],[127.02899468603947,37.49112047541785],[127.02904624163763,37.49110208301249],[127.02924380631053,37.49116195332654],[127.02938109531405,37.491203637336696],[127.02963158588024,37.491279532310394],[127.02974863247287,37.491315093906636],[127.02999912378277,37.49139098809936],[127.03037740623424,37.49150568371911],[127.0304096069058,37.49143828103883],[127.0300282713609,37.49132268525748],[127.02988532735515,37.49127929145786],[127.02977947655205,37.491247241219895],[127.02966231697522,37.49121167968072],[127.02907844333244,37.491034680689964],[127.0290552478366,37.49099360048914],[127.02925331518351,37.49057882374546],[127.02932754750893,37.49042338374615],[127.02943104286877,37.49020657866378],[127.02951544322234,37.490030052725544],[127.0295939678131,37.48986542132329],[127.02969678377086,37.48965014784989],[127.02974833818651,37.48963175513398],[127.02994341166341,37.489690904088626],[127.03015646615815,37.48975545436577],[127.03033220248658,37.48980875086028],[127.03044924711573,37.48984431177215],[127.03107948045994,37.490035348040514],[127.03111167987028,37.489967945152486],[127.03070818570426,37.489845599581024],[127.03046357931021,37.48977141733],[127.0301754352044,37.48968409053403],[127.02990074899215,37.48960081430359],[127.02978053862005,37.489564352603715],[127.02975734319492,37.48952327253039],[127.02981846740389,37.48939540594134],[127.02992116910397,37.48918040258313],[127.02981452960529,37.489147992154],[127.02858458786272,37.49172533039029],[127.02830940794522,37.492301934039084],[127.02825574771478,37.492414390995876]]]}},{"type":"Feature","properties":{"OBJECTID":"7284","GU_NAM":"서초구","F_SHIM":0.7,"F_DISA_NM":"8.8.~ 17. 호우","F_AVR_HGT":21.91,"F_AREA":5039.42,"ADM_CD":"1165010800","F_SAT_YMD":"20220808","F_END_YMD":"20220810","F_SAT_TM":"13","F_END_TM":"1","F_RSN_DTL":"침수","F_ZONE_NM":"서울특별시 서초구 서초동 1407","INV_YR":"2023","F_YR":"2022","TYPE":"도","layer":"서울시_2022(최종)","path":"D:/김원상/침수흔적도/(붙임2) 10~21년 서울시 침수흔적도/서울시_2022(최종).shp"},"geometry":{"type":"Polygon","coordinates":[[[127.02840057092061,37.48791674463276],[127.02811503721159,37.4878301329896],[127.02791736914385,37.487770260775804],[127.0276553576178,37.48769076066693],[127.0274503399514,37.487628636794156],[127.02740804733608,37.48761585185902],[127.02710747608306,37.48752473606672],[127.02690087616345,37.4874620709809],[127.02687779603521,37.48742099030245],[127.02694253904158,37.48728537577135],[127.02700084145282,37.487163277603074],[127.02699937051074,37.48716021451759],[127.02696587872558,37.48709165557449],[127.02690964424687,37.48697624946787],[127.0269325833194,37.48693506879754],[127.02705072819808,37.486899093391024],[127.02721025189179,37.48685058496347],[127.02724190787283,37.48684093736627],[127.0273504426296,37.48680793705435],[127.02742743440328,37.486784494173136],[127.02754444824514,37.48674887892045],[127.02826763659077,37.48652889120388],[127.02828871025372,37.48652248031439],[127.02836262632363,37.48649999258056],[127.02848405977498,37.48646305993014],[127.02865046670618,37.4864124396414],[127.0288300104779,37.48635782464773],[127.02920139764899,37.486244842795365],[127.02924037323706,37.48615590486305],[127.02919390757624,37.486170061471505],[127.02752034037314,37.486678966560945],[127.02738241112928,37.48672098347686],[127.02729060895186,37.48674893456494],[127.02715844534306,37.486789147959435],[127.02711616201242,37.48680204144044],[127.02698625934917,37.486841533351374],[127.02689954445923,37.48686795133693],[127.02674035970414,37.48691636917244],[127.0265946286056,37.48696072943461],[127.02642798164267,37.48701140093423],[127.02629513875311,37.487051793704765],[127.02617823688485,37.487087317595005],[127.02606269161944,37.4871224806873],[127.02594568168358,37.487174042183845],[127.02571957509149,37.48727373940436],[127.02560912179462,37.4873224160206],[127.02552975812932,37.48735739100699],[127.02528239624972,37.48746637201368],[127.02539253702636,37.48750022743685],[127.0257892426477,37.487325442558046],[127.02589811309299,37.48727748690072],[127.02592773302848,37.487264326173346],[127.02605141327079,37.487209880107855],[127.02610093053345,37.48718806559583],[127.02626113378302,37.487139288010304],[127.02629324225543,37.48712955047289],[127.02648860624618,37.48707013339049],[127.02677339844327,37.48698348667704],[127.02682507718342,37.48700176593574],[127.02690382800945,37.487163478687805],[127.02680846484472,37.48736334111448],[127.02675637644126,37.4874724634456],[127.02673004970478,37.48752761031254],[127.02672598200392,37.48753599048748],[127.02671581291418,37.48755743647443],[127.02665005232625,37.487695123393216],[127.02657050663156,37.48786191551864],[127.02665486584885,37.487887846420634],[127.02676017334929,37.487667439194965],[127.02681723343551,37.48754786419266],[127.02686878711344,37.487529472726884],[127.02710512767456,37.487601141438304],[127.02723799874661,37.4876413873206],[127.02737460167923,37.487682803537474],[127.02750690765806,37.48772295914038],[127.02763593436465,37.48776203411891],[127.02776496123711,37.48780119905634],[127.02803760300036,37.48788385003744],[127.02836836995331,37.48798414680611],[127.02840057092061,37.48791674463276]]]}},{"type":"Feature","properties":{"OBJECTID":"7286","GU_NAM":"서초구","F_SHIM":0.5,"F_DISA_NM":"8.8.~ 17. 호우","F_AVR_HGT":15.75,"F_AREA":2110.21,"ADM_CD":"1165010800","F_SAT_YMD":"20220808","F_END_YMD":"20220810","F_SAT_TM":"13","F_END_TM":"1","F_RSN_DTL":"침수","F_ZONE_NM":"서울특별시 서초구 서초동 1309-1","INV_YR":"2023","F_YR":"2022","TYPE":"상가","layer":"서울시_2022(최종)","path":"D:/김원상/침수흔적도/(붙임2) 10~21년 서울시 침수흔적도/서울시_2022(최종).shp"},"geometry":{"type":"Polygon","coordinates":[[[127.02381295505339,37.502349820637015],[127.02390437824427,37.50215844928848],[127.02420494775392,37.50224968111561],[127.0242815417066,37.50208970310732],[127.02429213167895,37.50206752749273],[127.02436895118748,37.50190671145074],[127.02404146465109,37.501807367173505],[127.02390970118867,37.50176739689602],[127.02383296000984,37.501928239658504],[127.02374593344632,37.50211034786738],[127.02365449860572,37.502301737117065],[127.02381295505339,37.502349820637015]]]}},{"type":"Feature","properties":{"OBJECTID":"7287","GU_NAM":"서초구","F_SHIM":0.7,"F_DISA_NM":"8.8.~ 17. 호우","F_AVR_HGT":17.22,"F_AREA":2302.48,"ADM_CD":"1165010800","F_SAT_YMD":"20220808","F_END_YMD":"20220810","F_SAT_TM":"13","F_END_TM":"1","F_RSN_DTL":"침수","F_ZONE_NM":"서울특별시 서초구 서초동 1330","INV_YR":"2023","F_YR":"2022","TYPE":"상가","layer":"서울시_2022(최종)","path":"D:/김원상/침수흔적도/(붙임2) 10~21년 서울시 침수흔적도/서울시_2022(최종).shp"},"geometry":{"type":"Polygon","coordinates":[[[127.02805406134006,37.494103450816255],[127.0280782311806,37.494052809199616],[127.02810738409642,37.49399171485905],[127.02814316986964,37.49391691480961],[127.02816081977343,37.49387997885017],[127.02820800658412,37.493781110503825],[127.0277853277054,37.49365301098613],[127.02772046771709,37.49378880605819],[127.02765549444588,37.49392469121655],[127.02756735652032,37.49410932553185],[127.02759055216595,37.494150406002916],[127.02797585658392,37.49426727010581],[127.02805406134006,37.494103450816255]]]}},{"type":"Feature","properties":{"OBJECTID":"7288","GU_NAM":"서초구","F_SHIM":1.8,"F_DISA_NM":"8.8.~ 17. 호우","F_AVR_HGT":14.99,"F_AREA":1121.31,"ADM_CD":"1165010800","F_SAT_YMD":"20220808","F_END_YMD":"20220810","F_SAT_TM":"13","F_END_TM":"1","F_RSN_DTL":"침수","F_ZONE_NM":"서울특별시 서초구 서초동 1315-3","INV_YR":"2023","F_YR":"2022","TYPE":"상가","layer":"서울시_2022(최종)","path":"D:/김원상/침수흔적도/(붙임2) 10~21년 서울시 침수흔적도/서울시_2022(최종).shp"},"geometry":{"type":"Polygon","coordinates":[[[127.02398449246711,37.49698677246711],[127.02169299175746,37.49628323522569],[127.02167436709419,37.49632577458684],[127.02396437610679,37.49702894305798],[127.02401042611282,37.497111375734086],[127.02403054244225,37.49706911503606],[127.02398449246711,37.49698677246711]]]}},{"type":"Feature","properties":{"OBJECTID":"7289","GU_NAM":"서초구","F_SHIM":1.8,"F_DISA_NM":"8.8.~ 17. 호우","F_AVR_HGT":14.66,"F_AREA":33188.7,"ADM_CD":"1165010800","F_SAT_YMD":"20220808","F_END_YMD":"20220810","F_SAT_TM":"13","F_END_TM":"1","F_RSN_DTL":"침수","F_ZONE_NM":"서울특별시 서초구 서초동 1315","INV_YR":"2023","F_YR":"2022","TYPE":"상가","layer":"서울시_2022(최종)","path":"D:/김원상/침수흔적도/(붙임2) 10~21년 서울시 침수흔적도/서울시_2022(최종).shp"},"geometry":{"type":"Polygon","coordinates":[[[127.0216271046533,37.496433713358634],[127.02166115132684,37.49646569303656],[127.02151961370951,37.49662609497247],[127.0214690903071,37.49671998764791],[127.02133518199724,37.49708311291043],[127.02139614879353,37.4971372527246],[127.02141696660168,37.49717599218875],[127.02144117859426,37.49722085787162],[127.02159408759418,37.497713228063404],[127.02160971327487,37.49778755783967],[127.02161256003721,37.497860808588236],[127.02159561783945,37.497937846897116],[127.02162411357445,37.49793099445716],[127.02167805302642,37.497922155472956],[127.02173267197479,37.49791701044439],[127.02178830973291,37.497915739512145],[127.02184338311145,37.49791834294718],[127.02189800517984,37.49792473063086],[127.02195183668952,37.49793490262248],[127.02200419911004,37.49794876894084],[127.0234082813594,37.498374509497495],[127.02401042611282,37.497111375734086],[127.02396437610679,37.49702894305798],[127.02167436709419,37.49632577458684],[127.0216271046533,37.496433713358634]]]}},{"type":"Feature","properties":{"OBJECTID":"7290","GU_NAM":"서초구","F_SHIM":1.8,"F_DISA_NM":"8.8.~ 17. 호우","F_AVR_HGT":15.75,"F_AREA":623,"ADM_CD":"1165010800","F_SAT_YMD":"20220808","F_END_YMD":"20220810","F_SAT_TM":"13","F_END_TM":"1","F_RSN_DTL":"침수","F_ZONE_NM":"서울특별시 서초구 서초동 1316-16","INV_YR":"2023","F_YR":"2022","TYPE":"도","layer":"서울시_2022(최종)","path":"D:/김원상/침수흔적도/(붙임2) 10~21년 서울시 침수흔적도/서울시_2022(최종).shp"},"geometry":{"type":"Polygon","coordinates":[[[127.0247793697589,37.49781679031414],[127.0247305823863,37.49791889212542],[127.02466979293789,37.498046134143394],[127.02461351249634,37.4981639057452],[127.02454504902728,37.49830718697761],[127.02450243156936,37.498396367156566],[127.02448876819413,37.49842495851486],[127.0244033972989,37.49860362517795],[127.02435172234638,37.498622105657596],[127.02446889095815,37.4986575823152],[127.0244456955993,37.49861641116285],[127.02461330634073,37.498265619574894],[127.02461652722123,37.4982588884819],[127.02477789809218,37.497921153336826],[127.02484958159175,37.497771104820444],[127.02492126481309,37.49762108328678],[127.02499295904492,37.49747102566365],[127.02504557683461,37.49736093111027],[127.0250033921686,37.49734796511491],[127.0249229171037,37.497516377841535],[127.0248478775447,37.4976734368454],[127.0247793697589,37.49781679031414]]]}},{"type":"Feature","properties":{"OBJECTID":"7291","GU_NAM":"서초구","F_SHIM":1.8,"F_DISA_NM":"8.8.~ 17. 호우","F_AVR_HGT":16.51,"F_AREA":2704.8,"ADM_CD":"1165010800","F_SAT_YMD":"20220808","F_END_YMD":"20220810","F_SAT_TM":"13","F_END_TM":"1","F_RSN_DTL":"침수","F_ZONE_NM":"서울특별시 서초구 서초동 1385","INV_YR":"2023","F_YR":"2022","TYPE":"도","layer":"서울시_2022(최종)","path":"D:/김원상/침수흔적도/(붙임2) 10~21년 서울시 침수흔적도/서울시_2022(최종).shp"},"geometry":{"type":"Polygon","coordinates":[[[127.02159561783945,37.497937846897116],[127.02157107983057,37.49794370755935],[127.02155037561278,37.49795028836582],[127.02159373650925,37.49809146757083],[127.02163048628691,37.498079838431174],[127.02166825452744,37.49807082200384],[127.02170692817282,37.49806450840707],[127.02174605485965,37.49806080761757],[127.02178552155476,37.498059899854134],[127.02182498900528,37.49806178517466],[127.02186400482353,37.4980662834573],[127.02188142094079,37.49806961415334],[127.02190234289084,37.49807357494134],[127.02193989007654,37.49808347944711],[127.02218372348489,37.49815740907309],[127.02254359352895,37.49826654666501],[127.02261993315801,37.49828968873059],[127.0229700782251,37.49839594356049],[127.02334397450979,37.49850931085752],[127.0234082813594,37.498374509497495],[127.02200419911004,37.49794876894084],[127.02195183668952,37.49793490262248],[127.02189800517984,37.49792473063086],[127.02184338311145,37.49791834294718],[127.02178830973291,37.497915739512145],[127.02173267197479,37.49791701044439],[127.02167805302642,37.497922155472956],[127.02162411357445,37.49793099445716],[127.02159561783945,37.497937846897116]]]}},{"type":"Feature","properties":{"OBJECTID":"7292","GU_NAM":"서초구","F_SHIM":0.7,"F_DISA_NM":"8.8.~ 17. 호우","F_AVR_HGT":18.67,"F_AREA":1047.03,"ADM_CD":"1165010800","F_SAT_YMD":"20220808","F_END_YMD":"20220810","F_SAT_TM":"13","F_END_TM":"1","F_RSN_DTL":"침수","F_ZONE_NM":"서울특별시 서초구 서초동 1338-25","INV_YR":"2023","F_YR":"2022","TYPE":"상가","layer":"서울시_2022(최종)","path":"D:/김원상/침수흔적도/(붙임2) 10~21년 서울시 침수흔적도/서울시_2022(최종).shp"},"geometry":{"type":"Polygon","coordinates":[[[127.02992593561201,37.490749304368705],[127.02998625828322,37.49062296961269],[127.02971566261448,37.49054096239043],[127.02961377096823,37.490510082355165],[127.02932754750893,37.49042338374615],[127.02925331518351,37.49057882374546],[127.02953942610596,37.4906656036487],[127.02959495205847,37.49068244818099],[127.0296088493089,37.49065325246906],[127.02992593561201,37.490749304368705]]]}},{"type":"Feature","properties":{"OBJECTID":"7293","GU_NAM":"서초구","F_SHIM":0.7,"F_DISA_NM":"8.8.~ 17. 호우","F_AVR_HGT":17.37,"F_AREA":1836.64,"ADM_CD":"1165010800","F_SAT_YMD":"20220808","F_END_YMD":"20220810","F_SAT_TM":"13","F_END_TM":"1","F_RSN_DTL":"침수","F_ZONE_NM":"서울특별시 서초구 서초동 1328-11","INV_YR":"2023","F_YR":"2022","TYPE":"상가","layer":"서울시_2022(최종)","path":"D:/김원상/침수흔적도/(붙임2) 10~21년 서울시 침수흔적도/서울시_2022(최종).shp"},"geometry":{"type":"Polygon","coordinates":[[[127.02868063207558,37.49505881856014],[127.0287285421769,37.49495861638007],[127.02880809062187,37.494791913102596],[127.02884255405374,37.49471991526592],[127.02888955966966,37.49462133502338],[127.02870250379566,37.49456461523475],[127.02851590059088,37.494508075245875],[127.02843454383203,37.49467847284528],[127.02835488162818,37.494845266000404],[127.02830697109984,37.49494546803103],[127.02868063207558,37.49505881856014]]]}},{"type":"Feature","properties":{"OBJECTID":"7294","GU_NAM":"서초구","F_SHIM":0.5,"F_DISA_NM":"8.8.~ 17. 호우","F_AVR_HGT":12.54,"F_AREA":2059.09,"ADM_CD":"1165010700","F_SAT_YMD":"20220808","F_END_YMD":"20220810","F_SAT_TM":"13","F_END_TM":"1","F_RSN_DTL":"침수","F_ZONE_NM":"서울특별시 서초구 반포동 749-33","INV_YR":"2023","F_YR":"2022","TYPE":"도","layer":"서울시_2022(최종)","path":"D:/김원상/침수흔적도/(붙임2) 10~21년 서울시 침수흔적도/서울시_2022(최종).shp"},"geometry":{"type":"Polygon","coordinates":[[[127.0207820933145,37.50428442776869],[127.02084809408547,37.50414672644361],[127.02089478843847,37.504049302867266],[127.02107911186548,37.50366487059749],[127.0209517128707,37.50362767138563],[127.02076871145663,37.50400963450854],[127.02055020693001,37.50394361773405],[127.02044586914579,37.503912090549676],[127.02009564545365,37.50380626984214],[127.02007243673562,37.50379925471332],[127.01999915738935,37.50377711966318],[127.01991374215834,37.50375131038503],[127.01979414736097,37.50371517188774],[127.0197060178095,37.50368854297058],[127.0194012972483,37.50359647142964],[127.01937640690304,37.50355602037177],[127.01932675560315,37.503686231129436],[127.01937745104033,37.50366639250392],[127.01947189156735,37.50369493082368],[127.01959981052663,37.50373358215862],[127.01976630895705,37.503783895329],[127.01987397150167,37.503816431715705],[127.0199308396206,37.503833613912136],[127.02000201529047,37.503855127644826],[127.02012935797129,37.50389360730579],[127.02019280880938,37.50391277954467],[127.02025625967991,37.50393195174944],[127.0207363836314,37.504077034438986],[127.0206574628437,37.50424174071305],[127.02065646813801,37.50424382218002],[127.02064369420559,37.504266619502935],[127.02062764013775,37.50428797575796],[127.02071146679772,37.504378332284645],[127.02073995919355,37.50434859471229],[127.02076404025178,37.50431651525643],[127.0207820933145,37.50428442776869]]]}},{"type":"Feature","properties":{"OBJECTID":"7295","GU_NAM":"서초구","F_SHIM":0.7,"F_DISA_NM":"8.8.~ 17. 호우","F_AVR_HGT":20.89,"F_AREA":31706.9,"ADM_CD":"1165010700","F_SAT_YMD":"20220808","F_END_YMD":"20220810","F_SAT_TM":"13","F_END_TM":"1","F_RSN_DTL":"침수","F_ZONE_NM":"서울특별시 서초구 반포동 28-4","INV_YR":"2023","F_YR":"2022","TYPE":"도","layer":"서울시_2022(최종)","path":"D:/김원상/침수흔적도/(붙임2) 10~21년 서울시 침수흔적도/서울시_2022(최종).shp"},"geometry":{"type":"Polygon","coordinates":[[[127.01606692012795,37.509365865198845],[127.01618332114624,37.509401052773356],[127.01618293679378,37.509402061938154],[127.01630478981353,37.50943891556098],[127.0164080590126,37.509470149178135],[127.01643272826038,37.5094776063243],[127.01652697971149,37.50937817833378],[127.01652911585069,37.50937066374402],[127.01652962445807,37.50936888871448],[127.01653044953136,37.509366005417924],[127.0165310824598,37.50936377086395],[127.0165320092534,37.50936052715549],[127.01653611199438,37.509346092655505],[127.01656242378633,37.509253701032534],[127.01662005401226,37.50905105034523],[127.01665283034036,37.50893535807628],[127.01675590585614,37.50857287353139],[127.01682458263085,37.50841382957691],[127.01686188834874,37.50832713075213],[127.01687412903443,37.50812154854387],[127.0169645608246,37.507938724338494],[127.01702752064358,37.507758606661326],[127.0171115179485,37.507584072355456],[127.01723325301606,37.507232036419836],[127.01733768285654,37.50688036305561],[127.01740404124429,37.50673511330544],[127.01745592110056,37.50658211688742],[127.01743079098019,37.50647742432643],[127.01782110887626,37.50550636564264],[127.01786823119009,37.50532688032624],[127.0178878987314,37.505275160315655],[127.01794120024776,37.50516759177133],[127.01795990759848,37.505121440048796],[127.01807538328181,37.5047820720025],[127.01840741715883,37.503908822616694],[127.01854189433688,37.50394268084733],[127.01853094211127,37.50397197387776],[127.0186115394712,37.50399861377038],[127.01863934612798,37.50393445866933],[127.01875758169763,37.503618100984085],[127.01896725871593,37.503668526102224],[127.01883682804302,37.5040152404133],[127.01887053216205,37.50402335346122],[127.01897953903222,37.50404962852665],[127.0190457258519,37.50406558441306],[127.01909559569194,37.504044313445085],[127.01910281801253,37.50402539140757],[127.01913638649826,37.503937448978654],[127.01917593391086,37.50383381926575],[127.01896291954777,37.50378143083616],[127.01900277230423,37.50367708033474],[127.01921548121625,37.503730198547814],[127.01926457894406,37.50360153763808],[127.01931392515615,37.503472227948954],[127.01932636905703,37.503439627954805],[127.01933381730764,37.50342011120828],[127.01933499274948,37.50341702060678],[127.0193355578869,37.503415623974156],[127.01933697068222,37.50341192966796],[127.01933760361169,37.50341026272559],[127.01933885815896,37.503406919832585],[127.01934015794576,37.503403585942735],[127.01934088128162,37.50340163066723],[127.01934106212249,37.50340117113082],[127.01934168374244,37.50339950419014],[127.01934491623597,37.50339113342801],[127.01934559435335,37.50338925924913],[127.01934663416947,37.503386538077315],[127.01934719928717,37.50338506035476],[127.01934794524136,37.50338310507583],[127.01934841993973,37.5033818616265],[127.01941251535668,37.50321390584524],[127.01934635410478,37.50320751876053],[127.01925984725787,37.50320080132681],[127.01921536337098,37.50303927701312],[127.01908721576596,37.503032493603826],[127.0189406459285,37.503028460818975],[127.01880493393321,37.50302821045708],[127.0187380961375,37.5030296618164],[127.01866368113056,37.50303129443759],[127.01860430769143,37.503033645635966],[127.01866839298309,37.502864879351264],[127.01853494527197,37.502873998733776],[127.0184090746415,37.50288257628336],[127.01827052776277,37.50289793100505],[127.01824361269514,37.502953499389754],[127.01799992526955,37.502979581504334],[127.01775203302256,37.50301682706398],[127.01750675627771,37.503122547625225],[127.01723258557682,37.50350830180208],[127.01740933884076,37.503448541968936],[127.01761323449493,37.503389498974386],[127.01782086378216,37.503339014596285],[127.01803143516986,37.50329735922527],[127.01812144336584,37.50328349826437],[127.01793371185094,37.50376652266007],[127.01788293744478,37.503789324960955],[127.017847650473,37.50378239215751],[127.01775389233467,37.503769160406435],[127.01771792773293,37.50376646234918],[127.01768414667542,37.5038724694217],[127.01765167669663,37.50386999611559],[127.01756719483825,37.50386892642565],[127.01748294030331,37.503873172534234],[127.01739947854672,37.50388273436581],[127.01731703574026,37.50389761189173],[127.01724703383763,37.503915010499355],[127.0172709024428,37.50394185706634],[127.0173095882352,37.50397708093213],[127.01735098734882,37.50400761923061],[127.01739611789957,37.504034733219676],[127.01744430122055,37.504057972487516],[127.0174953110982,37.50407724696118],[127.01754846889958,37.5040922864297],[127.01760320910374,37.504102910767585],[127.01760671512872,37.50410329771935],[127.01765907932213,37.50410912003442],[127.01771551405108,37.50411082420639],[127.0177718346719,37.50410784317638],[127.01782736266365,37.50410044733775],[127.01783358258878,37.50409909498153],[127.01788187180722,37.50408854662305],[127.01793321340948,37.504072681931255],[127.01793445737395,37.50407232135909],[127.0179846670162,37.50405195181111],[127.01803216148303,37.50402761822911],[127.0180762622408,37.50399950091112],[127.01811700450773,37.50397343832445],[127.01606692012795,37.509365865198845]],[[127.0190450888616,37.503566143155034],[127.01900896457515,37.50355742684577],[127.01879916341532,37.50350691171902],[127.01891908166414,37.50318595851141],[127.01894226589751,37.503186225393534],[127.01907718734752,37.50318998960873],[127.01914582465687,37.5031936013998],[127.01917241327588,37.50319500298663],[127.01918655014319,37.50319574870169],[127.01913452519565,37.503331969400435],[127.01910010928579,37.503422092379935],[127.01905104527927,37.50355057302058],[127.0190450888616,37.503566143155034]]]}},{"type":"Feature","properties":{"OBJECTID":"7296","GU_NAM":"서초구","F_SHIM":0.7,"F_DISA_NM":"8.8.~ 17. 호우","F_AVR_HGT":17.73,"F_AREA":5802.81,"ADM_CD":"1165010800","F_SAT_YMD":"20220808","F_END_YMD":"20220810","F_SAT_TM":"13","F_END_TM":"1","F_RSN_DTL":"침수","F_ZONE_NM":"서울특별시 서초구 서초동 1419","INV_YR":"2023","F_YR":"2022","TYPE":"도","layer":"서울시_2022(최종)","path":"D:/김원상/침수흔적도/(붙임2) 10~21년 서울시 침수흔적도/서울시_2022(최종).shp"},"geometry":{"type":"Polygon","coordinates":[[[127.02660926292602,37.492176257445195],[127.02671237668872,37.49213938459939],[127.02708493568812,37.49225259630663],[127.02719191765425,37.49228500910731],[127.02813451652344,37.492570777907275],[127.02817540965816,37.492582896146985],[127.02828103547459,37.49261485776555],[127.02848561511482,37.492676890142086],[127.02870376589328,37.49274297354139],[127.02885745558186,37.49278960987296],[127.02904416787888,37.492846239414106],[127.0293766544661,37.49294716357114],[127.02943874133521,37.49296597981259],[127.02957490279915,37.49300721335074],[127.0296211825537,37.49308937354147],[127.0297584644513,37.4928019218344],[127.02965535127694,37.49283879733426],[127.02951738059366,37.49279693361645],[127.02935147674361,37.49274669702183],[127.02910098152708,37.49267071137503],[127.0289839331584,37.49263523924608],[127.02873343871867,37.49255934291828],[127.02859501668863,37.49251729802517],[127.02825574771478,37.492414390995876],[127.02806326954533,37.49235604959999],[127.0267928306648,37.491970970505186],[127.026746554668,37.49188871908952],[127.02660926292602,37.492176257445195]]]}},{"type":"Feature","properties":{"OBJECTID":"7297","GU_NAM":"서초구","F_SHIM":0.7,"F_DISA_NM":"8.8.~ 17. 호우","F_AVR_HGT":16.51,"F_AREA":9277.2,"ADM_CD":"1165010800","F_SAT_YMD":"20220808","F_END_YMD":"20220810","F_SAT_TM":"13","F_END_TM":"1","F_RSN_DTL":"침수","F_ZONE_NM":"서울특별시 서초구 서초동 1398","INV_YR":"2023","F_YR":"2022","TYPE":"도","layer":"서울시_2022(최종)","path":"D:/김원상/침수흔적도/(붙임2) 10~21년 서울시 침수흔적도/서울시_2022(최종).shp"},"geometry":{"type":"Polygon","coordinates":[[[127.0250933337531,37.49535034144192],[127.02548271177123,37.495468384137766],[127.02581022906284,37.49556769749411],[127.02592739359129,37.49560317272506],[127.0260799564777,37.49564945247943],[127.0262464300313,37.495699873723176],[127.02643857612458,37.49575821811472],[127.02659374077722,37.495805217455064],[127.02661682333222,37.49584629812939],[127.026528341556,37.49603156238238],[127.02651625011386,37.496056792925835],[127.02644630061155,37.49620340031312],[127.02636177313157,37.49638028430142],[127.02629137093018,37.49652761248364],[127.02624594274714,37.49662276753332],[127.02618085144586,37.49675919243999],[127.02613576196812,37.49685353647345],[127.02606400284193,37.49700383808884],[127.0259629858147,37.49721532356454],[127.02592579503963,37.49729317758973],[127.02603131359558,37.497325591714954],[127.02614104340645,37.49709590418377],[127.02616102297497,37.49705408464119],[127.02620975133142,37.49695209035672],[127.02627258264556,37.49682044120857],[127.02632264416023,37.49671564448623],[127.02637270550521,37.49661075764092],[127.02642276674013,37.496505960872504],[127.02647282780524,37.496401073981104],[127.02652288876045,37.496296277166614],[127.02657306262869,37.49619139020514],[127.0266370227718,37.49605757820821],[127.02672256619447,37.495878351198016],[127.02677412562001,37.49585995979773],[127.02696039159905,37.49591641249698],[127.02714394356731,37.495971964491275],[127.0272609962748,37.49600743842135],[127.02756216718785,37.49609873375439],[127.02758536347781,37.49613990431224],[127.02764593167585,37.496012940112315],[127.02759437239048,37.496031421992505],[127.02747867660476,37.4959963084945],[127.02734409417609,37.49595552271664],[127.02728913030222,37.49593886622942],[127.0272095118938,37.495914736785195],[127.02717217947193,37.49590341933464],[127.02680633139718,37.49579255814775],[127.02678313567266,37.49575147753429],[127.02689794590938,37.49551097615816],[127.02697603007847,37.49534760814218],[127.02708134700383,37.49512693060759],[127.02709750617576,37.495093319825514],[127.02714248030537,37.494998975421986],[127.02718711541799,37.49490562217302],[127.02724124232253,37.49479217454773],[127.02730474806881,37.49465926325624],[127.0274130010655,37.49443254806155],[127.02750678969343,37.49423619963227],[127.02755834779788,37.49421780788502],[127.0279241893005,37.49432866677536],[127.02796152105174,37.49433998399154],[127.02804123981164,37.49436413994317],[127.02817130737041,37.49440354742743],[127.02834637463523,37.494456666783066],[127.02837857842971,37.49438935478908],[127.02797585658392,37.49426727010581],[127.02759055216595,37.494150406002916],[127.02756735652032,37.49410932553185],[127.02765549444588,37.49392469121655],[127.02772046771709,37.49378880605819],[127.0277853277054,37.49365301098613],[127.02784950945986,37.49351856752625],[127.02791369098439,37.49338412402854],[127.0280160645549,37.49316966314427],[127.0280934658638,37.493007645978196],[127.0282004712009,37.49278363327921],[127.02828103547459,37.49261485776555],[127.02817540965816,37.492582896146985],[127.02815918293972,37.492614470846036],[127.02756087215276,37.49386726436748],[127.02746064328713,37.49407721936248],[127.02740908525527,37.494095611067486],[127.0259474069025,37.49365219798811],[127.02590979307298,37.493640799102316],[127.02587758741295,37.49370820053261],[127.02626514868915,37.49382570045843],[127.02659492164335,37.493925641895395],[127.02671197092778,37.49396120648298],[127.02703100139296,37.49405790539158],[127.02737796633338,37.494163066723196],[127.02740104881194,37.49420414725588],[127.02725731443236,37.49450529275766],[127.02714962583292,37.49473074628501],[127.02704193655566,37.49495610960584],[127.02688237906014,37.49529032471449],[127.02680949289599,37.495442969663095],[127.0267366064656,37.4955957046628],[127.02667750604571,37.49571942449503],[127.02662594669304,37.49573781585359],[127.02627897551992,37.49563265234384],[127.025959939324,37.49553595143245],[127.0258428879379,37.49550038611009],[127.02551310905984,37.495400442602815],[127.02512554082239,37.49528294024386],[127.0250933337531,37.49535034144192]]]}},{"type":"Feature","properties":{"OBJECTID":"7298","GU_NAM":"서초구","F_SHIM":0.7,"F_DISA_NM":"8.8.~ 17. 호우","F_AVR_HGT":17.06,"F_AREA":19446.73,"ADM_CD":"1165010800","F_SAT_YMD":"20220808","F_END_YMD":"20220810","F_SAT_TM":"13","F_END_TM":"1","F_RSN_DTL":"침수","F_ZONE_NM":"서울특별시 서초구 서초동 1380","INV_YR":"2023","F_YR":"2022","TYPE":"도","layer":"서울시_2022(최종)","path":"D:/김원상/침수흔적도/(붙임2) 10~21년 서울시 침수흔적도/서울시_2022(최종).shp"},"geometry":{"type":"Polygon","coordinates":[[[127.02410473790034,37.49673401923003],[127.02446494362655,37.49684468263107],[127.02441889334,37.49676243032832],[127.02443900940081,37.496720349758185],[127.0245001484531,37.49659221577289],[127.02456965014905,37.496446780933674],[127.02463915154775,37.4963012559501],[127.02470865267689,37.49615573092211],[127.02478176983487,37.49600263674226],[127.02491342517777,37.495726995005796],[127.02502021786641,37.49550343583122],[127.0250933337531,37.49535034144192],[127.02512554082239,37.49528294024386],[127.02523018512753,37.495063886289955],[127.02538477727757,37.49474012599789],[127.0254487382473,37.49460613441091],[127.02551269898862,37.4944721427863],[127.0255924801691,37.494305261411974],[127.02566559372086,37.49415216663802],[127.02573870697424,37.49399907181491],[127.02580447472627,37.49386129544907],[127.02587758741295,37.49370820053261],[127.02590979307298,37.493640799102316],[127.02592322902423,37.49361265810342],[127.02600298570931,37.493445614252735],[127.02660926292602,37.492176257445195],[127.026746554668,37.49188871908952],[127.0270497228226,37.49125398947253],[127.02825194914685,37.488736328522556],[127.02835517051022,37.48869963439791],[127.02799499816871,37.488588982691724],[127.0280410473534,37.488671233715706],[127.02718774189209,37.490458286256604],[127.0271555387145,37.49052559797094],[127.02692966316393,37.490998581801925],[127.02653496733767,37.491825063376865],[127.02639790090502,37.4921121509424],[127.02625314943018,37.49241518764421],[127.02619348568436,37.49253998861912],[127.02593075953898,37.49308983336194],[127.02573255417362,37.49350478458959],[127.0257005745997,37.4935722760268],[127.02555965962418,37.493867292120854],[127.02552993968732,37.493929647349255],[127.02530359161015,37.49440352889525],[127.02528178159213,37.49444921396859],[127.02503395907786,37.49496805915456],[127.02491417131242,37.49521883112312],[127.0248819640807,37.495286232264355],[127.02477065091657,37.495519162607124],[127.02471143434292,37.49564324188053],[127.02465967614151,37.49575155216985],[127.02460791781843,37.49585995253452],[127.02455615934575,37.49596835287455],[127.02450440069596,37.49607666309],[127.02445264189676,37.49618497328084],[127.02425261204645,37.496603886559896],[127.02424854357702,37.49661226663677],[127.0242079722984,37.49669732877454],[127.02410473790034,37.49673401923003]]]}},{"type":"Feature","properties":{"OBJECTID":"7299","GU_NAM":"서초구","F_SHIM":1.8,"F_DISA_NM":"8.8.~ 17. 호우","F_AVR_HGT":14.1,"F_AREA":377.02,"ADM_CD":"1165010800","F_SAT_YMD":"20220808","F_END_YMD":"20220810","F_SAT_TM":"13","F_END_TM":"1","F_RSN_DTL":"침수","F_ZONE_NM":"서울특별시 서초구 서초동 1316-37","INV_YR":"2023","F_YR":"2022","TYPE":"도","layer":"서울시_2022(최종)","path":"D:/김원상/침수흔적도/(붙임2) 10~21년 서울시 침수흔적도/서울시_2022(최종).shp"},"geometry":{"type":"Polygon","coordinates":[[[127.02502349674982,37.49730588445174],[127.02483462735476,37.49724789752756],[127.024649377288,37.49719099079129],[127.0243446992302,37.49709743622966],[127.02424146434845,37.49713412680231],[127.0242213480659,37.49717620733588],[127.02432469612722,37.49713960685916],[127.02462926121916,37.49723307139388],[127.02481451137456,37.497289978161234],[127.0250033921686,37.49734796511491],[127.02504557683461,37.49736093111027],[127.02506568139569,37.497318850440045],[127.02502349674982,37.49730588445174]]]}},{"type":"Feature","properties":{"OBJECTID":"7300","GU_NAM":"서초구","F_SHIM":0.7,"F_DISA_NM":"8.8.~ 17. 호우","F_AVR_HGT":17.55,"F_AREA":1235.77,"ADM_CD":"1165010800","F_SAT_YMD":"20220808","F_END_YMD":"20220810","F_SAT_TM":"13","F_END_TM":"1","F_RSN_DTL":"침수","F_ZONE_NM":"서울특별시 서초구 서초동 1319-1","INV_YR":"2023","F_YR":"2022","TYPE":"도","layer":"서울시_2022(최종)","path":"D:/김원상/침수흔적도/(붙임2) 10~21년 서울시 침수흔적도/서울시_2022(최종).shp"},"geometry":{"type":"Polygon","coordinates":[[[127.02702464005961,37.49763054986247],[127.02721837526833,37.497689973821764],[127.02739774745709,37.49774507581399],[127.02748860217399,37.49755485494679],[127.02760318692428,37.497314893608376],[127.02760951511965,37.49730182772191],[127.02758678792674,37.497309941732325],[127.02736177701873,37.497389909801946],[127.02716978241186,37.49745815728783],[127.02709413778979,37.49748502346531],[127.02702464005961,37.49763054986247]]]}},{"type":"Feature","properties":{"OBJECTID":"7301","GU_NAM":"서초구","F_SHIM":0.7,"F_DISA_NM":"8.8.~ 17. 호우","F_AVR_HGT":19.33,"F_AREA":1228.29,"ADM_CD":"1165010800","F_SAT_YMD":"20220808","F_END_YMD":"20220810","F_SAT_TM":"13","F_END_TM":"1","F_RSN_DTL":"침수","F_ZONE_NM":"서울특별시 서초구 서초동 1318-7","INV_YR":"2023","F_YR":"2022","TYPE":"도","layer":"서울시_2022(최종)","path":"D:/김원상/침수흔적도/(붙임2) 10~21년 서울시 침수흔적도/서울시_2022(최종).shp"},"geometry":{"type":"Polygon","coordinates":[[[127.02689035409948,37.49813973340236],[127.0270589523107,37.49843396337652],[127.02706754776295,37.4984365744152],[127.02716846157139,37.49822517816163],[127.02724868371536,37.49805720547102],[127.02720264091188,37.49797487317925],[127.0269990654949,37.49791238792285],[127.02690406374552,37.49788321600291],[127.02683343524177,37.49803117521843],[127.02689035409948,37.49813973340236]]]}},{"type":"Feature","properties":{"OBJECTID":"7302","GU_NAM":"서초구","F_SHIM":0.7,"F_DISA_NM":"8.8.~ 17. 호우","F_AVR_HGT":17.23,"F_AREA":6024.84,"ADM_CD":"1165010800","F_SAT_YMD":"20220808","F_END_YMD":"20220810","F_SAT_TM":"13","F_END_TM":"1","F_RSN_DTL":"침수","F_ZONE_NM":"서울특별시 서초구 서초동 1418","INV_YR":"2023","F_YR":"2022","TYPE":"도","layer":"서울시_2022(최종)","path":"D:/김원상/침수흔적도/(붙임2) 10~21년 서울시 침수흔적도/서울시_2022(최종).shp"},"geometry":{"type":"Polygon","coordinates":[[[127.02343331206369,37.49115381264438],[127.02348386121034,37.49116902115012],[127.02348676750391,37.49116989457992],[127.02365382860127,37.491220076137296],[127.02479667590796,37.491563407841404],[127.02488126468756,37.491588889447605],[127.02499061946615,37.491621664176236],[127.02563148344326,37.49181398873452],[127.02567377809433,37.49182668419571],[127.02635162528378,37.49202998947393],[127.02639790090502,37.4921121509424],[127.02653496733767,37.491825063376865],[127.026431967026,37.49186202614586],[127.02574168145347,37.49165466937306],[127.02562531488736,37.49161973437048],[127.02496658486628,37.49142182711856],[127.02488188319843,37.49139643569502],[127.02355954922028,37.49099923158466],[127.02350959952366,37.4909842031993],[127.02348154311323,37.490975757036395],[127.0233364550737,37.49093217550905],[127.02327069551751,37.49110499947664],[127.0233991603031,37.491143538562305],[127.02343331206369,37.49115381264438]]]}},{"type":"Feature","properties":{"OBJECTID":"7303","GU_NAM":"서초구","F_SHIM":0.7,"F_DISA_NM":"8.8.~ 17. 호우","F_AVR_HGT":19.26,"F_AREA":19036.29,"ADM_CD":"1165010800","F_SAT_YMD":"20220808","F_END_YMD":"20220810","F_SAT_TM":"13","F_END_TM":"1","F_RSN_DTL":"침수","F_ZONE_NM":"서울특별시 서초구 서초동 1378","INV_YR":"2023","F_YR":"2022","TYPE":"도","layer":"서울시_2022(최종)","path":"D:/김원상/침수흔적도/(붙임2) 10~21년 서울시 침수흔적도/서울시_2022(최종).shp"},"geometry":{"type":"Polygon","coordinates":[[[127.02462062522778,37.487552819142714],[127.02503124434783,37.48767892328944],[127.02511784182978,37.48770553059479],[127.02799499816871,37.488588982691724],[127.02835517051022,37.48869963439791],[127.02981452960529,37.489147992154],[127.02992116910397,37.48918040258313],[127.03007847118454,37.48922865828807],[127.03035270428687,37.48931283522187],[127.03064028219364,37.48940115283127],[127.03088454865372,37.48947614570622],[127.03121295211079,37.48957697567042],[127.03125911853877,37.489659315496276],[127.03140802457499,37.48934726146698],[127.0314364950917,37.48928760802999],[127.03133327442832,37.48932430484262],[127.03120503451198,37.4892849634149],[127.03102929854342,37.48923103751328],[127.03083196339657,37.489170449307196],[127.03065950744562,37.48911751314114],[127.03048750406154,37.48906466671192],[127.0303360825058,37.489018212116946],[127.03003323995651,37.48892530234354],[127.02992773149168,37.4888928917422],[127.0296502209125,37.48880763339552],[127.02952096498052,37.48876792997791],[127.02939170918525,37.488728226418594],[127.02923949738505,37.4886815003017],[127.02902418473646,37.48861541718346],[127.0287738163923,37.488538529757314],[127.02856099236025,37.48847307591954],[127.02847527484182,37.48844678629094],[127.0281151035694,37.48833622504581],[127.02805392543294,37.48831740788928],[127.02791890396448,37.48827599210913],[127.02761810286589,37.488183616276935],[127.02745141868309,37.48813247614491],[127.02725647534585,37.48807258421047],[127.0270610573739,37.48801254789624],[127.02665486584885,37.487887846420634],[127.02657050663156,37.48786191551864],[127.02640857330896,37.48781221450608],[127.02624075995375,37.48776071250026],[127.02598757026452,37.487682918747694],[127.02580505692107,37.487626914161766],[127.02578922553965,37.487622052011126],[127.02539253702636,37.48750022743685],[127.02528239624972,37.48746637201368],[127.02511345362969,37.48741450823034],[127.02497301885805,37.48737145033651],[127.02471925509101,37.48729349179446],[127.02462062522778,37.487552819142714]]]}},{"type":"Feature","properties":{"OBJECTID":"7304","GU_NAM":"서초구","F_SHIM":0.5,"F_DISA_NM":"8.8.~ 17. 호우","F_AVR_HGT":14.8,"F_AREA":518.65,"ADM_CD":"1165010800","F_SAT_YMD":"20220808","F_END_YMD":"20220810","F_SAT_TM":"13","F_END_TM":"1","F_RSN_DTL":"침수","F_ZONE_NM":"서울특별시 서초구 서초동 1302-22","INV_YR":"2023","F_YR":"2022","TYPE":"도","layer":"서울시_2022(최종)","path":"D:/김원상/침수흔적도/(붙임2) 10~21년 서울시 침수흔적도/서울시_2022(최종).shp"},"geometry":{"type":"Polygon","coordinates":[[[127.02208240958198,37.503558589635475],[127.02257679241748,37.50252366987097],[127.02262847049595,37.5025051901791],[127.0225112967161,37.50246962162111],[127.02253449220593,37.50251079312615],[127.02218973644747,37.50323254466264],[127.02212972959417,37.50335816332525],[127.02204010889605,37.50354580281585],[127.02208240958198,37.503558589635475]]]}},{"type":"Feature","properties":{"OBJECTID":"7305","GU_NAM":"서초구","F_SHIM":0.5,"F_DISA_NM":"8.8.~ 17. 호우","F_AVR_HGT":14.8,"F_AREA":2291.44,"ADM_CD":"1165010800","F_SAT_YMD":"20220808","F_END_YMD":"20220810","F_SAT_TM":"13","F_END_TM":"1","F_RSN_DTL":"침수","F_ZONE_NM":"서울특별시 서초구 서초동 1302-1","INV_YR":"2023","F_YR":"2022","TYPE":"상가","layer":"서울시_2022(최종)","path":"D:/김원상/침수흔적도/(붙임2) 10~21년 서울시 침수흔적도/서울시_2022(최종).shp"},"geometry":{"type":"Polygon","coordinates":[[[127.02190003039134,37.50350346212768],[127.02198915373289,37.503315660648454],[127.0220430645563,37.50318825012892],[127.0221040997791,37.503059757142665],[127.02187766859781,37.50299222150632],[127.02150262126597,37.502878939952],[127.0213720712972,37.50315277537146],[127.02174700670825,37.50326605735401],[127.02166732058723,37.5034331160618],[127.02190003039134,37.50350346212768]]]}},{"type":"Feature","properties":{"OBJECTID":"7306","GU_NAM":"서초구","F_SHIM":0.7,"F_DISA_NM":"8.8.~ 17. 호우","F_AVR_HGT":26.36,"F_AREA":19749.42,"ADM_CD":"1165010800","F_SAT_YMD":"20220808","F_END_YMD":"20220810","F_SAT_TM":"13","F_END_TM":"1","F_RSN_DTL":"침수","F_ZONE_NM":"서울특별시 서초구 서초동 1373","INV_YR":"2023","F_YR":"2022","TYPE":"도","layer":"서울시_2022(최종)","path":"D:/김원상/침수흔적도/(붙임2) 10~21년 서울시 침수흔적도/서울시_2022(최종).shp"},"geometry":{"type":"Polygon","coordinates":[[[127.02448480926553,37.50447730933871],[127.02766160373905,37.49782610764341],[127.02739774745709,37.49774507581399],[127.02724868371536,37.49805720547102],[127.02716846157139,37.49822517816163],[127.02706754776295,37.4984365744152],[127.02706427059157,37.498443422716846],[127.02696697237073,37.49864715960298],[127.02689170997205,37.49880476052173],[127.02681644722689,37.49896227128855],[127.02673982811714,37.499122755589404],[127.02664670948036,37.49931784170622],[127.02653776901602,37.499545817555116],[127.02645391606902,37.49972134986778],[127.0263988802502,37.49983641902698],[127.02632497163545,37.499991316271384],[127.0262124128588,37.50022686094399],[127.02610267874944,37.500456728619966],[127.02601916277042,37.50063144962802],[127.02598695420993,37.50069885100869],[127.025914400037,37.500850864497295],[127.02584173247982,37.50100287796077],[127.02576917771856,37.501154891352506],[127.02569470140007,37.50131086948303],[127.02560451564031,37.50149955701593],[127.02551240823074,37.50169247955757],[127.02541589270608,37.50189459309805],[127.02538368306126,37.50196199430006],[127.02532231513342,37.502090669270785],[127.02517912239786,37.50239064043488],[127.0251264560758,37.50250084308318],[127.02510227018423,37.50255139392693],[127.02506452208551,37.50263041901978],[127.0250202187898,37.50272305047993],[127.02497150769057,37.50282505318056],[127.02484526509087,37.503089431101245],[127.0247284022755,37.50333407516946],[127.02466929247747,37.503457883936555],[127.0246066787589,37.50358881124283],[127.02452940594885,37.50375056451991],[127.02445209889096,37.50391236279857],[127.02441872338963,37.503982223666036],[127.02437487065774,37.50407413397707],[127.02431926339241,37.50419055369062],[127.02422048097831,37.504397441896884],[127.02448480926553,37.50447730933871]]]}},{"type":"Feature","properties":{"OBJECTID":"7307","GU_NAM":"서초구","F_SHIM":0.5,"F_DISA_NM":"8.8.~ 17. 호우","F_AVR_HGT":19.2,"F_AREA":5328.16,"ADM_CD":"1165010800","F_SAT_YMD":"20220808","F_END_YMD":"20220810","F_SAT_TM":"13","F_END_TM":"1","F_RSN_DTL":"침수","F_ZONE_NM":"서울특별시 서초구 서초동 1413","INV_YR":"2023","F_YR":"2022","TYPE":"도","layer":"서울시_2022(최종)","path":"D:/김원상/침수흔적도/(붙임2) 10~21년 서울시 침수흔적도/서울시_2022(최종).shp"},"geometry":{"type":"Polygon","coordinates":[[[127.02431926339241,37.50419055369062],[127.02421613191152,37.50422751447731],[127.02396107941657,37.504150446773274],[127.02389762741203,37.50413126754946],[127.02356294973866,37.50403013937011],[127.02352076162917,37.504017353060775],[127.02332214974315,37.50395729330505],[127.02330869029842,37.503953241296536],[127.02310431043549,37.50389147034104],[127.02294008292608,37.50384185523319],[127.02279734541621,37.50379872321492],[127.02242806094665,37.50368715547322],[127.02227062053218,37.50363952042755],[127.02207234997921,37.503579638706235],[127.0220300492831,37.50356685188309],[127.02189002729662,37.50352452919337],[127.02165726089439,37.50345420113768],[127.02135719872254,37.503363521381345],[127.02099617500339,37.50325438046288],[127.02110638096072,37.503456366064206],[127.0227982981202,37.50396766021334],[127.02422048097831,37.504397441896884],[127.02431926339241,37.50419055369062]]]}},{"type":"Feature","properties":{"OBJECTID":"7308","GU_NAM":"서초구","F_SHIM":0.5,"F_DISA_NM":"8.8.~ 17. 호우","F_AVR_HGT":16.08,"F_AREA":544.57,"ADM_CD":"1165010800","F_SAT_YMD":"20220808","F_END_YMD":"20220810","F_SAT_TM":"13","F_END_TM":"1","F_RSN_DTL":"침수","F_ZONE_NM":"서울특별시 서초구 서초동 1302-23","INV_YR":"2023","F_YR":"2022","TYPE":"상가","layer":"서울시_2022(최종)","path":"D:/김원상/침수흔적도/(붙임2) 10~21년 서울시 침수흔적도/서울시_2022(최종).shp"},"geometry":{"type":"Polygon","coordinates":[[[127.02207234997921,37.503579638706235],[127.02227062053218,37.50363952042755],[127.02238758230324,37.50339482472504],[127.02237425873753,37.50339082664554],[127.02218908620358,37.50333525858636],[127.02207234997921,37.503579638706235]]]}},{"type":"Feature","properties":{"OBJECTID":"7309","GU_NAM":"서초구","F_SHIM":0.5,"F_DISA_NM":"8.8.~ 17. 호우","F_AVR_HGT":14.8,"F_AREA":246.78,"ADM_CD":"1165010800","F_SAT_YMD":"20220808","F_END_YMD":"20220810","F_SAT_TM":"13","F_END_TM":"1","F_RSN_DTL":"침수","F_ZONE_NM":"서울특별시 서초구 서초동 1302-11","INV_YR":"2023","F_YR":"2022","TYPE":"상가","layer":"서울시_2022(최종)","path":"D:/김원상/침수흔적도/(붙임2) 10~21년 서울시 침수흔적도/서울시_2022(최종).shp"},"geometry":{"type":"Polygon","coordinates":[[[127.0223025496926,37.502996382207854],[127.02235104978257,37.5028948311467],[127.02213411938047,37.502829817119625],[127.02208642209875,37.502931728352465],[127.0223025496926,37.502996382207854]]]}},{"type":"Feature","properties":{"OBJECTID":"7310","GU_NAM":"서초구","F_SHIM":0.5,"F_DISA_NM":"8.8.~ 17. 호우","F_AVR_HGT":14.8,"F_AREA":201.29,"ADM_CD":"1165010800","F_SAT_YMD":"20220808","F_END_YMD":"20220810","F_SAT_TM":"13","F_END_TM":"1","F_RSN_DTL":"침수","F_ZONE_NM":"서울특별시 서초구 서초동 1302-34","INV_YR":"2023","F_YR":"2022","TYPE":"상가","layer":"서울시_2022(최종)","path":"D:/김원상/침수흔적도/(붙임2) 10~21년 서울시 침수흔적도/서울시_2022(최종).shp"},"geometry":{"type":"Polygon","coordinates":[[[127.02265841298346,37.50277034866297],[127.02270700269037,37.502667986537226],[127.02253323211607,37.50261484966053],[127.02248377172178,37.50271839217826],[127.02265841298346,37.50277034866297]]]}},{"type":"Feature","properties":{"OBJECTID":"7311","GU_NAM":"서초구","F_SHIM":0.5,"F_DISA_NM":"8.8.~ 17. 호우","F_AVR_HGT":16.72,"F_AREA":230.36,"ADM_CD":"1165010800","F_SAT_YMD":"20220808","F_END_YMD":"20220810","F_SAT_TM":"13","F_END_TM":"1","F_RSN_DTL":"침수","F_ZONE_NM":"서울특별시 서초구 서초동 1302-35","INV_YR":"2023","F_YR":"2022","TYPE":"상가","layer":"서울시_2022(최종)","path":"D:/김원상/침수흔적도/(붙임2) 10~21년 서울시 침수흔적도/서울시_2022(최종).shp"},"geometry":{"type":"Polygon","coordinates":[[[127.02270700269037,37.502667986537226],[127.02276464556756,37.50254652159479],[127.02262847049595,37.5025051901791],[127.02257679241748,37.50252366987097],[127.02253323211607,37.50261484966053],[127.02270700269037,37.502667986537226]]]}},{"type":"Feature","properties":{"OBJECTID":"7312","GU_NAM":"서초구","F_SHIM":0.5,"F_DISA_NM":"8.8.~ 17. 호우","F_AVR_HGT":14.8,"F_AREA":166.95,"ADM_CD":"1165010800","F_SAT_YMD":"20220808","F_END_YMD":"20220810","F_SAT_TM":"13","F_END_TM":"1","F_RSN_DTL":"침수","F_ZONE_NM":"서울특별시 서초구 서초동 1302-8 1","INV_YR":"2023","F_YR":"2022","TYPE":"상가","layer":"서울시_2022(최종)","path":"D:/김원상/침수흔적도/(붙임2) 10~21년 서울시 침수흔적도/서울시_2022(최종).shp"},"geometry":{"type":"Polygon","coordinates":[[[127.0223793588086,37.5026168681402],[127.0224701349844,37.50264552184507],[127.02253449220593,37.50251079312615],[127.0225112967161,37.50246962162111],[127.02245203125051,37.50245161216909],[127.0223793588086,37.5026168681402]]]}},{"type":"Feature","properties":{"OBJECTID":"7313","GU_NAM":"서초구","F_SHIM":0.5,"F_DISA_NM":"8.8.~ 17. 호우","F_AVR_HGT":13.69,"F_AREA":303.76,"ADM_CD":"1165010800","F_SAT_YMD":"20220808","F_END_YMD":"20220810","F_SAT_TM":"13","F_END_TM":"1","F_RSN_DTL":"침수","F_ZONE_NM":"서울특별시 서초구 서초동 1302-7","INV_YR":"2023","F_YR":"2022","TYPE":"상가","layer":"서울시_2022(최종)","path":"D:/김원상/침수흔적도/(붙임2) 10~21년 서울시 침수흔적도/서울시_2022(최종).shp"},"geometry":{"type":"Polygon","coordinates":[[[127.02230346691867,37.502592644659835],[127.0223793588086,37.5026168681402],[127.02245203125051,37.50245161216909],[127.02228565832247,37.50240109552061],[127.02221400284883,37.50256436901613],[127.02230346691867,37.502592644659835]]]}},{"type":"Feature","properties":{"OBJECTID":"7314","GU_NAM":"서초구","F_SHIM":0.7,"F_DISA_NM":"8.8.~ 17. 호우","F_AVR_HGT":17.57,"F_AREA":24932.26,"ADM_CD":"1165010800","F_SAT_YMD":"20220808","F_END_YMD":"20220810","F_SAT_TM":"13","F_END_TM":"1","F_RSN_DTL":"침수","F_ZONE_NM":"서울특별시 서초구 서초동 1374","INV_YR":"2023","F_YR":"2022","TYPE":"도","layer":"서울시_2022(최종)","path":"D:/김원상/침수흔적도/(붙임2) 10~21년 서울시 침수흔적도/서울시_2022(최종).shp"},"geometry":{"type":"Polygon","coordinates":[[[127.02766160373905,37.49782610764341],[127.03167185560244,37.489428194366546],[127.03140802457499,37.48934726146698],[127.03125911853877,37.489659315496276],[127.03111167987028,37.489967945152486],[127.03107948045994,37.490035348040514],[127.03084425366869,37.49052807363662],[127.03068178488854,37.49086824144909],[127.03055818109097,37.49112703915556],[127.0304960399245,37.4912571588394],[127.0304096069058,37.49143828103883],[127.03037740623424,37.49150568371911],[127.03030701649111,37.491653014411916],[127.03021696697719,37.49184161564022],[127.03020499052707,37.49186684655102],[127.0301255612245,37.492033190422454],[127.03001110557815,37.49227288408994],[127.02998692627371,37.49232343601944],[127.02987032297249,37.49256763505613],[127.02981484576999,37.49268387735143],[127.0297584644513,37.4928019218344],[127.0296211825537,37.49308937354147],[127.02956751241983,37.49320183108108],[127.02946819395152,37.49340980538627],[127.02931949768129,37.493721135907734],[127.02926819941092,37.4938284570425],[127.0292170140734,37.493935778126556],[127.02916571547648,37.49404300911302],[127.02911452984608,37.49415033014887],[127.02905453057396,37.49427603360927],[127.02899441802059,37.49440173706289],[127.0289217630472,37.49455402288338],[127.02888955966966,37.49462133502338],[127.02884255405374,37.49471991526592],[127.02880809062187,37.494791913102596],[127.0287285421769,37.49495861638007],[127.02868063207558,37.49505881856014],[127.02858334266436,37.495262646991804],[127.02854650590281,37.49533987108663],[127.02850955598362,37.49541709519485],[127.02847271907031,37.49549431926469],[127.02842166699907,37.495601198453855],[127.02837939468225,37.49568967721352],[127.02833634258072,37.49577978694281],[127.02827056645955,37.49591747457451],[127.02821497128414,37.496033896279464],[127.02817632581656,37.496114994955086],[127.02813756718248,37.49619609364244],[127.02810536242882,37.49626349565027],[127.02803903179786,37.49640244466575],[127.02794930984993,37.496590233041566],[127.0278595874529,37.496778021343374],[127.02779890597864,37.49690516586138],[127.02771438089921,37.49708205079536],[127.02765889698826,37.497198201891294],[127.02760951511965,37.49730182772191],[127.02760318692428,37.497314893608376],[127.02748860217399,37.49755485494679],[127.02739774745709,37.49774507581399],[127.02766160373905,37.49782610764341]]]}},{"type":"Feature","properties":{"OBJECTID":"7321","GU_NAM":"서초구","F_SHIM":0.7,"F_DISA_NM":"8.8.~ 17. 호우","F_AVR_HGT":19.17,"F_AREA":233.67,"ADM_CD":"1165010800","F_SAT_YMD":"20220808","F_END_YMD":"20220810","F_SAT_TM":"13","F_END_TM":"1","F_RSN_DTL":"침수","F_ZONE_NM":"서울특별시 서초구 서초동 1341-11","INV_YR":"2023","F_YR":"2022","TYPE":"상가","layer":"서울시_2022(최종)","path":"D:/김원상/침수흔적도/(붙임2) 10~21년 서울시 침수흔적도/서울시_2022(최종).shp"},"geometry":{"type":"Polygon","coordinates":[[[127.02975585685955,37.48857857385169],[127.02982443359032,37.48842574774097],[127.02969133353308,37.4883853246275],[127.02961484072148,37.48853589103342],[127.02962738176988,37.48853969928283],[127.02975585685955,37.48857857385169]]]}},{"type":"Feature","properties":{"OBJECTID":"7322","GU_NAM":"서초구","F_SHIM":0.7,"F_DISA_NM":"8.8.~ 17. 호우","F_AVR_HGT":19.78,"F_AREA":170.64,"ADM_CD":"1165010800","F_SAT_YMD":"20220808","F_END_YMD":"20220810","F_SAT_TM":"13","F_END_TM":"1","F_RSN_DTL":"침수","F_ZONE_NM":"서울특별시 서초구 서초동 1357","INV_YR":"2023","F_YR":"2022","TYPE":"상가","layer":"서울시_2022(최종)","path":"D:/김원상/침수흔적도/(붙임2) 10~21년 서울시 침수흔적도/서울시_2022(최종).shp"},"geometry":{"type":"Polygon","coordinates":[[[127.0303889214817,37.4885196756117],[127.03044457557047,37.48840327074144],[127.03031298905185,37.488359406135274],[127.03026994350952,37.488449606779334],[127.03029313888297,37.488490686759555],[127.0303889214817,37.4885196756117]]]}},{"type":"Feature","properties":{"OBJECTID":"7323","GU_NAM":"서초구","F_SHIM":0.7,"F_DISA_NM":"8.8.~ 17. 호우","F_AVR_HGT":21.82,"F_AREA":9908.98,"ADM_CD":"1165010800","F_SAT_YMD":"20220808","F_END_YMD":"20220810","F_SAT_TM":"13","F_END_TM":"1","F_RSN_DTL":"침수","F_ZONE_NM":"서울특별시 서초구 서초동 1381","INV_YR":"2023","F_YR":"2022","TYPE":"도","layer":"서울시_2022(최종)","path":"D:/김원상/침수흔적도/(붙임2) 10~21년 서울시 침수흔적도/서울시_2022(최종).shp"},"geometry":{"type":"Polygon","coordinates":[[[127.02847527484182,37.48844678629094],[127.02842922531907,37.48836453543321],[127.02850741146975,37.488200265183565],[127.02857983509452,37.488048249806766],[127.02861180975812,37.48798084762846],[127.02870389214932,37.48778729152779],[127.02876241799433,37.48766456174915],[127.02882150847289,37.48754039020729],[127.02887890402441,37.487419823028844],[127.02893663830386,37.487298444840775],[127.02898081459341,37.48720581169963],[127.02905560880167,37.48704847954981],[127.02914520341328,37.48686041975973],[127.02916949462863,37.48680995802948],[127.02924745263513,37.486649021003714],[127.0293254103074,37.48648808392219],[127.02937715588956,37.486381122923866],[127.0293934252193,37.48634751175208],[127.02944505767381,37.48624091114851],[127.02948493999898,37.48615864032824],[127.0294864940289,37.486081063777696],[127.02954360993475,37.485823093661125],[127.02958006928012,37.48565892262168],[127.0296024187206,37.48555782499479],[127.02963176659327,37.485425641160134],[127.02966912842844,37.48525705496204],[127.02970569978329,37.4850915323397],[127.02974114252031,37.48493186647842],[127.02977026397633,37.48480022325012],[127.02977816521025,37.484764721914594],[127.02980333603634,37.484651099642996],[127.02981496170649,37.48459784768897],[127.02983900251611,37.48448620787987],[127.02987848342282,37.48430275456031],[127.02989701612239,37.48421661439131],[127.02998925739483,37.484164694527394],[127.02968769769265,37.48412269005107],[127.02967246062471,37.48419378268243],[127.02964390489488,37.484326326766805],[127.02959209800647,37.48456681631292],[127.02958069831394,37.484620068191674],[127.02953690264827,37.48481757804334],[127.0294503266808,37.485208452833035],[127.02944242524516,37.48524395414403],[127.02941691511087,37.4853592883095],[127.02939625850144,37.485452366595894],[127.0293717641555,37.48556319550264],[127.02936386264543,37.48559869680625],[127.02933925513679,37.48570952573017],[127.0292716407976,37.48601471067101],[127.02924952775167,37.486114546770715],[127.02924037323706,37.48615590486305],[127.02920139764899,37.486244842795365],[127.02907213566377,37.486514632687566],[127.02897938867767,37.48670818927131],[127.0289319360541,37.48680731038617],[127.0286758026279,37.48734211352248],[127.02865964586351,37.48737581466405],[127.02865105902066,37.487393656451516],[127.02859761734898,37.4875053027063],[127.02853558858803,37.487634700613135],[127.02846226116304,37.48778797758064],[127.02840057092061,37.48791674463276],[127.02836836995331,37.48798414680611],[127.0282961719748,37.4881358016036],[127.02821832441732,37.48829944093834],[127.0281151035694,37.48833622504581],[127.02847527484182,37.48844678629094]]]}},{"type":"Feature","properties":{"OBJECTID":"7324","GU_NAM":"서초구","F_SHIM":0.7,"F_DISA_NM":"8.8.~ 17. 호우","F_AVR_HGT":19.17,"F_AREA":186.46,"ADM_CD":"1165010800","F_SAT_YMD":"20220808","F_END_YMD":"20220810","F_SAT_TM":"13","F_END_TM":"1","F_RSN_DTL":"침수","F_ZONE_NM":"서울특별시 서초구 서초동 1341-17","INV_YR":"2023","F_YR":"2022","TYPE":"상가","layer":"서울시_2022(최종)","path":"D:/김원상/침수흔적도/(붙임2) 10~21년 서울시 침수흔적도/서울시_2022(최종).shp"},"geometry":{"type":"Polygon","coordinates":[[[127.02890659600192,37.48832125879511],[127.0289776619553,37.488168892102195],[127.02886887575919,37.488135940712255],[127.02879688231873,37.48828799220461],[127.02887990826564,37.48831315597319],[127.02890659600192,37.48832125879511]]]}},{"type":"Feature","properties":{"OBJECTID":"7325","GU_NAM":"서초구","F_SHIM":0.7,"F_DISA_NM":"8.8.~ 17. 호우","F_AVR_HGT":19.26,"F_AREA":299.01,"ADM_CD":"1165010800","F_SAT_YMD":"20220808","F_END_YMD":"20220810","F_SAT_TM":"13","F_END_TM":"1","F_RSN_DTL":"침수","F_ZONE_NM":"서울특별시 서초구 서초동 1341-19","INV_YR":"2023","F_YR":"2022","TYPE":"상가","layer":"서울시_2022(최종)","path":"D:/김원상/침수흔적도/(붙임2) 10~21년 서울시 침수흔적도/서울시_2022(최종).shp"},"geometry":{"type":"Polygon","coordinates":[[[127.02868269063525,37.4882533840507],[127.02875477471098,37.48810127854608],[127.02857983509452,37.488048249806766],[127.02850741146975,37.488200265183565],[127.02866663279342,37.48824852233824],[127.02868269063525,37.4882533840507]]]}},{"type":"Feature","properties":{"OBJECTID":"7326","GU_NAM":"서초구","F_SHIM":0.7,"F_DISA_NM":"8.8.~ 17. 호우","F_AVR_HGT":20.13,"F_AREA":486.74,"ADM_CD":"1165010800","F_SAT_YMD":"20220808","F_END_YMD":"20220810","F_SAT_TM":"13","F_END_TM":"1","F_RSN_DTL":"침수","F_ZONE_NM":"서울특별시 서초구 서초동 1342-15","INV_YR":"2023","F_YR":"2022","TYPE":"상가","layer":"서울시_2022(최종)","path":"D:/김원상/침수흔적도/(붙임2) 10~21년 서울시 침수흔적도/서울시_2022(최종).shp"},"geometry":{"type":"Polygon","coordinates":[[[127.0270610573739,37.48801254789624],[127.02725647534585,37.48807258421047],[127.02736222191474,37.487851023078804],[127.02730194907728,37.48783264682357],[127.02716988042829,37.48779239183032],[127.02716670282013,37.48779141943941],[127.0270610573739,37.48801254789624]]]}},{"type":"Feature","properties":{"OBJECTID":"7327","GU_NAM":"서초구","F_SHIM":0.7,"F_DISA_NM":"8.8.~ 17. 호우","F_AVR_HGT":20.13,"F_AREA":1009.31,"ADM_CD":"1165010800","F_SAT_YMD":"20220808","F_END_YMD":"20220810","F_SAT_TM":"13","F_END_TM":"1","F_RSN_DTL":"침수","F_ZONE_NM":"서울특별시 서초구 서초동 1342","INV_YR":"2023","F_YR":"2022","TYPE":"상가","layer":"서울시_2022(최종)","path":"D:/김원상/침수흔적도/(붙임2) 10~21년 서울시 침수흔적도/서울시_2022(최종).shp"},"geometry":{"type":"Polygon","coordinates":[[[127.02665486584885,37.487887846420634],[127.0270610573739,37.48801254789624],[127.02716670282013,37.48779141943941],[127.02703051812442,37.487749885762575],[127.02676017334929,37.487667439194965],[127.02665486584885,37.487887846420634]]]}},{"type":"Feature","properties":{"OBJECTID":"7328","GU_NAM":"서초구","F_SHIM":0.7,"F_DISA_NM":"8.8.~ 17. 호우","F_AVR_HGT":19.95,"F_AREA":412.04,"ADM_CD":"1165010800","F_SAT_YMD":"20220808","F_END_YMD":"20220810","F_SAT_TM":"13","F_END_TM":"1","F_RSN_DTL":"침수","F_ZONE_NM":"서울특별시 서초구 서초동 1344-9","INV_YR":"2023","F_YR":"2022","TYPE":"상가","layer":"서울시_2022(최종)","path":"D:/김원상/침수흔적도/(붙임2) 10~21년 서울시 침수흔적도/서울시_2022(최종).shp"},"geometry":{"type":"Polygon","coordinates":[[[127.02811503721159,37.4878301329896],[127.02840057092061,37.48791674463276],[127.02846226116304,37.48778797758064],[127.02817549573163,37.48770227637323],[127.02811503721159,37.4878301329896]]]}},{"type":"Feature","properties":{"OBJECTID":"7329","GU_NAM":"서초구","F_SHIM":0.7,"F_DISA_NM":"8.8.~ 17. 호우","F_AVR_HGT":19.95,"F_AREA":497.85,"ADM_CD":"1165010800","F_SAT_YMD":"20220808","F_END_YMD":"20220810","F_SAT_TM":"13","F_END_TM":"1","F_RSN_DTL":"침수","F_ZONE_NM":"서울특별시 서초구 서초동 1344-10","INV_YR":"2023","F_YR":"2022","TYPE":"상가","layer":"서울시_2022(최종)","path":"D:/김원상/침수흔적도/(붙임2) 10~21년 서울시 침수흔적도/서울시_2022(최종).shp"},"geometry":{"type":"Polygon","coordinates":[[[127.02846226116304,37.48778797758064],[127.02853558858803,37.487634700613135],[127.02824928626323,37.487546242414375],[127.02817549573163,37.48770227637323],[127.02846226116304,37.48778797758064]]]}},{"type":"Feature","properties":{"OBJECTID":"7330","GU_NAM":"서초구","F_SHIM":0.7,"F_DISA_NM":"8.8.~ 17. 호우","F_AVR_HGT":20.04,"F_AREA":320.73,"ADM_CD":"1165010800","F_SAT_YMD":"20220808","F_END_YMD":"20220810","F_SAT_TM":"13","F_END_TM":"1","F_RSN_DTL":"침수","F_ZONE_NM":"서울특별시 서초구 서초동 1343-5","INV_YR":"2023","F_YR":"2022","TYPE":"상가","layer":"서울시_2022(최종)","path":"D:/김원상/침수흔적도/(붙임2) 10~21년 서울시 침수흔적도/서울시_2022(최종).shp"},"geometry":{"type":"Polygon","coordinates":[[[127.02665005232625,37.487695123393216],[127.02671581291418,37.48755743647443],[127.02669906852152,37.48752752681963],[127.02654652165337,37.487480887394824],[127.02646799079936,37.48763929993556],[127.02648809671211,37.487645467542976],[127.02665005232625,37.487695123393216]]]}},{"type":"Feature","properties":{"OBJECTID":"7332","GU_NAM":"서초구","F_SHIM":0.7,"F_DISA_NM":"8.8.~ 17. 호우","F_AVR_HGT":20.04,"F_AREA":194.54,"ADM_CD":"1165010800","F_SAT_YMD":"20220808","F_END_YMD":"20220810","F_SAT_TM":"13","F_END_TM":"1","F_RSN_DTL":"침수","F_ZONE_NM":"서울특별시 서초구 서초동 1344-11","INV_YR":"2023","F_YR":"2022","TYPE":"도","layer":"서울시_2022(최종)","path":"D:/김원상/침수흔적도/(붙임2) 10~21년 서울시 침수흔적도/서울시_2022(최종).shp"},"geometry":{"type":"Polygon","coordinates":[[[127.02853558858803,37.487634700613135],[127.02859761734898,37.4875053027063],[127.0282453545669,37.48739636182833],[127.02818152731996,37.487525318468265],[127.02824928626323,37.487546242414375],[127.02853558858803,37.487634700613135]]]}},{"type":"Feature","properties":{"OBJECTID":"7331","GU_NAM":"서초구","F_SHIM":0.7,"F_DISA_NM":"8.8.~ 17. 호우","F_AVR_HGT":20.04,"F_AREA":14.86,"ADM_CD":"1165010800","F_SAT_YMD":"20220808","F_END_YMD":"20220810","F_SAT_TM":"13","F_END_TM":"1","F_RSN_DTL":"침수","F_ZONE_NM":"서울특별시 서초구 서초동 1343-20","INV_YR":"2023","F_YR":"2022","TYPE":"상가","layer":"서울시_2022(최종)","path":"D:/김원상/침수흔적도/(붙임2) 10~21년 서울시 침수흔적도/서울시_2022(최종).shp"},"geometry":{"type":"Polygon","coordinates":[[[127.02578922553965,37.487622052011126],[127.02580505692107,37.487626914161766],[127.0258847171387,37.48746012252118],[127.02578922553965,37.487622052011126]]]}},{"type":"Feature","properties":{"OBJECTID":"7333","GU_NAM":"서초구","F_SHIM":0.7,"F_DISA_NM":"8.8.~ 17. 호우","F_AVR_HGT":20.13,"F_AREA":324.11,"ADM_CD":"1165010800","F_SAT_YMD":"20220808","F_END_YMD":"20220810","F_SAT_TM":"13","F_END_TM":"1","F_RSN_DTL":"침수","F_ZONE_NM":"서울특별시 서초구 서초동 1344-1","INV_YR":"2023","F_YR":"2022","TYPE":"상가","layer":"서울시_2022(최종)","path":"D:/김원상/침수흔적도/(붙임2) 10~21년 서울시 침수흔적도/서울시_2022(최종).shp"},"geometry":{"type":"Polygon","coordinates":[[[127.02718142276143,37.48735643110542],[127.02723559739604,37.48723314439831],[127.02723131162507,37.487231865909976],[127.02700084145282,37.487163277603074],[127.02694253904158,37.48728537577135],[127.02718142276143,37.48735643110542]]]}},{"type":"Feature","properties":{"OBJECTID":"7334","GU_NAM":"서초구","F_SHIM":0.5,"F_DISA_NM":"8.8.~ 17. 호우","F_AVR_HGT":13.24,"F_AREA":186.44,"ADM_CD":"1165010700","F_SAT_YMD":"20220808","F_END_YMD":"20220810","F_SAT_TM":"13","F_END_TM":"1","F_RSN_DTL":"침수","F_ZONE_NM":"서울특별시 서초구 반포동 749-48","INV_YR":"2023","F_YR":"2022","TYPE":"도","layer":"서울시_2022(최종)","path":"D:/김원상/침수흔적도/(붙임2) 10~21년 서울시 침수흔적도/서울시_2022(최종).shp"},"geometry":{"type":"Polygon","coordinates":[[[127.01934841993973,37.5033818616265],[127.01934800175616,37.50338296991754],[127.01934744794146,37.503384420608405],[127.0193471427724,37.503385195513026],[127.01934663416947,37.503386538077315],[127.01934559435335,37.50338925924913],[127.01934489360863,37.50339109739149],[127.0194039620045,37.50348377415925],[127.0194776304151,37.50329074211216],[127.01948709041736,37.50326596321931],[127.01948936217195,37.503260007274704],[127.01949450469807,37.5032465185471],[127.01949504720827,37.50324510389715],[127.01949572534214,37.50324331981722],[127.01949629045801,37.50324185110393],[127.01949643738675,37.50324146365225],[127.01940597133249,37.50323106184485],[127.01934841993973,37.5033818616265]]]}},{"type":"Feature","properties":{"OBJECTID":"7336","GU_NAM":"서초구","F_SHIM":0.5,"F_DISA_NM":"8.8.~ 17. 호우","F_AVR_HGT":12.41,"F_AREA":197.29,"ADM_CD":"1165010700","F_SAT_YMD":"20220808","F_END_YMD":"20220810","F_SAT_TM":"13","F_END_TM":"1","F_RSN_DTL":"침수","F_ZONE_NM":"서울특별시 서초구 반포동 742-18","INV_YR":"2023","F_YR":"2022","TYPE":"상가","layer":"서울시_2022(최종)","path":"D:/김원상/침수흔적도/(붙임2) 10~21년 서울시 침수흔적도/서울시_2022(최종).shp"},"geometry":{"type":"Polygon","coordinates":[[[127.02008298057073,37.50431553404482],[127.02025523497029,37.50435705187411],[127.02029716650925,37.50425000663211],[127.02012392865585,37.50420949813605],[127.02008298057073,37.50431553404482]]]}},{"type":"Feature","properties":{"OBJECTID":"7337","GU_NAM":"서초구","F_SHIM":0.7,"F_DISA_NM":"8.8.~ 17. 호우","F_AVR_HGT":17.06,"F_AREA":1050.35,"ADM_CD":"1165010800","F_SAT_YMD":"20220808","F_END_YMD":"20220810","F_SAT_TM":"13","F_END_TM":"1","F_RSN_DTL":"침수","F_ZONE_NM":"서울특별시 서초구 서초동 1332-2","INV_YR":"2023","F_YR":"2022","TYPE":"상가","layer":"서울시_2022(최종)","path":"D:/김원상/침수흔적도/(붙임2) 10~21년 서울시 침수흔적도/서울시_2022(최종).shp"},"geometry":{"type":"Polygon","coordinates":[[[127.02619348568436,37.49253998861912],[127.02625314943018,37.49241518764421],[127.02550066261267,37.49219432748939],[127.02544178938754,37.49231930812904],[127.02619348568436,37.49253998861912]]]}},{"type":"Feature","properties":{"OBJECTID":"7338","GU_NAM":"서초구","F_SHIM":0.7,"F_DISA_NM":"8.8.~ 17. 호우","F_AVR_HGT":19.05,"F_AREA":60419.21,"ADM_CD":"1165010800","F_SAT_YMD":"20220808","F_END_YMD":"20220810","F_SAT_TM":"13","F_END_TM":"1","F_RSN_DTL":"침수","F_ZONE_NM":"서울특별시 서초구 서초동 1335","INV_YR":"2023","F_YR":"2022","TYPE":"상가","layer":"서울시_2022(최종)","path":"D:/김원상/침수흔적도/(붙임2) 10~21년 서울시 침수흔적도/서울시_2022(최종).shp"},"geometry":{"type":"Polygon","coordinates":[[[127.02718774189209,37.490458286256604],[127.0280410473534,37.488671233715706],[127.02799499816871,37.488588982691724],[127.02511784182978,37.48770553059479],[127.02433597145685,37.489596794302024],[127.02559731033556,37.489977847330756],[127.02664640031706,37.49029478097906],[127.02718774189209,37.490458286256604]]]}},{"type":"Feature","properties":{"OBJECTID":"7339","GU_NAM":"서초구","F_SHIM":0.7,"F_DISA_NM":"8.8.~ 17. 호우","F_AVR_HGT":19.52,"F_AREA":1295.73,"ADM_CD":"1165010800","F_SAT_YMD":"20220808","F_END_YMD":"20220810","F_SAT_TM":"13","F_END_TM":"1","F_RSN_DTL":"침수","F_ZONE_NM":"서울특별시 서초구 서초동 1340","INV_YR":"2023","F_YR":"2022","TYPE":"상가","layer":"서울시_2022(최종)","path":"D:/김원상/침수흔적도/(붙임2) 10~21년 서울시 침수흔적도/서울시_2022(최종).shp"},"geometry":{"type":"Polygon","coordinates":[[[127.03003323995651,37.48892530234354],[127.0303360825058,37.489018212116946],[127.03044692850352,37.48878717750164],[127.03051922490367,37.48863650347377],[127.03025245804513,37.48855556870295],[127.03020090449259,37.48857396164183],[127.03003323995651,37.48892530234354]]]}},{"type":"Feature","properties":{"OBJECTID":"7340","GU_NAM":"서초구","F_SHIM":0.7,"F_DISA_NM":"8.8.~ 17. 호우","F_AVR_HGT":19.78,"F_AREA":276.36,"ADM_CD":"1165010800","F_SAT_YMD":"20220808","F_END_YMD":"20220810","F_SAT_TM":"13","F_END_TM":"1","F_RSN_DTL":"침수","F_ZONE_NM":"서울특별시 서초구 서초동 1340-14","INV_YR":"2023","F_YR":"2022","TYPE":"상가","layer":"서울시_2022(최종)","path":"D:/김원상/침수흔적도/(붙임2) 10~21년 서울시 침수흔적도/서울시_2022(최종).shp"},"geometry":{"type":"Polygon","coordinates":[[[127.03060919450425,37.48883685486864],[127.03068251948018,37.48868592820878],[127.03051922490367,37.48863650347377],[127.03044692850352,37.48878717750164],[127.03059833831581,37.48883353284927],[127.03060919450425,37.48883685486864]]]}},{"type":"Feature","properties":{"OBJECTID":"7341","GU_NAM":"서초구","F_SHIM":0.7,"F_DISA_NM":"8.8.~ 17. 호우","F_AVR_HGT":19.78,"F_AREA":238.45,"ADM_CD":"1165010800","F_SAT_YMD":"20220808","F_END_YMD":"20220810","F_SAT_TM":"13","F_END_TM":"1","F_RSN_DTL":"침수","F_ZONE_NM":"서울특별시 서초구 서초동 1341-9","INV_YR":"2023","F_YR":"2022","TYPE":"상가","layer":"서울시_2022(최종)","path":"D:/김원상/침수흔적도/(붙임2) 10~21년 서울시 침수흔적도/서울시_2022(최종).shp"},"geometry":{"type":"Polygon","coordinates":[[[127.03003709807439,37.488663831053245],[127.03009528351554,37.48854191161565],[127.03007208823463,37.48850083159689],[127.0299639795732,37.48846806125365],[127.0298954030847,37.48862087843417],[127.03003709807439,37.488663831053245]]]}},{"type":"Feature","properties":{"OBJECTID":"7342","GU_NAM":"서초구","F_SHIM":0.7,"F_DISA_NM":"8.8.~ 17. 호우","F_AVR_HGT":20.04,"F_AREA":303.88,"ADM_CD":"1165010800","F_SAT_YMD":"20220808","F_END_YMD":"20220810","F_SAT_TM":"13","F_END_TM":"1","F_RSN_DTL":"침수","F_ZONE_NM":"서울특별시 서초구 서초동 1343-4","INV_YR":"2023","F_YR":"2022","TYPE":"상가","layer":"서울시_2022(최종)","path":"D:/김원상/침수흔적도/(붙임2) 10~21년 서울시 침수흔적도/서울시_2022(최종).shp"},"geometry":{"type":"Polygon","coordinates":[[[127.02640857330896,37.48781221450608],[127.02657050663156,37.48786191551864],[127.02665005232625,37.487695123393216],[127.02648809671211,37.487645467542976],[127.02640857330896,37.48781221450608]]]}},{"type":"Feature","properties":{"OBJECTID":"7343","GU_NAM":"서초구","F_SHIM":0.5,"F_DISA_NM":"8.8.~ 17. 호우","F_AVR_HGT":13,"F_AREA":209.02,"ADM_CD":"1165010700","F_SAT_YMD":"20220808","F_END_YMD":"20220810","F_SAT_TM":"13","F_END_TM":"1","F_RSN_DTL":"침수","F_ZONE_NM":"서울특별시 서초구 반포동 745-10","INV_YR":"2023","F_YR":"2022","TYPE":"도","layer":"서울시_2022(최종)","path":"D:/김원상/침수흔적도/(붙임2) 10~21년 서울시 침수흔적도/서울시_2022(최종).shp"},"geometry":{"type":"Polygon","coordinates":[[[127.02029569362743,37.503381462569905],[127.0202665246343,37.503373069898544],[127.02013826796771,37.5033396631466],[127.02000865509098,37.50330950006146],[127.01987791215412,37.503282490503814],[127.01974615227924,37.503258814652135],[127.01961360161526,37.50323838236856],[127.01950310571623,37.50322398326938],[127.01949643738675,37.50324146365225],[127.01962254075197,37.503258022762715],[127.01980315917847,37.50329043088361],[127.0199811786466,37.503331128319],[127.02015580755453,37.50338011520539],[127.02027807217225,37.50342091107593],[127.02029569362743,37.503381462569905]]]}},{"type":"Feature","properties":{"OBJECTID":"7344","GU_NAM":"서초구","F_SHIM":0.5,"F_DISA_NM":"8.8.~ 17. 호우","F_AVR_HGT":16.08,"F_AREA":431.61,"ADM_CD":"1165010800","F_SAT_YMD":"20220808","F_END_YMD":"20220810","F_SAT_TM":"13","F_END_TM":"1","F_RSN_DTL":"침수","F_ZONE_NM":"서울특별시 서초구 서초동 1302-24","INV_YR":"2023","F_YR":"2022","TYPE":"상가","layer":"서울시_2022(최종)","path":"D:/김원상/침수흔적도/(붙임2) 10~21년 서울시 침수흔적도/서울시_2022(최종).shp"},"geometry":{"type":"Polygon","coordinates":[[[127.02242806094665,37.50368715547322],[127.02243802998103,37.50366607935862],[127.02252897174353,37.50347386226373],[127.02254412864936,37.50344179303726],[127.02238758230324,37.50339482472504],[127.02227062053218,37.50363952042755],[127.02242806094665,37.50368715547322]]]}},{"type":"Feature","properties":{"OBJECTID":"7347","GU_NAM":"서초구","F_SHIM":0.5,"F_DISA_NM":"8.8.~ 17. 호우","F_AVR_HGT":12.76,"F_AREA":493.21,"ADM_CD":"1165010700","F_SAT_YMD":"20220808","F_END_YMD":"20220810","F_SAT_TM":"13","F_END_TM":"1","F_RSN_DTL":"침수","F_ZONE_NM":"서울특별시 서초구 반포동 749-47","INV_YR":"2023","F_YR":"2022","TYPE":"도","layer":"서울시_2022(최종)","path":"D:/김원상/침수흔적도/(붙임2) 10~21년 서울시 침수흔적도/서울시_2022(최종).shp"},"geometry":{"type":"Polygon","coordinates":[[[127.01917593391086,37.50383381926575],[127.01913773149248,37.50393390785498],[127.01913638649826,37.503937448978654],[127.01913521103799,37.503940530567924],[127.01913441986446,37.50394261199183],[127.01913384343307,37.503944107734874],[127.01913135688517,37.50395064034284],[127.01913056570929,37.50395271275674],[127.01913033965961,37.50395330744928],[127.01913014751513,37.50395380302694],[127.01912986495623,37.5039545599076],[127.01912949197448,37.503955542051266],[127.01912838432175,37.50395841640077],[127.0191281582742,37.503959020103274],[127.01912789831509,37.503959695890714],[127.01912737840122,37.503961065485534],[127.01912710713901,37.503961768304556],[127.01912684718211,37.50396245310198],[127.0191266663406,37.50396292164801],[127.01912630465984,37.503963867750066],[127.01912608991532,37.503964444420944],[127.01910282932202,37.50402539140589],[127.01924004337728,37.50391342187039],[127.01924095887921,37.50391103408772],[127.01924132055622,37.50391007897531],[127.01924163702942,37.50390926802941],[127.0192461467304,37.50389753635563],[127.01929015839822,37.50378208483661],[127.01930701029407,37.50373790635528],[127.01932672167915,37.50368624915452],[127.01937640690304,37.50355602037177],[127.0194039620045,37.50348377415925],[127.01934489360863,37.50339109739149],[127.01934168374244,37.50339950419014],[127.01934111862447,37.50340098191264],[127.01933885815896,37.503406919832585],[127.01933698196594,37.50341182154646],[127.0193368237373,37.503412254049536],[127.01933495884488,37.50341711972171],[127.01933379470383,37.50342017428157],[127.01932636905703,37.503439627954805],[127.01931392515615,37.503472227948954],[127.0192887999781,37.50353807668718],[127.01928284362151,37.50355369188355],[127.01927767842382,37.50356720763462],[127.01926457894406,37.50360153763808],[127.01921548121625,37.503730198547814],[127.01917593391086,37.50383381926575]]]}},{"type":"Feature","properties":{"OBJECTID":"7348","GU_NAM":"서초구","F_SHIM":0.5,"F_DISA_NM":"8.8.~ 17. 호우","F_AVR_HGT":13.24,"F_AREA":613.58,"ADM_CD":"1165010700","F_SAT_YMD":"20220808","F_END_YMD":"20220810","F_SAT_TM":"13","F_END_TM":"1","F_RSN_DTL":"침수","F_ZONE_NM":"서울특별시 서초구 반포동 749-34","INV_YR":"2023","F_YR":"2022","TYPE":"도","layer":"서울시_2022(최종)","path":"D:/김원상/침수흔적도/(붙임2) 10~21년 서울시 침수흔적도/서울시_2022(최종).shp"},"geometry":{"type":"Polygon","coordinates":[[[127.01925984725787,37.50320080132681],[127.01934635410478,37.50320751876053],[127.01941251535668,37.50321390584524],[127.01950310571623,37.50322398326938],[127.01961360161526,37.50323838236856],[127.01964805762302,37.50308313506891],[127.01952546059118,37.50306720614964],[127.01950872230191,37.50306522650354],[127.0193685962307,37.503050831786865],[127.01922813176343,37.503039950848354],[127.01921536337098,37.50303927701312],[127.01925984725787,37.50320080132681]]]}},{"type":"Feature","properties":{"OBJECTID":"7349","GU_NAM":"서초구","F_SHIM":0.5,"F_DISA_NM":"8.8.~ 17. 호우","F_AVR_HGT":12.54,"F_AREA":256.46,"ADM_CD":"1165010700","F_SAT_YMD":"20220808","F_END_YMD":"20220810","F_SAT_TM":"13","F_END_TM":"1","F_RSN_DTL":"침수","F_ZONE_NM":"서울특별시 서초구 반포동 742-11","INV_YR":"2023","F_YR":"2022","TYPE":"상가","layer":"서울시_2022(최종)","path":"D:/김원상/침수흔적도/(붙임2) 10~21년 서울시 침수흔적도/서울시_2022(최종).shp"},"geometry":{"type":"Polygon","coordinates":[[[127.01987397150167,37.503816431715705],[127.01976630895705,37.503783895329],[127.01965948637535,37.50399734024584],[127.01970019154015,37.504007100808444],[127.01977055190312,37.504024001694575],[127.01987397150167,37.503816431715705]]]}},{"type":"Feature","properties":{"OBJECTID":"7350","GU_NAM":"서초구","F_SHIM":0.5,"F_DISA_NM":"8.8.~ 17. 호우","F_AVR_HGT":13.48,"F_AREA":945,"ADM_CD":"1165010700","F_SAT_YMD":"20220808","F_END_YMD":"20220810","F_SAT_TM":"13","F_END_TM":"1","F_RSN_DTL":"침수","F_ZONE_NM":"서울특별시 서초구 반포동 745-6","INV_YR":"2023","F_YR":"2022","TYPE":"상가","layer":"서울시_2022(최종)","path":"D:/김원상/침수흔적도/(붙임2) 10~21년 서울시 침수흔적도/서울시_2022(최종).shp"},"geometry":{"type":"Polygon","coordinates":[[[127.02072991796076,37.503560493192545],[127.02055020693001,37.50394361773405],[127.02076871145663,37.50400963450854],[127.0209517128707,37.50362767138563],[127.02072991796076,37.503560493192545]]]}},{"type":"Feature","properties":{"OBJECTID":"7351","GU_NAM":"서초구","F_SHIM":0.5,"F_DISA_NM":"8.8.~ 17. 호우","F_AVR_HGT":12.76,"F_AREA":19.54,"ADM_CD":"1165010700","F_SAT_YMD":"20220808","F_END_YMD":"20220810","F_SAT_TM":"13","F_END_TM":"1","F_RSN_DTL":"침수","F_ZONE_NM":"서울특별시 서초구 반포동 742-5","INV_YR":"2023","F_YR":"2022","TYPE":"상가","layer":"서울시_2022(최종)","path":"D:/김원상/침수흔적도/(붙임2) 10~21년 서울시 침수흔적도/서울시_2022(최종).shp"},"geometry":{"type":"Polygon","coordinates":[[[127.01948960827113,37.50395645188255],[127.01950556685738,37.50396031473604],[127.01959981052663,37.50373358215862],[127.01948960827113,37.50395645188255]]]}},{"type":"Feature","properties":{"OBJECTID":"7352","GU_NAM":"서초구","F_SHIM":0.5,"F_DISA_NM":"8.8.~ 17. 호우","F_AVR_HGT":12.76,"F_AREA":298.55,"ADM_CD":"1165010700","F_SAT_YMD":"20220808","F_END_YMD":"20220810","F_SAT_TM":"13","F_END_TM":"1","F_RSN_DTL":"침수","F_ZONE_NM":"서울특별시 서초구 반포동 742-4","INV_YR":"2023","F_YR":"2022","TYPE":"상가","layer":"서울시_2022(최종)","path":"D:/김원상/침수흔적도/(붙임2) 10~21년 서울시 침수흔적도/서울시_2022(최종).shp"},"geometry":{"type":"Polygon","coordinates":[[[127.01947189156735,37.50369493082368],[127.0194255965811,37.50381397774127],[127.01938045430053,37.503930033149864],[127.01941869380653,37.50393928061337],[127.01948960827113,37.50395645188255],[127.01959981052663,37.50373358215862],[127.01947189156735,37.50369493082368]]]}},{"type":"Feature","properties":{"OBJECTID":"7354","GU_NAM":"서초구","F_SHIM":0.7,"F_DISA_NM":"8.8.~ 17. 호우","F_AVR_HGT":17.42,"F_AREA":2750.19,"ADM_CD":"1165010800","F_SAT_YMD":"20220808","F_END_YMD":"20220810","F_SAT_TM":"13","F_END_TM":"1","F_RSN_DTL":"침수","F_ZONE_NM":"서울특별시 서초구 서초동 1755-1","INV_YR":"2023","F_YR":"2022","TYPE":"상가","layer":"서울시_2022(최종)","path":"D:/김원상/침수흔적도/(붙임2) 10~21년 서울시 침수흔적도/서울시_2022(최종).shp"},"geometry":{"type":"Polygon","coordinates":[[[127.02737676274522,37.49214797173966],[127.02756943014755,37.491744948121905],[127.02691476079417,37.49153569823969],[127.026890568369,37.491586357664936],[127.02687398362593,37.49169709413975],[127.02679138306956,37.49186965335665],[127.0268403744319,37.491956319073324],[127.02715690856897,37.49205220731112],[127.02727381815166,37.492116765565505],[127.02737676274522,37.49214797173966]]]}},{"type":"Feature","properties":{"OBJECTID":"7355","GU_NAM":"서초구","F_SHIM":0.7,"F_DISA_NM":"8.8.~ 17. 호우","F_AVR_HGT":18.16,"F_AREA":51270.15,"ADM_CD":"1165010800","F_SAT_YMD":"20220808","F_END_YMD":"20220810","F_SAT_TM":"13","F_END_TM":"1","F_RSN_DTL":"침수","F_ZONE_NM":"서울특별시 서초구 서초동 1755","INV_YR":"2023","F_YR":"2022","TYPE":"상가","layer":"서울시_2022(최종)","path":"D:/김원상/침수흔적도/(붙임2) 10~21년 서울시 침수흔적도/서울시_2022(최종).shp"},"geometry":{"type":"Polygon","coordinates":[[[127.02691476079417,37.49153569823969],[127.02756943014755,37.491744948121905],[127.02737676274522,37.49214797173966],[127.02821843949638,37.4924030828735],[127.02826993961818,37.49238466379324],[127.02858458786272,37.49172533039029],[127.02979987569572,37.489178692749576],[127.02977730188003,37.489136558358034],[127.02894870518622,37.48888198673677],[127.02894780057774,37.48888189684675],[127.02879779372834,37.48886649743895],[127.02868932308313,37.488833221454684],[127.02849731254646,37.48923309344523],[127.0280820765596,37.48910559685678],[127.02806750755053,37.48912257498104],[127.02806742842225,37.48912263806886],[127.02767733118392,37.48993969822409],[127.02766039804884,37.49005219186803],[127.0275975171469,37.49018053524486],[127.02751608079006,37.49027688814866],[127.02691476079417,37.49153569823969]]]}},{"type":"Feature","properties":{"OBJECTID":"7356","GU_NAM":"서초구","F_SHIM":0.7,"F_DISA_NM":"8.8.~ 17. 호우","F_AVR_HGT":17.37,"F_AREA":234.55,"ADM_CD":"1165010800","F_SAT_YMD":"20220808","F_END_YMD":"20220810","F_SAT_TM":"13","F_END_TM":"1","F_RSN_DTL":"침수","F_ZONE_NM":"서울특별시 서초구 서초동 1327-13","INV_YR":"2023","F_YR":"2022","TYPE":"상가","layer":"서울시_2022(최종)","path":"D:/김원상/침수흔적도/(붙임2) 10~21년 서울시 침수흔적도/서울시_2022(최종).shp"},"geometry":{"type":"Polygon","coordinates":[[[127.02819114973286,37.49487143206917],[127.02824358016613,37.494761588365755],[127.02805347093198,37.494703967241904],[127.02804997931949,37.494711266123204],[127.02800104022862,37.494813720762174],[127.02819114973286,37.49487143206917]]]}},{"type":"Feature","properties":{"OBJECTID":"7357","GU_NAM":"서초구","F_SHIM":0.7,"F_DISA_NM":"8.8.~ 17. 호우","F_AVR_HGT":17.37,"F_AREA":432.49,"ADM_CD":"1165010800","F_SAT_YMD":"20220808","F_END_YMD":"20220810","F_SAT_TM":"13","F_END_TM":"1","F_RSN_DTL":"침수","F_ZONE_NM":"서울특별시 서초구 서초동 1327-35","INV_YR":"2023","F_YR":"2022","TYPE":"상가","layer":"서울시_2022(최종)","path":"D:/김원상/침수흔적도/(붙임2) 10~21년 서울시 침수흔적도/서울시_2022(최종).shp"},"geometry":{"type":"Polygon","coordinates":[[[127.02829601044593,37.49465174463706],[127.0283695708472,37.4944978371985],[127.02834637463523,37.494456666783066],[127.02817130737041,37.49440354742743],[127.02808348647511,37.49458732609137],[127.02810592405011,37.49459407854133],[127.02829601044593,37.49465174463706]]]}},{"type":"Feature","properties":{"OBJECTID":"7358","GU_NAM":"서초구","F_SHIM":0.5,"F_DISA_NM":"8.8.~ 17. 호우","F_AVR_HGT":19.71,"F_AREA":30512.56,"ADM_CD":"1165010800","F_SAT_YMD":"20220808","F_END_YMD":"20220810","F_SAT_TM":"13","F_END_TM":"1","F_RSN_DTL":"침수","F_ZONE_NM":"서울특별시 서초구 서초동 1415","INV_YR":"2023","F_YR":"2022","TYPE":"도","layer":"서울시_2022(최종)","path":"D:/김원상/침수흔적도/(붙임2) 10~21년 서울시 침수흔적도/서울시_2022(최종).shp"},"geometry":{"type":"Polygon","coordinates":[[[127.02108723300381,37.4959551030266],[127.0211569088101,37.49597651723162],[127.02127326896715,37.496012285529304],[127.02132345412716,37.49588025367548],[127.02144207601125,37.495916571037995],[127.02327069551751,37.49110499947664],[127.0233364550737,37.49093217550905],[127.02462062522778,37.487552819142714],[127.02471925509101,37.48729349179446],[127.02460074700218,37.4872571145752],[127.02454692416985,37.487398753391425],[127.02429061635596,37.48731970421397],[127.02425379616427,37.48745332972],[127.02394633802156,37.48851647919104],[127.02356592126623,37.48951900397833],[127.02312103697528,37.49050433007058],[127.0229845344397,37.490823489247944],[127.02294905343634,37.49090927091239],[127.02292374996215,37.49099802402208],[127.02284116313716,37.491287926760485],[127.02229089326383,37.492721029360915],[127.02200953549365,37.4934743144127],[127.02166681356468,37.49439114062769],[127.02164669995776,37.49444583473795],[127.02139691982502,37.49492656034775],[127.02110415517201,37.49575778133705],[127.02116057585476,37.49577272856114],[127.02113910418952,37.49582616139866],[127.02108723300381,37.4959551030266]]]}},{"type":"Feature","properties":{"OBJECTID":"7359","GU_NAM":"서초구","F_SHIM":0.7,"F_DISA_NM":"8.8.~ 17. 호우","F_AVR_HGT":17.37,"F_AREA":234.64,"ADM_CD":"1165010800","F_SAT_YMD":"20220808","F_END_YMD":"20220810","F_SAT_TM":"13","F_END_TM":"1","F_RSN_DTL":"침수","F_ZONE_NM":"서울특별시 서초구 서초동 1327-11","INV_YR":"2023","F_YR":"2022","TYPE":"상가","layer":"서울시_2022(최종)","path":"D:/김원상/침수흔적도/(붙임2) 10~21년 서울시 침수흔적도/서울시_2022(최종).shp"},"geometry":{"type":"Polygon","coordinates":[[[127.02808628837387,37.495091029300234],[127.02813871911408,37.49498118564737],[127.02794858678429,37.4949235553522],[127.02793838309728,37.494944938355225],[127.02789606531232,37.4950333178521],[127.02808628837387,37.495091029300234]]]}},{"type":"Feature","properties":{"OBJECTID":"7360","GU_NAM":"서초구","F_SHIM":1.8,"F_DISA_NM":"8.8.~ 17. 호우","F_AVR_HGT":18.56,"F_AREA":1994.95,"ADM_CD":"1165010800","F_SAT_YMD":"20220808","F_END_YMD":"20220810","F_SAT_TM":"13","F_END_TM":"1","F_RSN_DTL":"침수","F_ZONE_NM":"서울특별시 서초구 서초동 1394","INV_YR":"2023","F_YR":"2022","TYPE":"도","layer":"서울시_2022(최종)","path":"D:/김원상/침수흔적도/(붙임2) 10~21년 서울시 침수흔적도/서울시_2022(최종).shp"},"geometry":{"type":"Polygon","coordinates":[[[127.02600114107251,37.499122100088336],[127.02620471870608,37.499183866251464],[127.02622461842063,37.49917268970433],[127.02625774567392,37.499150337997335],[127.02628747936322,37.499125193895736],[127.02631359340317,37.499097527749264],[127.02633563556543,37.499067700054816],[127.02635337979771,37.49903607126171],[127.02636603676275,37.49900948913025],[127.02644265658682,37.49884909516837],[127.02651814605709,37.49869122418897],[127.0265935220931,37.498533263081285],[127.02669432443288,37.498322317759204],[127.0267954651902,37.498110561372],[127.02683343524177,37.49803117521843],[127.02690406374552,37.49788321600291],[127.02677207929888,37.49784269932845],[127.02675173825749,37.4978853209352],[127.02663262958473,37.49813456267766],[127.02654391912891,37.498320277418486],[127.0264875284891,37.498438500430076],[127.02643735302951,37.498543477415446],[127.02635022374783,37.49872594806797],[127.02629428439926,37.49884281938586],[127.02625021091342,37.49893509091883],[127.02622116759302,37.49899600452734],[127.02620997857686,37.499016099143894],[127.02620037043347,37.49902907553708],[127.02619596198801,37.49903502305132],[127.02617945702748,37.49905259597803],[127.02616046360563,37.499068547623324],[127.02613943404177,37.49908278779187],[127.02611648130538,37.499094956059466],[127.02609205777622,37.49910514243077],[127.02606627642521,37.499112986481876],[127.02603958960364,37.499118488117986],[127.02601222345933,37.4991215571917],[127.02600114107251,37.499122100088336]]]}},{"type":"Feature","properties":{"OBJECTID":"7361","GU_NAM":"서초구","F_SHIM":0.5,"F_DISA_NM":"8.8.~ 17. 호우","F_AVR_HGT":20.24,"F_AREA":18570.65,"ADM_CD":"1165010800","F_SAT_YMD":"20220808","F_END_YMD":"20220810","F_SAT_TM":"13","F_END_TM":"1","F_RSN_DTL":"침수","F_ZONE_NM":"서울특별시 서초구 서초동 1370","INV_YR":"2023","F_YR":"2022","TYPE":"도","layer":"서울시_2022(최종)","path":"D:/김원상/침수흔적도/(붙임2) 10~21년 서울시 침수흔적도/서울시_2022(최종).shp"},"geometry":{"type":"Polygon","coordinates":[[[127.01951625290422,37.500043996844795],[127.01960842177829,37.50005028975835],[127.01975913320967,37.499995584963614],[127.01958316562195,37.500458527170245],[127.0197047662536,37.500486989083385],[127.0197812190847,37.500504907164085],[127.01984440578049,37.50033457257009],[127.01984562613981,37.500330463826245],[127.01987784649631,37.50024315203975],[127.01992365100007,37.500257110393584],[127.01998682593029,37.50008708205766],[127.0198343965442,37.500145941012896],[127.01993036963785,37.499893322059464],[127.01993046009987,37.49989328600544],[127.02002160131048,37.49986020510682],[127.02034448190594,37.49901078240406],[127.02059690952177,37.49863286291727],[127.02054635466915,37.49861268869231],[127.02063018714026,37.498307416672446],[127.02075088172364,37.49798988499337],[127.02079224308454,37.49788094745435],[127.02089123874971,37.497620632596934],[127.02115476734357,37.496910601670656],[127.02127971241545,37.49660450235139],[127.02144226604993,37.496206242327176],[127.02134345744282,37.49617599437952],[127.02144207601125,37.495916571037995],[127.02132345412716,37.49588025367548],[127.02127326896715,37.496012285529304],[127.0211569088101,37.49597651723162],[127.02108723300381,37.4959551030266],[127.02103524853354,37.49608395454771],[127.02102790295622,37.49610242624956],[127.02098945217348,37.496092341399525],[127.02079724704852,37.49667099473416],[127.02087325263513,37.49672269966863],[127.02082319048165,37.49685461416235],[127.02077512139778,37.496821915732205],[127.02061918331894,37.49728415368526],[127.02053006917133,37.497270472871506],[127.02053167707258,37.497367960731786],[127.01951625290422,37.500043996844795]]]}},{"type":"Feature","properties":{"OBJECTID":"7486","GU_NAM":"서초구","F_SHIM":0.5,"F_DISA_NM":"8.8.~ 17. 호우","F_AVR_HGT":12.41,"F_AREA":279.37,"ADM_CD":"1165010700","F_SAT_YMD":"20220808","F_END_YMD":"20220810","F_SAT_TM":"13","F_END_TM":"1","F_RSN_DTL":"침수(기타)","F_ZONE_NM":"서울특별시 서초구 반포동 732","INV_YR":"2023","F_YR":"2022","TYPE":"주택","layer":"서울시_2022(최종)","path":"D:/김원상/침수흔적도/(붙임2) 10~21년 서울시 침수흔적도/서울시_2022(최종).shp"},"geometry":{"type":"Polygon","coordinates":[[[127.01982721613473,37.50505819463352],[127.01994855439015,37.50500075515786],[127.01995976092557,37.50499545554024],[127.01983610578534,37.504827889135974],[127.01974247511704,37.504880612006446],[127.01973038451824,37.504924582577736],[127.01982721613473,37.50505819463352]]]}},{"type":"Feature","properties":{"OBJECTID":"7487","GU_NAM":"서초구","F_SHIM":0.5,"F_DISA_NM":"8.8.~ 17. 호우","F_AVR_HGT":12.41,"F_AREA":243.51,"ADM_CD":"1165010700","F_SAT_YMD":"20220808","F_END_YMD":"20220810","F_SAT_TM":"13","F_END_TM":"1","F_RSN_DTL":"침수(기타)","F_ZONE_NM":"서울특별시 서초구 반포동 732-20","INV_YR":"2023","F_YR":"2022","TYPE":"주택","layer":"서울시_2022(최종)","path":"D:/김원상/침수흔적도/(붙임2) 10~21년 서울시 침수흔적도/서울시_2022(최종).shp"},"geometry":{"type":"Polygon","coordinates":[[[127.02031278774645,37.50475744630455],[127.02032635762289,37.50475094794839],[127.02021479978566,37.50461464464206],[127.02009008396294,37.50468487008927],[127.02018797868966,37.50481718425038],[127.02031278774645,37.50475744630455]]]}},{"type":"Feature","properties":{"OBJECTID":"7488","GU_NAM":"서초구","F_SHIM":0.5,"F_DISA_NM":"8.8.~ 17. 호우","F_AVR_HGT":12.41,"F_AREA":271.96,"ADM_CD":"1165010700","F_SAT_YMD":"20220808","F_END_YMD":"20220810","F_SAT_TM":"13","F_END_TM":"1","F_RSN_DTL":"침수","F_ZONE_NM":"서울특별시 서초구 반포동 732-22","INV_YR":"2023","F_YR":"2022","TYPE":"상가","layer":"서울시_2022(최종)","path":"D:/김원상/침수흔적도/(붙임2) 10~21년 서울시 침수흔적도/서울시_2022(최종).shp"},"geometry":{"type":"Polygon","coordinates":[[[127.02046448703186,37.50468285546747],[127.02060931023755,37.5046099864526],[127.02049062161161,37.50449675911832],[127.02043452477038,37.50449091162661],[127.02033976414873,37.50454427486304],[127.02046448703186,37.50468285546747]]]}},{"type":"Feature","properties":{"OBJECTID":"7489","GU_NAM":"서초구","F_SHIM":0.5,"F_DISA_NM":"8.8.~ 17. 호우","F_AVR_HGT":13.53,"F_AREA":202.58,"ADM_CD":"1165010700","F_SAT_YMD":"20220808","F_END_YMD":"20220810","F_SAT_TM":"13","F_END_TM":"1","F_RSN_DTL":"침수","F_ZONE_NM":"서울특별시 서초구 반포동 732-33","INV_YR":"2023","F_YR":"2022","TYPE":"상가","layer":"서울시_2022(최종)","path":"D:/김원상/침수흔적도/(붙임2) 10~21년 서울시 침수흔적도/서울시_2022(최종).shp"},"geometry":{"type":"Polygon","coordinates":[[[127.02084611683368,37.50507541257024],[127.02097695349488,37.50501439352174],[127.02098666823974,37.50496997271615],[127.02091924625451,37.504905652545574],[127.02077195643021,37.50497520666592],[127.02084611683368,37.50507541257024]]]}},{"type":"Feature","properties":{"OBJECTID":"7490","GU_NAM":"서초구","F_SHIM":0.5,"F_DISA_NM":"8.8.~ 17. 호우","F_AVR_HGT":13.53,"F_AREA":393.69,"ADM_CD":"1165010700","F_SAT_YMD":"20220808","F_END_YMD":"20220810","F_SAT_TM":"13","F_END_TM":"1","F_RSN_DTL":"침수","F_ZONE_NM":"서울특별시 서초구 반포동 740-2","INV_YR":"2023","F_YR":"2022","TYPE":"상가","layer":"서울시_2022(최종)","path":"D:/김원상/침수흔적도/(붙임2) 10~21년 서울시 침수흔적도/서울시_2022(최종).shp"},"geometry":{"type":"Polygon","coordinates":[[[127.02131026569464,37.505166264439026],[127.02147183114103,37.505320380002246],[127.0215275858585,37.50531298238757],[127.02160239131693,37.5051563672246],[127.0213529588256,37.50507774322965],[127.02131026569464,37.505166264439026]]]}},{"type":"Feature","properties":{"OBJECTID":"7491","GU_NAM":"서초구","F_SHIM":0.5,"F_DISA_NM":"8.8.~ 17. 호우","F_AVR_HGT":12.41,"F_AREA":200.25,"ADM_CD":"1165010700","F_SAT_YMD":"20220808","F_END_YMD":"20220810","F_SAT_TM":"13","F_END_TM":"1","F_RSN_DTL":"침수","F_ZONE_NM":"서울특별시 서초구 반포동 732-26","INV_YR":"2023","F_YR":"2022","TYPE":"상가","layer":"서울시_2022(최종)","path":"D:/김원상/침수흔적도/(붙임2) 10~21년 서울시 침수흔적도/서울시_2022(최종).shp"},"geometry":{"type":"Polygon","coordinates":[[[127.02053845332237,37.50477852958068],[127.02067807587088,37.504712067416555],[127.02068450326293,37.504681711747274],[127.02062479679931,37.50462476031813],[127.02060931023755,37.5046099864526],[127.02046448703186,37.50468285546747],[127.02046567486994,37.504684170734215],[127.02047608314412,37.50469786423571],[127.02053845332237,37.50477852958068]]]}},{"type":"Feature","properties":{"OBJECTID":"7492","GU_NAM":"서초구","F_SHIM":0.5,"F_DISA_NM":"8.8.~ 17. 호우","F_AVR_HGT":13.12,"F_AREA":171.29,"ADM_CD":"1165010700","F_SAT_YMD":"20220808","F_END_YMD":"20220810","F_SAT_TM":"13","F_END_TM":"1","F_RSN_DTL":"침수","F_ZONE_NM":"서울특별시 서초구 반포동 732-30","INV_YR":"2023","F_YR":"2022","TYPE":"상가","layer":"서울시_2022(최종)","path":"D:/김원상/침수흔적도/(붙임2) 10~21년 서울시 침수흔적도/서울시_2022(최종).shp"},"geometry":{"type":"Polygon","coordinates":[[[127.02077195643021,37.50497520666592],[127.02091924625451,37.504905652545574],[127.02083067023219,37.50482115343877],[127.02070209536699,37.504880829472796],[127.02077195643021,37.50497520666592]]]}},{"type":"Feature","properties":{"OBJECTID":"7493","GU_NAM":"서초구","F_SHIM":0.5,"F_DISA_NM":"8.8.~ 17. 호우","F_AVR_HGT":13.12,"F_AREA":243.13,"ADM_CD":"1165010700","F_SAT_YMD":"20220808","F_END_YMD":"20220810","F_SAT_TM":"13","F_END_TM":"1","F_RSN_DTL":"침수","F_ZONE_NM":"서울특별시 서초구 반포동 732-29","INV_YR":"2023","F_YR":"2022","TYPE":"상가","layer":"서울시_2022(최종)","path":"D:/김원상/침수흔적도/(붙임2) 10~21년 서울시 침수흔적도/서울시_2022(최종).shp"},"geometry":{"type":"Polygon","coordinates":[[[127.02063658656314,37.50491123075861],[127.02070209536699,37.504880829472796],[127.02083067023219,37.50482115343877],[127.0207552733037,37.50474923005244],[127.02070307774672,37.504742156695706],[127.02056117089364,37.50480967342511],[127.02063658656314,37.50491123075861]]]}},{"type":"Feature","properties":{"OBJECTID":"7494","GU_NAM":"서초구","F_SHIM":0.5,"F_DISA_NM":"8.8.~ 17. 호우","F_AVR_HGT":17.33,"F_AREA":222.33,"ADM_CD":"1165010700","F_SAT_YMD":"20220808","F_END_YMD":"20220810","F_SAT_TM":"13","F_END_TM":"1","F_RSN_DTL":"침수","F_ZONE_NM":"서울특별시 서초구 반포동 738-34","INV_YR":"2023","F_YR":"2022","TYPE":"상가","layer":"서울시_2022(최종)","path":"D:/김원상/침수흔적도/(붙임2) 10~21년 서울시 침수흔적도/서울시_2022(최종).shp"},"geometry":{"type":"Polygon","coordinates":[[[127.02302136653742,37.50538875513993],[127.02307319020093,37.50528010335421],[127.02289195934831,37.50522381489747],[127.02283916268549,37.5053319622215],[127.02302136653742,37.50538875513993]]]}},{"type":"Feature","properties":{"OBJECTID":"7495","GU_NAM":"서초구","F_SHIM":0.5,"F_DISA_NM":"8.8.~ 17. 호우","F_AVR_HGT":15.02,"F_AREA":143.83,"ADM_CD":"1165010700","F_SAT_YMD":"20220808","F_END_YMD":"20220810","F_SAT_TM":"13","F_END_TM":"1","F_RSN_DTL":"침수","F_ZONE_NM":"서울특별시 서초구 반포동 738-39","INV_YR":"2023","F_YR":"2022","TYPE":"상가","layer":"서울시_2022(최종)","path":"D:/김원상/침수흔적도/(붙임2) 10~21년 서울시 침수흔적도/서울시_2022(최종).shp"},"geometry":{"type":"Polygon","coordinates":[[[127.02263296269476,37.505164278474915],[127.0226708142646,37.505077622720684],[127.02252025970316,37.50503485217569],[127.02248037154726,37.50511901247914],[127.02263296269476,37.505164278474915]]]}},{"type":"Feature","properties":{"OBJECTID":"7496","GU_NAM":"서초구","F_SHIM":0.5,"F_DISA_NM":"8.8.~ 17. 호우","F_AVR_HGT":19.04,"F_AREA":111.31,"ADM_CD":"1165010700","F_SAT_YMD":"20220808","F_END_YMD":"20220810","F_SAT_TM":"13","F_END_TM":"1","F_RSN_DTL":"침수","F_ZONE_NM":"서울특별시 서초구 반포동 738-45","INV_YR":"2023","F_YR":"2022","TYPE":"상가","layer":"서울시_2022(최종)","path":"D:/김원상/침수흔적도/(붙임2) 10~21년 서울시 침수흔적도/서울시_2022(최종).shp"},"geometry":{"type":"Polygon","coordinates":[[[127.02284823993051,37.50499839308735],[127.02288691911922,37.504919981244434],[127.02286189505323,37.50489468574229],[127.0228191307289,37.50484540886579],[127.02281376796115,37.50483830996774],[127.02280475993464,37.504858475928586],[127.02275457697665,37.50497033486258],[127.02284823993051,37.50499839308735]]]}},{"type":"Feature","properties":{"OBJECTID":"7497","GU_NAM":"서초구","F_SHIM":0.5,"F_DISA_NM":"8.8.~ 17. 호우","F_AVR_HGT":14.92,"F_AREA":118.53,"ADM_CD":"1165010700","F_SAT_YMD":"20220808","F_END_YMD":"20220810","F_SAT_TM":"13","F_END_TM":"1","F_RSN_DTL":"침수","F_ZONE_NM":"서울특별시 서초구 반포동 738-5","INV_YR":"2023","F_YR":"2022","TYPE":"상가","layer":"서울시_2022(최종)","path":"D:/김원상/침수흔적도/(붙임2) 10~21년 서울시 침수흔적도/서울시_2022(최종).shp"},"geometry":{"type":"Polygon","coordinates":[[[127.02238245539483,37.50618547803956],[127.02238713498751,37.50617589960539],[127.02245258241291,37.506045783928634],[127.0223639289736,37.50601931927769],[127.02232016330802,37.5061123009666],[127.02231551766012,37.50612195147209],[127.02238245539483,37.50618547803956]]]}},{"type":"Feature","properties":{"OBJECTID":"7498","GU_NAM":"서초구","F_SHIM":0.5,"F_DISA_NM":"8.8.~ 17. 호우","F_AVR_HGT":15.02,"F_AREA":200.83,"ADM_CD":"1165010700","F_SAT_YMD":"20220808","F_END_YMD":"20220810","F_SAT_TM":"13","F_END_TM":"1","F_RSN_DTL":"침수","F_ZONE_NM":"서울특별시 서초구 반포동 739","INV_YR":"2023","F_YR":"2022","TYPE":"상가","layer":"서울시_2022(최종)","path":"D:/김원상/침수흔적도/(붙임2) 10~21년 서울시 침수흔적도/서울시_2022(최종).shp"},"geometry":{"type":"Polygon","coordinates":[[[127.02158144736104,37.50541559692568],[127.02168200537223,37.505512986697475],[127.02169027491972,37.50552099515777],[127.02172678427877,37.50544314269084],[127.0217352672279,37.50544566403373],[127.02176688222737,37.50537823693796],[127.02174884182095,37.50537281602089],[127.02174780124518,37.50537250084979],[127.02159353619992,37.505326576268196],[127.02157227460837,37.505371089181565],[127.02158144736104,37.50541559692568]]]}},{"type":"Feature","properties":{"OBJECTID":"7499","GU_NAM":"서초구","F_SHIM":0.5,"F_DISA_NM":"8.8.~ 17. 호우","F_AVR_HGT":15.02,"F_AREA":361.69,"ADM_CD":"1165010700","F_SAT_YMD":"20220808","F_END_YMD":"20220810","F_SAT_TM":"13","F_END_TM":"1","F_RSN_DTL":"침수","F_ZONE_NM":"서울특별시 서초구 반포동 739-11","INV_YR":"2023","F_YR":"2022","TYPE":"상가","layer":"서울시_2022(최종)","path":"D:/김원상/침수흔적도/(붙임2) 10~21년 서울시 침수흔적도/서울시_2022(최종).shp"},"geometry":{"type":"Polygon","coordinates":[[[127.02227504055836,37.50534817253672],[127.02232355329254,37.505245819636976],[127.02201271404188,37.50514666508015],[127.02199008511609,37.505194232690634],[127.02196344352186,37.50525019829259],[127.02227504055836,37.50534817253672]]]}},{"type":"Feature","properties":{"OBJECTID":"7500","GU_NAM":"서초구","F_SHIM":0.5,"F_DISA_NM":"8.8.~ 17. 호우","F_AVR_HGT":15.02,"F_AREA":163.34,"ADM_CD":"1165010700","F_SAT_YMD":"20220808","F_END_YMD":"20220810","F_SAT_TM":"13","F_END_TM":"1","F_RSN_DTL":"침수","F_ZONE_NM":"서울특별시 서초구 반포동 739-14","INV_YR":"2023","F_YR":"2022","TYPE":"상가","layer":"서울시_2022(최종)","path":"D:/김원상/침수흔적도/(붙임2) 10~21년 서울시 침수흔적도/서울시_2022(최종).shp"},"geometry":{"type":"Polygon","coordinates":[[[127.02185507107124,37.50515480130725],[127.02189949315247,37.50506343244873],[127.0217422762299,37.505015256072994],[127.02169759444338,37.50510877830286],[127.02185507107124,37.50515480130725]]]}},{"type":"Feature","properties":{"OBJECTID":"7501","GU_NAM":"서초구","F_SHIM":0.5,"F_DISA_NM":"8.8.~ 17. 호우","F_AVR_HGT":15.87,"F_AREA":822.91,"ADM_CD":"1165010700","F_SAT_YMD":"20220808","F_END_YMD":"20220810","F_SAT_TM":"13","F_END_TM":"1","F_RSN_DTL":"침수","F_ZONE_NM":"서울특별시 서초구 반포동 740-18","INV_YR":"2023","F_YR":"2022","TYPE":"상가","layer":"서울시_2022(최종)","path":"D:/김원상/침수흔적도/(붙임2) 10~21년 서울시 침수흔적도/서울시_2022(최종).shp"},"geometry":{"type":"Polygon","coordinates":[[[127.02180025464654,37.50474207252226],[127.02192941567164,37.50447165172676],[127.02190621990692,37.50443048011677],[127.0216958679928,37.50436695081382],[127.02164645087379,37.50447179038021],[127.02160282084144,37.504564420415505],[127.02155534761349,37.50466516006832],[127.02180025464654,37.50474207252226]]]}},{"type":"Feature","properties":{"OBJECTID":"7502","GU_NAM":"서초구","F_SHIM":0.5,"F_DISA_NM":"8.8.~ 17. 호우","F_AVR_HGT":13.53,"F_AREA":2712.94,"ADM_CD":"1165010700","F_SAT_YMD":"20220808","F_END_YMD":"20220810","F_SAT_TM":"13","F_END_TM":"1","F_RSN_DTL":"침수","F_ZONE_NM":"서울특별시 서초구 반포동 749-28","INV_YR":"2023","F_YR":"2022","TYPE":"도","layer":"서울시_2022(최종)","path":"D:/김원상/침수흔적도/(붙임2) 10~21년 서울시 침수흔적도/서울시_2022(최종).shp"},"geometry":{"type":"Polygon","coordinates":[[[127.02105484602463,37.50619820190767],[127.02107914894212,37.506147742003954],[127.02096537475013,37.50611332464957],[127.02092307281063,37.50610052842591],[127.02077747054798,37.50605647543675],[127.02063318049164,37.506012818494554],[127.02048680944809,37.50596854002136],[127.02047924056784,37.505958089660616],[127.0204672819694,37.50594158529753],[127.02043270728032,37.505893864978304],[127.0203761727814,37.50581583858543],[127.02030960319294,37.505723965422625],[127.02026300231074,37.505659632561844],[127.02019471333114,37.50556538096995],[127.02013642572471,37.505484940060455],[127.02015089132279,37.505441419576215],[127.02028045134114,37.50538098715286],[127.0204100676944,37.50532053655783],[127.02053425583966,37.50526260948842],[127.02066315935812,37.50520248308856],[127.02078969923627,37.50514345615075],[127.02091625022464,37.50508442907494],[127.02101213301835,37.50503970576725],[127.02106789151956,37.505047445136015],[127.02114888872723,37.505124737336956],[127.021235451848,37.50520733543088],[127.02125227353302,37.505223388406925],[127.02128170867054,37.50525147660467],[127.02129590587222,37.50526502523894],[127.0213845281987,37.50534958705249],[127.02144550283204,37.505407781253915],[127.02157174886516,37.50551966384126],[127.02158144736104,37.50541559692568],[127.02147183114103,37.505320380002246],[127.02131026569464,37.505166264439026],[127.0212104103921,37.50507101860318],[127.02113336123031,37.50499751899007],[127.02106254534102,37.504929865772205],[127.0210266623375,37.50489564278638],[127.0208806419251,37.50475636349488],[127.02075737116468,37.5046387853615],[127.02075077607178,37.50463249746848],[127.02060088788086,37.50448953337208],[127.0206108289944,37.504445202656655],[127.02043452477038,37.50449091162661],[127.02049062161161,37.50449675911832],[127.02060931023755,37.5046099864526],[127.02062479679931,37.50462476031813],[127.02068450326293,37.504681711747274],[127.0207552733037,37.50474923005244],[127.02083067023219,37.50482115343877],[127.02091924625451,37.504905652545574],[127.02098666823974,37.50496997271615],[127.02097695349488,37.50501439352174],[127.02084611683368,37.50507541257024],[127.02081694147157,37.505089013400955],[127.02067241019863,37.505156422568994],[127.02064314430783,37.50517006842115],[127.02049869187631,37.50523742330311],[127.02040294422345,37.50528208310114],[127.02031563248417,37.505322795107844],[127.02021795088037,37.50536834705112],[127.02012849035017,37.50541006837686],[127.02007386170806,37.50539854419605],[127.02000327656553,37.50530114836682],[127.01991436375394,37.50517844631434],[127.01982721613473,37.50505819463352],[127.01973038451824,37.504924582577736],[127.0196897956493,37.50497675661728],[127.0197643510968,37.50507963910427],[127.01983257120855,37.505173782843755],[127.0199009272496,37.50526809771079],[127.01992353161673,37.50529927773276],[127.01999265721382,37.50539468263235],[127.0200826225672,37.50551881704275],[127.02009954767153,37.505542168249576],[127.02016744052897,37.505635852330684],[127.02023587660781,37.50573027510352],[127.02030272895236,37.50582253569194],[127.02036992086762,37.505915246685866],[127.02040979033809,37.50597026425981],[127.02050526041661,37.506031877210745],[127.02054133007807,37.50604279150231],[127.0206599901786,37.50607870413046],[127.0207731873369,37.50611295969358],[127.02088291222063,37.50614617055982],[127.02090306785769,37.506152267009725],[127.02091470655212,37.506155788000996],[127.02105484602463,37.50619820190767]]]}},{"type":"Feature","properties":{"OBJECTID":"7503","GU_NAM":"서초구","F_SHIM":0.5,"F_DISA_NM":"8.8.~ 17. 호우","F_AVR_HGT":12.76,"F_AREA":139.98,"ADM_CD":"1165010700","F_SAT_YMD":"20220808","F_END_YMD":"20220810","F_SAT_TM":"13","F_END_TM":"1","F_RSN_DTL":"침수","F_ZONE_NM":"서울특별시 서초구 반포동 749-32","INV_YR":"2023","F_YR":"2022","TYPE":"도","layer":"서울시_2022(최종)","path":"D:/김원상/침수흔적도/(붙임2) 10~21년 서울시 침수흔적도/서울시_2022(최종).shp"},"geometry":{"type":"Polygon","coordinates":[[[127.01856960339143,37.504095657339356],[127.01862049163083,37.504076098321654],[127.01878867302372,37.50411661877278],[127.01880868991599,37.50406363714966],[127.01861158471318,37.50399863178378],[127.01856960339143,37.504095657339356]]]}},{"type":"Feature","properties":{"OBJECTID":"7504","GU_NAM":"서초구","F_SHIM":0.5,"F_DISA_NM":"8.8.~ 17. 호우","F_AVR_HGT":14.28,"F_AREA":1986.05,"ADM_CD":"1165010700","F_SAT_YMD":"20220808","F_END_YMD":"20220810","F_SAT_TM":"13","F_END_TM":"1","F_RSN_DTL":"침수","F_ZONE_NM":"서울특별시 서초구 반포동 749-56","INV_YR":"2023","F_YR":"2022","TYPE":"도","layer":"서울시_2022(최종)","path":"D:/김원상/침수흔적도/(붙임2) 10~21년 서울시 침수흔적도/서울시_2022(최종).shp"},"geometry":{"type":"Polygon","coordinates":[[[127.01860445083837,37.504604689241965],[127.0185804634743,37.5046553738539],[127.01874751506494,37.50469536293375],[127.0187783806074,37.504702746612494],[127.0188287223327,37.504714794600964],[127.01888665322869,37.50472867047852],[127.01896839214852,37.504748228111154],[127.01900634924355,37.504757313568895],[127.01903429680073,37.5047640038441],[127.01905104724254,37.5047680198107],[127.01908911745979,37.50477713225494],[127.0191621136768,37.50479460073791],[127.01916724852096,37.504795825328245],[127.01917074338292,37.50479666273428],[127.01917639850053,37.50479802239618],[127.0191846097291,37.50479998534436],[127.01930534651663,37.50482888926521],[127.0193767593999,37.50484597943452],[127.01943303919953,37.5048594498443],[127.0194355613854,37.50486005313048],[127.01944696211912,37.50486278142494],[127.01956559540011,37.5048911808398],[127.01958652825141,37.50493298395103],[127.01953871580938,37.50499922362317],[127.01947282517297,37.50509050476046],[127.01942797467873,37.50515264439465],[127.01940900335667,37.5051789113625],[127.019405837701,37.50518329970238],[127.01931450835605,37.50530982263073],[127.019261922327,37.50532649900468],[127.0191339008976,37.50529576710252],[127.01899614140538,37.505262693907774],[127.01898443524533,37.50525987551538],[127.01895864777082,37.50525368946897],[127.01893369726157,37.50524770151311],[127.01891684492357,37.50524364950528],[127.01889061635832,37.50523735538919],[127.01879620939216,37.50521469111477],[127.01877704977247,37.505210089815634],[127.01877025229346,37.50520846000209],[127.01872203656866,37.50519688019914],[127.01871444737284,37.5051950612881],[127.01857458454086,37.505161483348466],[127.01841443123345,37.50512303374752],[127.0184015488513,37.505119936156106],[127.01838288829236,37.50517178224953],[127.018441633807,37.50518589248742],[127.01846317985905,37.50519103409752],[127.01846590563432,37.50519169143506],[127.01849575344364,37.5051988951334],[127.01872178937056,37.505253201622516],[127.01886332636836,37.50528720261061],[127.0189837697695,37.50531612492068],[127.0190062999029,37.5053215455955],[127.01903382919144,37.505328145832245],[127.01914239689394,37.50535423159693],[127.01924146399983,37.505378039162544],[127.01934539940001,37.50537559082831],[127.01939980361011,37.50530020511102],[127.01949360878783,37.505170239927295],[127.01951798428729,37.50513646680873],[127.0195714723803,37.50506236957616],[127.01963324754146,37.50497676530249],[127.0196897956493,37.50497675661728],[127.01973038451824,37.504924582577736],[127.01974247511704,37.504880612006446],[127.01983610578534,37.504827889135974],[127.01983684080803,37.504827474562866],[127.01983854832194,37.50482651023009],[127.01984776437621,37.50482131905138],[127.0199281871226,37.50477604040043],[127.01996252959455,37.5047566996239],[127.01996398832975,37.504755879487824],[127.01996690579779,37.504754230205684],[127.01997009466032,37.50475243672139],[127.02009008396294,37.50468487008927],[127.02011760763008,37.50466936859119],[127.02017169375345,37.50463891533631],[127.02021479978566,37.50461464464206],[127.02033976414873,37.50454427486304],[127.02043452477038,37.50449091162661],[127.02026295414797,37.50447183781524],[127.02027201289518,37.504516255586225],[127.0200920916989,37.50461754719372],[127.019946105379,37.50469973207647],[127.01992141997668,37.50471362931572],[127.01990868714675,37.50472080324367],[127.01986253909448,37.50474678619465],[127.01984408438577,37.5047571685573],[127.01982714495023,37.50476670374396],[127.01969010272627,37.50484385935239],[127.01963434815427,37.50485116600062],[127.01947024771908,37.50481188951597],[127.01942692948647,37.50480152560297],[127.01923112669755,37.50475466718366],[127.01922337919137,37.504752812289006],[127.0191635367906,37.504738495373125],[127.0188506624004,37.50466361469055],[127.01881810033741,37.50465582583],[127.01879193984978,37.50464955871132],[127.01878561745023,37.504648045958824],[127.01861167804519,37.5046064181128],[127.01860445083837,37.504604689241965]]]}},{"type":"Feature","properties":{"OBJECTID":"7505","GU_NAM":"서초구","F_SHIM":0.5,"F_DISA_NM":"8.8.~ 17. 호우","F_AVR_HGT":15.75,"F_AREA":658.2,"ADM_CD":"1165010800","F_SAT_YMD":"20220808","F_END_YMD":"20220810","F_SAT_TM":"13","F_END_TM":"1","F_RSN_DTL":"침수","F_ZONE_NM":"서울특별시 서초구 서초동 1309-11","INV_YR":"2023","F_YR":"2022","TYPE":"상가","layer":"서울시_2022(최종)","path":"D:/김원상/침수흔적도/(붙임2) 10~21년 서울시 침수흔적도/서울시_2022(최종).shp"},"geometry":{"type":"Polygon","coordinates":[[[127.02414285409255,37.502379400765165],[127.02420030508746,37.5023797501476],[127.02436112444511,37.50238665684803],[127.02447503716574,37.50214815848678],[127.0242815417066,37.50208970310732],[127.02420494775392,37.50224968111561],[127.02414285409255,37.502379400765165]]]}},{"type":"Feature","properties":{"OBJECTID":"7506","GU_NAM":"서초구","F_SHIM":0.5,"F_DISA_NM":"8.8.~ 17. 호우","F_AVR_HGT":15.22,"F_AREA":331.93,"ADM_CD":"1165010800","F_SAT_YMD":"20220808","F_END_YMD":"20220810","F_SAT_TM":"13","F_END_TM":"1","F_RSN_DTL":"침수","F_ZONE_NM":"서울특별시 서초구 서초동 1308-1","INV_YR":"2023","F_YR":"2022","TYPE":"상가","layer":"서울시_2022(최종)","path":"D:/김원상/침수흔적도/(붙임2) 10~21년 서울시 침수흔적도/서울시_2022(최종).shp"},"geometry":{"type":"Polygon","coordinates":[[[127.02427899161472,37.50154991536418],[127.02443428001934,37.501597007568975],[127.0245251695233,37.501406753057545],[127.02440355170341,37.501369907816986],[127.0243698588458,37.50135968800493],[127.02427899161472,37.50154991536418]]]}},{"type":"Feature","properties":{"OBJECTID":"7507","GU_NAM":"서초구","F_SHIM":0.5,"F_DISA_NM":"8.8.~ 17. 호우","F_AVR_HGT":15.22,"F_AREA":192.62,"ADM_CD":"1165010800","F_SAT_YMD":"20220808","F_END_YMD":"20220810","F_SAT_TM":"13","F_END_TM":"1","F_RSN_DTL":"침수","F_ZONE_NM":"서울특별시 서초구 서초동 1308-2","INV_YR":"2023","F_YR":"2022","TYPE":"상가","layer":"서울시_2022(최종)","path":"D:/김원상/침수흔적도/(붙임2) 10~21년 서울시 침수흔적도/서울시_2022(최종).shp"},"geometry":{"type":"Polygon","coordinates":[[[127.02443428001934,37.501597007568975],[127.0244899260096,37.50161384543495],[127.0245416029893,37.50159536490368],[127.02461821804638,37.50143497219591],[127.0245251695233,37.501406753057545],[127.02443428001934,37.501597007568975]]]}},{"type":"Feature","properties":{"OBJECTID":"7508","GU_NAM":"서초구","F_SHIM":0.5,"F_DISA_NM":"8.8.~ 17. 호우","F_AVR_HGT":16.45,"F_AREA":592.44,"ADM_CD":"1165010800","F_SAT_YMD":"20220808","F_END_YMD":"20220810","F_SAT_TM":"13","F_END_TM":"1","F_RSN_DTL":"침수","F_ZONE_NM":"서울특별시 서초구 서초동 1308-3","INV_YR":"2023","F_YR":"2022","TYPE":"도","layer":"서울시_2022(최종)","path":"D:/김원상/침수흔적도/(붙임2) 10~21년 서울시 침수흔적도/서울시_2022(최종).shp"},"geometry":{"type":"Polygon","coordinates":[[[127.0244899260096,37.50161384543495],[127.02460698627063,37.501649321958034],[127.02458378990976,37.50160815085412],[127.02467566230662,37.50141585076853],[127.02475098850397,37.501258179238384],[127.02482761407805,37.501097786383646],[127.02486424279452,37.50102111317365],[127.02494892592841,37.50084384293546],[127.02504462767779,37.500643522889774],[127.02512649589102,37.50047215461545],[127.02517817192705,37.50045367380238],[127.02506100017345,37.50041819786008],[127.02508419642784,37.50045936887868],[127.02499755888837,37.50064076618803],[127.02495774344882,37.50072411647718],[127.02489517776993,37.500855107057475],[127.02474965747624,37.501159781437714],[127.0246839265756,37.50129738584888],[127.02461821804638,37.50143497219591],[127.0245416029893,37.50159536490368],[127.0244899260096,37.50161384543495]]]}},{"type":"Feature","properties":{"OBJECTID":"7509","GU_NAM":"서초구","F_SHIM":0.5,"F_DISA_NM":"8.8.~ 17. 호우","F_AVR_HGT":16.45,"F_AREA":902.83,"ADM_CD":"1165010800","F_SAT_YMD":"20220808","F_END_YMD":"20220810","F_SAT_TM":"13","F_END_TM":"1","F_RSN_DTL":"침수","F_ZONE_NM":"서울특별시 서초구 서초동 1308-4","INV_YR":"2023","F_YR":"2022","TYPE":"상가","layer":"서울시_2022(최종)","path":"D:/김원상/침수흔적도/(붙임2) 10~21년 서울시 침수흔적도/서울시_2022(최종).shp"},"geometry":{"type":"Polygon","coordinates":[[[127.02460698627063,37.501649321958034],[127.02489901537731,37.501737922780414],[127.02495057927841,37.50171953219285],[127.02504246218277,37.501527240833695],[127.02467566230662,37.50141585076853],[127.02458378990976,37.50160815085412],[127.02460698627063,37.501649321958034]]]}},{"type":"Feature","properties":{"OBJECTID":"7510","GU_NAM":"서초구","F_SHIM":0.5,"F_DISA_NM":"8.8.~ 17. 호우","F_AVR_HGT":16.45,"F_AREA":649.87,"ADM_CD":"1165010800","F_SAT_YMD":"20220808","F_END_YMD":"20220810","F_SAT_TM":"13","F_END_TM":"1","F_RSN_DTL":"침수","F_ZONE_NM":"서울특별시 서초구 서초동 1308-5","INV_YR":"2023","F_YR":"2022","TYPE":"상가","layer":"서울시_2022(최종)","path":"D:/김원상/침수흔적도/(붙임2) 10~21년 서울시 침수흔적도/서울시_2022(최종).shp"},"geometry":{"type":"Polygon","coordinates":[[[127.02504246218277,37.501527240833695],[127.02511773116946,37.501369551064194],[127.02475098850397,37.501258179238384],[127.02467566230662,37.50141585076853],[127.02504246218277,37.501527240833695]]]}},{"type":"Feature","properties":{"OBJECTID":"7511","GU_NAM":"서초구","F_SHIM":0.5,"F_DISA_NM":"8.8.~ 17. 호우","F_AVR_HGT":16.45,"F_AREA":661.08,"ADM_CD":"1165010800","F_SAT_YMD":"20220808","F_END_YMD":"20220810","F_SAT_TM":"13","F_END_TM":"1","F_RSN_DTL":"침수","F_ZONE_NM":"서울특별시 서초구 서초동 1308-6","INV_YR":"2023","F_YR":"2022","TYPE":"상가","layer":"서울시_2022(최종)","path":"D:/김원상/침수흔적도/(붙임2) 10~21년 서울시 침수흔적도/서울시_2022(최종).shp"},"geometry":{"type":"Polygon","coordinates":[[[127.02511773116946,37.501369551064194],[127.02519435607273,37.50120915797486],[127.02501090576042,37.501153422782664],[127.02482761407805,37.501097786383646],[127.02475098850397,37.501258179238384],[127.02511773116946,37.501369551064194]]]}},{"type":"Feature","properties":{"OBJECTID":"7512","GU_NAM":"서초구","F_SHIM":0.5,"F_DISA_NM":"8.8.~ 17. 호우","F_AVR_HGT":16.45,"F_AREA":731.25,"ADM_CD":"1165010800","F_SAT_YMD":"20220808","F_END_YMD":"20220810","F_SAT_TM":"13","F_END_TM":"1","F_RSN_DTL":"침수","F_ZONE_NM":"서울특별시 서초구 서초동 1308-10","INV_YR":"2023","F_YR":"2022","TYPE":"상가","layer":"서울시_2022(최종)","path":"D:/김원상/침수흔적도/(붙임2) 10~21년 서울시 침수흔적도/서울시_2022(최종).shp"},"geometry":{"type":"Polygon","coordinates":[[[127.02523097318506,37.50113256574486],[127.02531584775366,37.50095505193904],[127.02512244513981,37.50089643572621],[127.02494892592841,37.50084384293546],[127.02486424279452,37.50102111317365],[127.02504762481996,37.50107684860847],[127.02523097318506,37.50113256574486]]]}},{"type":"Feature","properties":{"OBJECTID":"7513","GU_NAM":"서초구","F_SHIM":0.5,"F_DISA_NM":"8.8.~ 17. 호우","F_AVR_HGT":15.8,"F_AREA":428.34,"ADM_CD":"1165010800","F_SAT_YMD":"20220808","F_END_YMD":"20220810","F_SAT_TM":"13","F_END_TM":"1","F_RSN_DTL":"침수","F_ZONE_NM":"서울특별시 서초구 서초동 1308-13","INV_YR":"2023","F_YR":"2022","TYPE":"상가","layer":"서울시_2022(최종)","path":"D:/김원상/침수흔적도/(붙임2) 10~21년 서울시 침수흔적도/서울시_2022(최종).shp"},"geometry":{"type":"Polygon","coordinates":[[[127.02541157122796,37.50075456040589],[127.02549339351074,37.500583263969794],[127.02547019702214,37.50054218313235],[127.02531558874625,37.50049527234333],[127.02521884768052,37.50069621451109],[127.02541157122796,37.50075456040589]]]}},{"type":"Feature","properties":{"OBJECTID":"7514","GU_NAM":"서초구","F_SHIM":0.5,"F_DISA_NM":"8.8.~ 17. 호우","F_AVR_HGT":15.8,"F_AREA":388.1,"ADM_CD":"1165010800","F_SAT_YMD":"20220808","F_END_YMD":"20220810","F_SAT_TM":"13","F_END_TM":"1","F_RSN_DTL":"침수","F_ZONE_NM":"서울특별시 서초구 서초동 1308-14","INV_YR":"2023","F_YR":"2022","TYPE":"상가","layer":"서울시_2022(최종)","path":"D:/김원상/침수흔적도/(붙임2) 10~21년 서울시 침수흔적도/서울시_2022(최종).shp"},"geometry":{"type":"Polygon","coordinates":[[[127.02521884768052,37.50069621451109],[127.02531558874625,37.50049527234333],[127.02517817192705,37.50045367380238],[127.02512649589102,37.50047215461545],[127.02504462767779,37.500643522889774],[127.02521884768052,37.50069621451109]]]}},{"type":"Feature","properties":{"OBJECTID":"7515","GU_NAM":"서초구","F_SHIM":0.5,"F_DISA_NM":"8.8.~ 17. 호우","F_AVR_HGT":15.8,"F_AREA":161.97,"ADM_CD":"1165010800","F_SAT_YMD":"20220808","F_END_YMD":"20220810","F_SAT_TM":"13","F_END_TM":"1","F_RSN_DTL":"침수","F_ZONE_NM":"서울특별시 서초구 서초동 1308-22","INV_YR":"2023","F_YR":"2022","TYPE":"상가","layer":"서울시_2022(최종)","path":"D:/김원상/침수흔적도/(붙임2) 10~21년 서울시 침수흔적도/서울시_2022(최종).shp"},"geometry":{"type":"Polygon","coordinates":[[[127.02478480156779,37.50067171253895],[127.02495774344882,37.50072411647718],[127.02499755888837,37.50064076618803],[127.02482465109031,37.50058833527066],[127.02478480156779,37.50067171253895]]]}},{"type":"Feature","properties":{"OBJECTID":"7516","GU_NAM":"서초구","F_SHIM":0.5,"F_DISA_NM":"8.8.~ 17. 호우","F_AVR_HGT":15.22,"F_AREA":331.87,"ADM_CD":"1165010800","F_SAT_YMD":"20220808","F_END_YMD":"20220810","F_SAT_TM":"13","F_END_TM":"1","F_RSN_DTL":"침수","F_ZONE_NM":"서울특별시 서초구 서초동 1308-28","INV_YR":"2023","F_YR":"2022","TYPE":"상가","layer":"서울시_2022(최종)","path":"D:/김원상/침수흔적도/(붙임2) 10~21년 서울시 침수흔적도/서울시_2022(최종).shp"},"geometry":{"type":"Polygon","coordinates":[[[127.02461821804638,37.50143497219591],[127.0246839265756,37.50129738584888],[127.02446922662864,37.50123227654437],[127.02440355170341,37.501369907816986],[127.0245251695233,37.501406753057545],[127.02461821804638,37.50143497219591]]]}},{"type":"Feature","properties":{"OBJECTID":"7517","GU_NAM":"서초구","F_SHIM":0.7,"F_DISA_NM":"8.8.~ 17. 호우","F_AVR_HGT":17.73,"F_AREA":413.55,"ADM_CD":"1165010800","F_SAT_YMD":"20220808","F_END_YMD":"20220810","F_SAT_TM":"13","F_END_TM":"1","F_RSN_DTL":"침수","F_ZONE_NM":"서울특별시 서초구 서초동 1330-9","INV_YR":"2023","F_YR":"2022","TYPE":"상가","layer":"서울시_2022(최종)","path":"D:/김원상/침수흔적도/(붙임2) 10~21년 서울시 침수흔적도/서울시_2022(최종).shp"},"geometry":{"type":"Polygon","coordinates":[[[127.02862315719575,37.49291173132965],[127.02870376589328,37.49274297354139],[127.02848561511482,37.492676890142086],[127.02840506253305,37.49284563876072],[127.02862315719575,37.49291173132965]]]}},{"type":"Feature","properties":{"OBJECTID":"7518","GU_NAM":"서초구","F_SHIM":0.7,"F_DISA_NM":"8.8.~ 17. 호우","F_AVR_HGT":17.22,"F_AREA":803.61,"ADM_CD":"1165010800","F_SAT_YMD":"20220808","F_END_YMD":"20220810","F_SAT_TM":"13","F_END_TM":"1","F_RSN_DTL":"침수","F_ZONE_NM":"서울특별시 서초구 서초동 1330-20","INV_YR":"2023","F_YR":"2022","TYPE":"상가","layer":"서울시_2022(최종)","path":"D:/김원상/침수흔적도/(붙임2) 10~21년 서울시 침수흔적도/서울시_2022(최종).shp"},"geometry":{"type":"Polygon","coordinates":[[[127.02797585658392,37.49426727010581],[127.02837857842971,37.49438935478908],[127.02843013639314,37.494370872561944],[127.02849409160719,37.49423687931995],[127.02805406134006,37.494103450816255],[127.02797585658392,37.49426727010581]]]}},{"type":"Feature","properties":{"OBJECTID":"7519","GU_NAM":"서초구","F_SHIM":0.7,"F_DISA_NM":"8.8.~ 17. 호우","F_AVR_HGT":17.73,"F_AREA":587.07,"ADM_CD":"1165010800","F_SAT_YMD":"20220808","F_END_YMD":"20220810","F_SAT_TM":"13","F_END_TM":"1","F_RSN_DTL":"침수","F_ZONE_NM":"서울특별시 서초구 서초동 1337","INV_YR":"2023","F_YR":"2022","TYPE":"상가","layer":"서울시_2022(최종)","path":"D:/김원상/침수흔적도/(붙임2) 10~21년 서울시 침수흔적도/서울시_2022(최종).shp"},"geometry":{"type":"Polygon","coordinates":[[[127.02859501668863,37.49251729802517],[127.02873343871867,37.49255934291828],[127.0288285774595,37.49236019996678],[127.02848749944943,37.49225675341827],[127.02848875596409,37.49229198223205],[127.02849419694962,37.49232892199026],[127.02850359541533,37.49236523014411],[127.02851695133435,37.49240081659263],[127.02853426458202,37.49243532093459],[127.02855519586622,37.492468563045875],[127.02857963195063,37.49250009245056],[127.02859501668863,37.49251729802517]]]}},{"type":"Feature","properties":{"OBJECTID":"7520","GU_NAM":"서초구","F_SHIM":0.7,"F_DISA_NM":"8.8.~ 17. 호우","F_AVR_HGT":17.57,"F_AREA":255.87,"ADM_CD":"1165010800","F_SAT_YMD":"20220808","F_END_YMD":"20220810","F_SAT_TM":"13","F_END_TM":"1","F_RSN_DTL":"침수","F_ZONE_NM":"서울특별시 서초구 서초동 1329-9","INV_YR":"2023","F_YR":"2022","TYPE":"상가","layer":"서울시_2022(최종)","path":"D:/김원상/침수흔적도/(붙임2) 10~21년 서울시 침수흔적도/서울시_2022(최종).shp"},"geometry":{"type":"Polygon","coordinates":[[[127.02935647295412,37.49313784693638],[127.02943874133521,37.49296597981259],[127.0293766544661,37.49294716357114],[127.02934838815841,37.49295581983223],[127.02931944461123,37.49296780994555],[127.02929231123886,37.49298232242596],[127.02926732717411,37.49299908689507],[127.02924494469545,37.493018013148074],[127.02922538985952,37.493038830833406],[127.02920877564564,37.493061269626075],[127.02919544119052,37.49308505914785],[127.02919363320144,37.49308848337099],[127.02935647295412,37.49313784693638]]]}},{"type":"Feature","properties":{"OBJECTID":"7521","GU_NAM":"서초구","F_SHIM":0.7,"F_DISA_NM":"8.8.~ 17. 호우","F_AVR_HGT":18.14,"F_AREA":1653.22,"ADM_CD":"1165010800","F_SAT_YMD":"20220808","F_END_YMD":"20220810","F_SAT_TM":"13","F_END_TM":"1","F_RSN_DTL":"침수","F_ZONE_NM":"서울특별시 서초구 서초동 1337-14","INV_YR":"2023","F_YR":"2022","TYPE":"상가","layer":"서울시_2022(최종)","path":"D:/김원상/침수흔적도/(붙임2) 10~21년 서울시 침수흔적도/서울시_2022(최종).shp"},"geometry":{"type":"Polygon","coordinates":[[[127.02883580888647,37.492345061494824],[127.02912372416249,37.492432301470416],[127.02936784925306,37.49192130507859],[127.02907987911034,37.49183404768285],[127.02889692562238,37.49221710534525],[127.02883580888647,37.492345061494824]]]}},{"type":"Feature","properties":{"OBJECTID":"7522","GU_NAM":"서초구","F_SHIM":0.7,"F_DISA_NM":"8.8.~ 17. 호우","F_AVR_HGT":17.29,"F_AREA":641.92,"ADM_CD":"1165010800","F_SAT_YMD":"20220808","F_END_YMD":"20220810","F_SAT_TM":"13","F_END_TM":"1","F_RSN_DTL":"침수","F_ZONE_NM":"서울특별시 서초구 서초동 1330-13","INV_YR":"2023","F_YR":"2022","TYPE":"상가","layer":"서울시_2022(최종)","path":"D:/김원상/침수흔적도/(붙임2) 10~21년 서울시 침수흔적도/서울시_2022(최종).shp"},"geometry":{"type":"Polygon","coordinates":[[[127.02884923109033,37.493493112483876],[127.02891465374499,37.49335614535535],[127.02846978049307,37.49323290981081],[127.028438786341,37.49329777985762],[127.02841118197315,37.493355612315156],[127.02884923109033,37.493493112483876]]]}},{"type":"Feature","properties":{"OBJECTID":"7523","GU_NAM":"서초구","F_SHIM":0.7,"F_DISA_NM":"8.8.~ 17. 호우","F_AVR_HGT":17.22,"F_AREA":654.91,"ADM_CD":"1165010800","F_SAT_YMD":"20220808","F_END_YMD":"20220810","F_SAT_TM":"13","F_END_TM":"1","F_RSN_DTL":"침수","F_ZONE_NM":"서울특별시 서초구 서초동 1330-15","INV_YR":"2023","F_YR":"2022","TYPE":"상가","layer":"서울시_2022(최종)","path":"D:/김원상/침수흔적도/(붙임2) 10~21년 서울시 침수흔적도/서울시_2022(최종).shp"},"geometry":{"type":"Polygon","coordinates":[[[127.02872471273406,37.49375389056899],[127.02878697202036,37.493623501544256],[127.02834895615344,37.493485929060306],[127.0283364024935,37.493512232095654],[127.02828467358319,37.49362046291493],[127.02872471273406,37.49375389056899]]]}},{"type":"Feature","properties":{"OBJECTID":"7524","GU_NAM":"서초구","F_SHIM":0.7,"F_DISA_NM":"8.8.~ 17. 호우","F_AVR_HGT":17.22,"F_AREA":641.49,"ADM_CD":"1165010800","F_SAT_YMD":"20220808","F_END_YMD":"20220810","F_SAT_TM":"13","F_END_TM":"1","F_RSN_DTL":"침수","F_ZONE_NM":"서울특별시 서초구 서초동 1330-16","INV_YR":"2023","F_YR":"2022","TYPE":"상가","layer":"서울시_2022(최종)","path":"D:/김원상/침수흔적도/(붙임2) 10~21년 서울시 침수흔적도/서울시_2022(최종).shp"},"geometry":{"type":"Polygon","coordinates":[[[127.02866279224153,37.493883648780375],[127.02872471273406,37.49375389056899],[127.02828467358319,37.49362046291493],[127.02827217638242,37.49364666682009],[127.02822276374731,37.49375022089635],[127.02866279224153,37.493883648780375]]]}},{"type":"Feature","properties":{"OBJECTID":"7525","GU_NAM":"서초구","F_SHIM":0.7,"F_DISA_NM":"8.8.~ 17. 호우","F_AVR_HGT":18.81,"F_AREA":669.43,"ADM_CD":"1165010800","F_SAT_YMD":"20220808","F_END_YMD":"20220810","F_SAT_TM":"13","F_END_TM":"1","F_RSN_DTL":"침수","F_ZONE_NM":"서울특별시 서초구 서초동 1337-16","INV_YR":"2023","F_YR":"2022","TYPE":"도","layer":"서울시_2022(최종)","path":"D:/김원상/침수흔적도/(붙임2) 10~21년 서울시 침수흔적도/서울시_2022(최종).shp"},"geometry":{"type":"Polygon","coordinates":[[[127.0289839331584,37.49263523924608],[127.02910098152708,37.49267071137503],[127.02907789855695,37.49262954106392],[127.02924627651845,37.492277129580565],[127.02933221623509,37.49209725175372],[127.02934426086831,37.49207203893623],[127.02945878618233,37.49183233687976],[127.0295434594175,37.49165510812561],[127.02966126008357,37.49140854846793],[127.0296970769346,37.491333576717835],[127.02974863247287,37.491315093906636],[127.02963158588024,37.491279532310394],[127.02965478181397,37.491320702495926],[127.02957173623774,37.49149452517291],[127.02950811290239,37.491627708081616],[127.02949928854741,37.49164617166421],[127.0294654825386,37.491716935204266],[127.02941667161608,37.49181912015103],[127.02936784925306,37.49192130507859],[127.02912372416249,37.492432301470416],[127.02903560284462,37.4926167567234],[127.0289839331584,37.49263523924608]]]}},{"type":"Feature","properties":{"OBJECTID":"7526","GU_NAM":"서초구","F_SHIM":0.7,"F_DISA_NM":"8.8.~ 17. 호우","F_AVR_HGT":18.14,"F_AREA":1230.08,"ADM_CD":"1165010800","F_SAT_YMD":"20220808","F_END_YMD":"20220810","F_SAT_TM":"13","F_END_TM":"1","F_RSN_DTL":"침수","F_ZONE_NM":"서울특별시 서초구 서초동 1337-17","INV_YR":"2023","F_YR":"2022","TYPE":"상가","layer":"서울시_2022(최종)","path":"D:/김원상/침수흔적도/(붙임2) 10~21년 서울시 침수흔적도/서울시_2022(최종).shp"},"geometry":{"type":"Polygon","coordinates":[[[127.02910098152708,37.49267071137503],[127.02935147674361,37.49274669702183],[127.02943632073861,37.49256908991168],[127.02949179847663,37.492452937891635],[127.02953409027462,37.492364458680925],[127.02941157992048,37.492327285378835],[127.02924627651845,37.492277129580565],[127.02907789855695,37.49262954106392],[127.02910098152708,37.49267071137503]]]}},{"type":"Feature","properties":{"OBJECTID":"7527","GU_NAM":"서초구","F_SHIM":0.7,"F_DISA_NM":"8.8.~ 17. 호우","F_AVR_HGT":18.81,"F_AREA":330.58,"ADM_CD":"1165010800","F_SAT_YMD":"20220808","F_END_YMD":"20220810","F_SAT_TM":"13","F_END_TM":"1","F_RSN_DTL":"침수","F_ZONE_NM":"서울특별시 서초구 서초동 1337-36","INV_YR":"2023","F_YR":"2022","TYPE":"상가","layer":"서울시_2022(최종)","path":"D:/김원상/침수흔적도/(붙임2) 10~21년 서울시 침수흔적도/서울시_2022(최종).shp"},"geometry":{"type":"Polygon","coordinates":[[[127.02941667161608,37.49181912015103],[127.0294654825386,37.491716935204266],[127.02935245014464,37.491682687844516],[127.02917756961511,37.49162970505997],[127.02912871311995,37.491731871880006],[127.02941667161608,37.49181912015103]]]}},{"type":"Feature","properties":{"OBJECTID":"7528","GU_NAM":"서초구","F_SHIM":0.7,"F_DISA_NM":"8.8.~ 17. 호우","F_AVR_HGT":19.52,"F_AREA":692.35,"ADM_CD":"1165010800","F_SAT_YMD":"20220808","F_END_YMD":"20220810","F_SAT_TM":"13","F_END_TM":"1","F_RSN_DTL":"침수","F_ZONE_NM":"서울특별시 서초구 서초동 1338-9","INV_YR":"2023","F_YR":"2022","TYPE":"도","layer":"서울시_2022(최종)","path":"D:/김원상/침수흔적도/(붙임2) 10~21년 서울시 침수흔적도/서울시_2022(최종).shp"},"geometry":{"type":"Polygon","coordinates":[[[127.02966231697522,37.49121167968072],[127.02977947655205,37.491247241219895],[127.02975628057267,37.49120607105836],[127.02982852391959,37.49105478484728],[127.0298720686346,37.49096357516378],[127.02991561325736,37.49087240150285],[127.02995916906816,37.49078119178178],[127.03000270216846,37.49069000907872],[127.030046235163,37.49059882635828],[127.03013328954793,37.490416514927844],[127.03017674314555,37.490325521384385],[127.03039769276077,37.489862794893234],[127.03044924711573,37.48984431177215],[127.03033220248658,37.48980875086028],[127.0303553983148,37.48984983081859],[127.03025506962855,37.49005996855057],[127.03017409447693,37.49022956549276],[127.03008976332481,37.490406172968605],[127.02998625828322,37.49062296961269],[127.02992593561201,37.490749304368705],[127.02971398551377,37.49119319685735],[127.02966231697522,37.49121167968072]]]}},{"type":"Feature","properties":{"OBJECTID":"7529","GU_NAM":"서초구","F_SHIM":0.7,"F_DISA_NM":"8.8.~ 17. 호우","F_AVR_HGT":17.69,"F_AREA":2367.79,"ADM_CD":"1165010800","F_SAT_YMD":"20220808","F_END_YMD":"20220810","F_SAT_TM":"13","F_END_TM":"1","F_RSN_DTL":"침수","F_ZONE_NM":"서울특별시 서초구 서초동 1397","INV_YR":"2023","F_YR":"2022","TYPE":"도","layer":"서울시_2022(최종)","path":"D:/김원상/침수흔적도/(붙임2) 10~21년 서울시 침수흔적도/서울시_2022(최종).shp"},"geometry":{"type":"Polygon","coordinates":[[[127.0285479911424,37.4944406731322],[127.02862064676516,37.49428838753838],[127.02868075985431,37.49416268427232],[127.02874075966237,37.494036980999084],[127.02879194575041,37.493929660122966],[127.02884324477151,37.49382233919656],[127.0288944305995,37.49371510837214],[127.02894561624827,37.493607787423656],[127.0290943138131,37.493296367266254],[127.02919363320144,37.49308848337099],[127.02919544119052,37.49308505914785],[127.02920877564564,37.493061269626075],[127.02922538985952,37.493038830833406],[127.02924494469545,37.493018013148074],[127.02926732717411,37.49299908689507],[127.02929231123886,37.49298232242596],[127.02931944461123,37.49296780994555],[127.02934838815841,37.49295581983223],[127.0293766544661,37.49294716357114],[127.02904416787888,37.492846239414106],[127.02904563842085,37.49284768067137],[127.02906215504292,37.49286740872015],[127.02907584522085,37.49288848892577],[127.02908648273063,37.49291074114201],[127.02909395439265,37.49293389509612],[127.02909814686116,37.49295723001518],[127.02909905619043,37.49297002400162],[127.02898787257027,37.49320277817731],[127.02891465374499,37.49335614535535],[127.02884923109033,37.493493112483876],[127.02878697202036,37.493623501544256],[127.02872471273406,37.49375389056899],[127.02866279224153,37.493883648780375],[127.02860087153493,37.49401340695654],[127.02854742511065,37.49412514316425],[127.02849409160719,37.49423687931995],[127.02843013639314,37.494370872561944],[127.02837857842971,37.49438935478908],[127.0285479911424,37.4944406731322]]]}},{"type":"Feature","properties":{"OBJECTID":"7539","GU_NAM":"서초구","F_SHIM":0.5,"F_DISA_NM":"8.8.~ 17. 호우","F_AVR_HGT":14.68,"F_AREA":253.92,"ADM_CD":"1165010800","F_SAT_YMD":"20220808","F_END_YMD":"20220810","F_SAT_TM":"13","F_END_TM":"1","F_RSN_DTL":"침수","F_ZONE_NM":"서울특별시 서초구 서초동 1639-4","INV_YR":"2023","F_YR":"2022","TYPE":"상가","layer":"서울시_2022(최종)","path":"D:/김원상/침수흔적도/(붙임2) 10~21년 서울시 침수흔적도/서울시_2022(최종).shp"},"geometry":{"type":"Polygon","coordinates":[[[127.01847262853799,37.494310074715564],[127.01854103543931,37.494330905001746],[127.01862795344773,37.49415276479947],[127.018501385627,37.49411390492345],[127.01841505549112,37.49429254049961],[127.01847262853799,37.494310074715564]]]}},{"type":"Feature","properties":{"OBJECTID":"7540","GU_NAM":"서초구","F_SHIM":0.5,"F_DISA_NM":"8.8.~ 17. 호우","F_AVR_HGT":14.48,"F_AREA":319.93,"ADM_CD":"1165010800","F_SAT_YMD":"20220808","F_END_YMD":"20220810","F_SAT_TM":"13","F_END_TM":"1","F_RSN_DTL":"침수","F_ZONE_NM":"서울특별시 서초구 서초동 1638-8","INV_YR":"2023","F_YR":"2022","TYPE":"상가","layer":"서울시_2022(최종)","path":"D:/김원상/침수흔적도/(붙임2) 10~21년 서울시 침수흔적도/서울시_2022(최종).shp"},"geometry":{"type":"Polygon","coordinates":[[[127.02003776649192,37.49479685708374],[127.02012083488958,37.494611238103765],[127.01996748602583,37.494564139868565],[127.01988248358386,37.49474961488295],[127.02003776649192,37.49479685708374]]]}},{"type":"Feature","properties":{"OBJECTID":"7541","GU_NAM":"서초구","F_SHIM":0.5,"F_DISA_NM":"8.8.~ 17. 호우","F_AVR_HGT":14.48,"F_AREA":288.98,"ADM_CD":"1165010800","F_SAT_YMD":"20220808","F_END_YMD":"20220810","F_SAT_TM":"13","F_END_TM":"1","F_RSN_DTL":"침수","F_ZONE_NM":"서울특별시 서초구 서초동 1638-10","INV_YR":"2023","F_YR":"2022","TYPE":"상가","layer":"서울시_2022(최종)","path":"D:/김원상/침수흔적도/(붙임2) 10~21년 서울시 침수흔적도/서울시_2022(최종).shp"},"geometry":{"type":"Polygon","coordinates":[[[127.01972620568013,37.49470203926116],[127.01981380939273,37.494516924354734],[127.01967516245558,37.494474337470024],[127.01958720796765,37.49465973163858],[127.01972620568013,37.49470203926116]]]}},{"type":"Feature","properties":{"OBJECTID":"7542","GU_NAM":"서초구","F_SHIM":0.5,"F_DISA_NM":"8.8.~ 17. 호우","F_AVR_HGT":13.7,"F_AREA":299.44,"ADM_CD":"1165010800","F_SAT_YMD":"20220808","F_END_YMD":"20220810","F_SAT_TM":"13","F_END_TM":"1","F_RSN_DTL":"침수","F_ZONE_NM":"서울특별시 서초구 서초동 1638-11","INV_YR":"2023","F_YR":"2022","TYPE":"상가","layer":"서울시_2022(최종)","path":"D:/김원상/침수흔적도/(붙임2) 10~21년 서울시 침수흔적도/서울시_2022(최종).shp"},"geometry":{"type":"Polygon","coordinates":[[[127.01958720796765,37.49465973163858],[127.01967516245558,37.494474337470024],[127.0195664728646,37.494440945056276],[127.01951479954374,37.49445924323307],[127.01944012455957,37.494614956339944],[127.01958720796765,37.49465973163858]]]}},{"type":"Feature","properties":{"OBJECTID":"7543","GU_NAM":"서초구","F_SHIM":0.5,"F_DISA_NM":"8.8.~ 17. 호우","F_AVR_HGT":14.68,"F_AREA":254.19,"ADM_CD":"1165010800","F_SAT_YMD":"20220808","F_END_YMD":"20220810","F_SAT_TM":"13","F_END_TM":"1","F_RSN_DTL":"침수","F_ZONE_NM":"서울특별시 서초구 서초동 1639-3","INV_YR":"2023","F_YR":"2022","TYPE":"상가","layer":"서울시_2022(최종)","path":"D:/김원상/침수흔적도/(붙임2) 10~21년 서울시 침수흔적도/서울시_2022(최종).shp"},"geometry":{"type":"Polygon","coordinates":[[[127.01828564912272,37.494253176239546],[127.01841505549112,37.49429254049961],[127.018501385627,37.49411390492345],[127.01840946797537,37.49408567175946],[127.01835779461683,37.49410396943134],[127.01828564912272,37.494253176239546]]]}},{"type":"Feature","properties":{"OBJECTID":"7544","GU_NAM":"서초구","F_SHIM":0.5,"F_DISA_NM":"8.8.~ 17. 호우","F_AVR_HGT":16.03,"F_AREA":308.31,"ADM_CD":"1165010800","F_SAT_YMD":"20220808","F_END_YMD":"20220810","F_SAT_TM":"13","F_END_TM":"1","F_RSN_DTL":"침수","F_ZONE_NM":"서울특별시 서초구 서초동 1639-15","INV_YR":"2023","F_YR":"2022","TYPE":"상가","layer":"서울시_2022(최종)","path":"D:/김원상/침수흔적도/(붙임2) 10~21년 서울시 침수흔적도/서울시_2022(최종).shp"},"geometry":{"type":"Polygon","coordinates":[[[127.01912831577053,37.49451710961628],[127.01921566095638,37.49433325658554],[127.01906648618593,37.494287444982774],[127.0189792763967,37.494471351944675],[127.01903873831951,37.49448958838475],[127.01912831577053,37.49451710961628]]]}},{"type":"Feature","properties":{"OBJECTID":null,"GU_NAM":"강남구","F_SHIM":0.5,"F_DISA_NM":"2022년 8.8.~8.17. 호우","F_AVR_HGT":19.67,"F_AREA":44306,"ADM_CD":"1168010100","F_SAT_YMD":"20220808","F_END_YMD":"20220808","F_SAT_TM":"20","F_END_TM":"23","F_RSN_DTL":"내수침수","F_ZONE_NM":"서울특별시 강남구 역삼동 858 (역삼1동)","INV_YR":"2023","F_YR":"2022","TYPE":"도로","layer":"서울시_2022(최종)","path":"D:/김원상/침수흔적도/(붙임2) 10~21년 서울시 침수흔적도/서울시_2022(최종).shp"},"geometry":{"type":"Polygon","coordinates":[[[127.02786523037395,37.49803347240983],[127.02817847075882,37.49737720443135],[127.0286338575951,37.49642375342178],[127.02866606197507,37.49635644137177],[127.0294180449363,37.49478158933561],[127.02945024787462,37.49471418695361],[127.03014965858574,37.493249624626564],[127.030286938716,37.49296208221398],[127.03090587272021,37.49166593146874],[127.03093807298546,37.49159852864645],[127.03160951974502,37.49019216848962],[127.03164171878242,37.49012485555915],[127.03178655699945,37.48982145171854],[127.03187535739839,37.48963546245216],[127.03161152542256,37.48955453001025],[127.02760126005685,37.49795244106331],[127.02448480926553,37.50447730933871],[127.02474912681448,37.50455720322001],[127.02484735425332,37.50435172925422],[127.02486058907803,37.50432400292617],[127.0248636971684,37.50431748809518],[127.02492140587486,37.50419666183054],[127.02494050644698,37.504156680755145],[127.0249642634522,37.50410692292179],[127.0249718810316,37.50409088364162],[127.02499241691753,37.50404791095807],[127.02499889300633,37.5040343586579],[127.02501134789603,37.504008326343126],[127.02503542122365,37.50395777555289],[127.02512142962806,37.50377782905086],[127.0252061943814,37.5036004055253],[127.02527761114749,37.503450753386744],[127.02528400802173,37.50343737227517],[127.02528591804037,37.50343337145839],[127.02528629100455,37.50343259652483],[127.02528684479611,37.5034314341256],[127.02534794272242,37.503303597185536],[127.02552965298717,37.502923330075134],[127.02563080323273,37.502711574848085],[127.02565487572683,37.502661023920716],[127.02574585384912,37.50247062432706],[127.02577467288728,37.50241024250643],[127.02577910310428,37.50240096131252],[127.02580362751092,37.50234961738069],[127.02582585766984,37.50230307623735],[127.02582872825978,37.50229705697678],[127.02584942139626,37.50225378676937],[127.02586146883577,37.502228592369676],[127.02588574449716,37.50217777104971],[127.0260567920272,37.501819624769645],[127.02607794823868,37.50177532728416],[127.02608930613393,37.50175155658026],[127.02609320510413,37.501743374702265],[127.02609514894313,37.50173931079438],[127.02610091263972,37.501727227204334],[127.02611023627522,37.50170771864481],[127.02611682496556,37.50169390496492],[127.02616155571661,37.501600272879934],[127.02629259423355,37.50132592743586],[127.02629940888934,37.50131166319823],[127.02630880022527,37.50129200143764],[127.02630968171871,37.501290145195505],[127.0263103936983,37.50128865839832],[127.02631682410734,37.501275205139],[127.02632885992074,37.50125000167994],[127.02638901632592,37.50112421862898],[127.02638949092308,37.50112306525078],[127.02644148764182,37.501014222663166],[127.02644925153979,37.50099797601877],[127.02648857950916,37.50091561643266],[127.02648917846957,37.50091436391786],[127.02648949489675,37.50091368810196],[127.02649054589637,37.500911471423024],[127.0264947273182,37.50090273085172],[127.02652212123014,37.50084538549966],[127.0265300998108,37.500828679294735],[127.02662186454131,37.500636557893394],[127.02663549359683,37.50060802036643],[127.02663904212072,37.500600586372315],[127.02664509947594,37.50058790803184],[127.02670063266486,37.50047165835824],[127.02671272472568,37.50044633771483],[127.02671590029976,37.500439678656655],[127.02672477156993,37.500421098169554],[127.0268118002184,37.500238897614665],[127.02687984296917,37.50009644412541],[127.02693895779421,37.4999726792309],[127.02695804491296,37.49993271582365],[127.02711092194612,37.499612638996254],[127.02713499244861,37.49956208774127],[127.02722685577051,37.499369704517804],[127.02727195666426,37.499275270006],[127.02727262340156,37.499273873312305],[127.02727440889842,37.49927012476741],[127.02739004792029,37.49902801008807],[127.02745556846685,37.49889085466461],[127.02752110008565,37.498753708209165],[127.02755247019769,37.49868805451107],[127.02757004241276,37.49865128987663],[127.02758146716734,37.49862738385217],[127.02760562750287,37.49857682346305],[127.02761333439709,37.49856070288793],[127.02767107947548,37.498439857134514],[127.02773618092883,37.49830371075355],[127.02776472554416,37.498243860055304],[127.02786523037395,37.49803347240983]]]}},{"type":"Feature","properties":{"OBJECTID":null,"GU_NAM":"강남구","F_SHIM":0.3,"F_DISA_NM":"2022?? 8?? 吏묒쨷?몄슦","F_AVR_HGT":18,"F_AREA":5919.6,"ADM_CD":"1168010100","F_SAT_YMD":"20220808","F_END_YMD":"20220810","F_SAT_TM":"00","F_END_TM":"24","F_RSN_DTL":"諛곗닔?⑸웾珥덇낵","F_ZONE_NM":"??궪珥덇탳 ?쇰? 3吏�援","INV_YR":"2022","F_YR":"2022","TYPE":null,"layer":"서울시_2022(최종)","path":"D:/김원상/침수흔적도/(붙임2) 10~21년 서울시 침수흔적도/서울시_2022(최종).shp"},"geometry":{"type":"Polygon","coordinates":[[[127.03176274113441,37.493664712562286],[127.0350372800949,37.49466112734856],[127.0351280463926,37.494501822858474],[127.03184487524247,37.493508593305044],[127.03176274113441,37.493664712562286]]]}},{"type":"Feature","properties":{"OBJECTID":null,"GU_NAM":"강남구","F_SHIM":0.3,"F_DISA_NM":"2022?? 8?? 吏묒쨷?몄슦","F_AVR_HGT":17.7,"F_AREA":206.6,"ADM_CD":"1168010100","F_SAT_YMD":"20220808","F_END_YMD":"20220810","F_SAT_TM":"00","F_END_TM":"24","F_RSN_DTL":"諛곗닔?⑸웾珥덇낵","F_ZONE_NM":"??궪珥덇탳 ?쇰? 3吏�援","INV_YR":"2022","F_YR":"2022","TYPE":null,"layer":"서울시_2022(최종)","path":"D:/김원상/침수흔적도/(붙임2) 10~21년 서울시 침수흔적도/서울시_2022(최종).shp"},"geometry":{"type":"Polygon","coordinates":[[[127.03368660011539,37.4940611487912],[127.03375599426714,37.493913818682664],[127.03375229675017,37.493912629700546],[127.03361541783914,37.4938720968951],[127.03357406032809,37.49395889887511],[127.03362032393079,37.4940407191037],[127.03368660011539,37.4940611487912]]]}},{"type":"Feature","properties":{"OBJECTID":null,"GU_NAM":"강남구","F_SHIM":0.3,"F_DISA_NM":"2022?? 8?? 吏묒쨷?몄슦","F_AVR_HGT":17.7,"F_AREA":210,"ADM_CD":"1168010100","F_SAT_YMD":"20220808","F_END_YMD":"20220810","F_SAT_TM":"00","F_END_TM":"24","F_RSN_DTL":"諛곗닔?⑸웾珥덇낵","F_ZONE_NM":"??궪珥덇탳 ?쇰? 3吏�援","INV_YR":"2022","F_YR":"2022","TYPE":null,"layer":"서울시_2022(최종)","path":"D:/김원상/침수흔적도/(붙임2) 10~21년 서울시 침수흔적도/서울시_2022(최종).shp"},"geometry":{"type":"Polygon","coordinates":[[[127.03395941721831,37.49382284087431],[127.0340160189991,37.493705154758345],[127.03400209952689,37.493680381094684],[127.03388487770279,37.49364501298942],[127.03382042435314,37.493780351774724],[127.03395941721831,37.49382284087431]]]}},{"type":"Feature","properties":{"OBJECTID":null,"GU_NAM":"강남구","F_SHIM":0.3,"F_DISA_NM":"2022?? 8?? 吏묒쨷?몄슦","F_AVR_HGT":17.7,"F_AREA":179.2,"ADM_CD":"1168010100","F_SAT_YMD":"20220808","F_END_YMD":"20220810","F_SAT_TM":"00","F_END_TM":"24","F_RSN_DTL":"諛곗닔?⑸웾珥덇낵","F_ZONE_NM":"??궪珥덇탳 ?쇰? 3吏�援","INV_YR":"2022","F_YR":"2022","TYPE":null,"layer":"서울시_2022(최종)","path":"D:/김원상/침수흔적도/(붙임2) 10~21년 서울시 침수흔적도/서울시_2022(최종).shp"},"geometry":{"type":"Polygon","coordinates":[[[127.03402905501424,37.49377876284669],[127.03416951869313,37.493822782993725],[127.03421019011562,37.49373753717563],[127.03422386021035,37.4937088816017],[127.03408305814061,37.49366639331114],[127.03402905501424,37.49377876284669]]]}},{"type":"Feature","properties":{"OBJECTID":null,"GU_NAM":"강남구","F_SHIM":0.3,"F_DISA_NM":"2022?? 8?? 吏묒쨷?몄슦","F_AVR_HGT":17.7,"F_AREA":203.9,"ADM_CD":"1168010100","F_SAT_YMD":"20220808","F_END_YMD":"20220810","F_SAT_TM":"00","F_END_TM":"24","F_RSN_DTL":"諛곗닔?⑸웾珥덇낵","F_ZONE_NM":"??궪珥덇탳 ?쇰? 3吏�援","INV_YR":"2022","F_YR":"2022","TYPE":null,"layer":"서울시_2022(최종)","path":"D:/김원상/침수흔적도/(붙임2) 10~21년 서울시 침수흔적도/서울시_2022(최종).shp"},"geometry":{"type":"Polygon","coordinates":[[[127.03442778354683,37.49406120594343],[127.03447308722848,37.49396721905116],[127.03427946895573,37.493907716824076],[127.03423461691423,37.494000622318424],[127.03427883711444,37.49401448545894],[127.03442778354683,37.49406120594343]]]}},{"type":"Feature","properties":{"OBJECTID":null,"GU_NAM":"강남구","F_SHIM":0.3,"F_DISA_NM":"2022?? 8?? 吏묒쨷?몄슦","F_AVR_HGT":17.7,"F_AREA":176.3,"ADM_CD":"1168010100","F_SAT_YMD":"20220808","F_END_YMD":"20220810","F_SAT_TM":"00","F_END_TM":"24","F_RSN_DTL":"諛곗닔?⑸웾珥덇낵","F_ZONE_NM":"??궪珥덇탳 ?쇰? 3吏�援","INV_YR":"2022","F_YR":"2022","TYPE":null,"layer":"서울시_2022(최종)","path":"D:/김원상/침수흔적도/(붙임2) 10~21년 서울시 침수흔적도/서울시_2022(최종).shp"},"geometry":{"type":"Polygon","coordinates":[[[127.03400885400792,37.49415868392021],[127.0340628686166,37.49404601706806],[127.03392067550678,37.4940044119494],[127.0338748634096,37.49410108374754],[127.03388601047129,37.494121245065884],[127.03400885400792,37.49415868392021]]]}},{"type":"Feature","properties":{"OBJECTID":null,"GU_NAM":"강남구","F_SHIM":0.3,"F_DISA_NM":"2022?? 8?? 吏묒쨷?몄슦","F_AVR_HGT":17.7,"F_AREA":193.8,"ADM_CD":"1168010100","F_SAT_YMD":"20220808","F_END_YMD":"20220810","F_SAT_TM":"00","F_END_TM":"24","F_RSN_DTL":"諛곗닔?⑸웾珥덇낵","F_ZONE_NM":"??궪珥덇탳 ?쇰? 3吏�援","INV_YR":"2022","F_YR":"2022","TYPE":null,"layer":"서울시_2022(최종)","path":"D:/김원상/침수흔적도/(붙임2) 10~21년 서울시 침수흔적도/서울시_2022(최종).shp"},"geometry":{"type":"Polygon","coordinates":[[[127.03463407829298,37.49363344375066],[127.03467237697572,37.49355396483411],[127.03465845731486,37.493529191247205],[127.03452263148081,37.49348823378273],[127.03449153966413,37.493499324761316],[127.03445301473876,37.49357898388304],[127.03463407829298,37.49363344375066]]]}},{"type":"Feature","properties":{"OBJECTID":null,"GU_NAM":"강남구","F_SHIM":0.3,"F_DISA_NM":"2022?? 8?? 吏묒쨷?몄슦","F_AVR_HGT":17.7,"F_AREA":320.7,"ADM_CD":"1168010100","F_SAT_YMD":"20220808","F_END_YMD":"20220810","F_SAT_TM":"00","F_END_TM":"24","F_RSN_DTL":"諛곗닔?⑸웾珥덇낵","F_ZONE_NM":"??궪珥덇탳 ?쇰? 3吏�援","INV_YR":"2022","F_YR":"2022","TYPE":null,"layer":"서울시_2022(최종)","path":"D:/김원상/침수흔적도/(붙임2) 10~21년 서울시 침수흔적도/서울시_2022(최종).shp"},"geometry":{"type":"Polygon","coordinates":[[[127.03497101997337,37.49355712424651],[127.03503394670201,37.493426731750425],[127.03481522183252,37.49335804731812],[127.03475297269537,37.49348717810906],[127.03493652594933,37.493546051712265],[127.03497101997337,37.49355712424651]]]}},{"type":"Feature","properties":{"OBJECTID":null,"GU_NAM":"강남구","F_SHIM":0.3,"F_DISA_NM":"2022?? 8?? 吏묒쨷?몄슦","F_AVR_HGT":17.7,"F_AREA":1029.2,"ADM_CD":"1168010100","F_SAT_YMD":"20220808","F_END_YMD":"20220810","F_SAT_TM":"00","F_END_TM":"24","F_RSN_DTL":"諛곗닔?⑸웾珥덇낵","F_ZONE_NM":"??궪珥덇탳 ?쇰? 3吏�援","INV_YR":"2022","F_YR":"2022","TYPE":null,"layer":"서울시_2022(최종)","path":"D:/김원상/침수흔적도/(붙임2) 10~21년 서울시 침수흔적도/서울시_2022(최종).shp"},"geometry":{"type":"Polygon","coordinates":[[[127.03544147991985,37.493859865688336],[127.0355078729644,37.49372081976169],[127.03557426687357,37.493581937132646],[127.0354279592823,37.493535892548934],[127.03530446215858,37.493496981970196],[127.03523240186526,37.49363851675629],[127.03512191908962,37.493605493714675],[127.03505910849752,37.493737988910965],[127.03505637858036,37.49374382164912],[127.03517676942064,37.49378060587452],[127.03517784567632,37.493778342634],[127.03526291467534,37.49380458984477],[127.03544147991985,37.493859865688336]]]}},{"type":"Feature","properties":{"OBJECTID":null,"GU_NAM":"강남구","F_SHIM":0.3,"F_DISA_NM":"2022?? 8?? 吏묒쨷?몄슦","F_AVR_HGT":17.7,"F_AREA":1266.8,"ADM_CD":"1168010100","F_SAT_YMD":"20220808","F_END_YMD":"20220810","F_SAT_TM":"00","F_END_TM":"24","F_RSN_DTL":"諛곗닔?⑸웾珥덇낵","F_ZONE_NM":"??궪珥덇탳 ?쇰? 3吏�援","INV_YR":"2022","F_YR":"2022","TYPE":null,"layer":"서울시_2022(최종)","path":"D:/김원상/침수흔적도/(붙임2) 10~21년 서울시 침수흔적도/서울시_2022(최종).shp"},"geometry":{"type":"Polygon","coordinates":[[[127.03449945497923,37.49401316267538],[127.03467215159509,37.494067354516034],[127.03461961703431,37.49417503870355],[127.03454765004963,37.494322462382904],[127.0347488466587,37.494383493733935],[127.03492889468731,37.494438043527495],[127.03504480161774,37.49418419910297],[127.034872104504,37.49413009790827],[127.03468583611641,37.49407158537322],[127.03472933176319,37.49398111278918],[127.03456534365908,37.49392971169453],[127.03453447770588,37.49394053232055],[127.03449945497923,37.49401316267538]]]}},{"type":"Feature","properties":{"OBJECTID":null,"GU_NAM":"강남구","F_SHIM":0.3,"F_DISA_NM":"2022?? 8?? 吏묒쨷?몄슦","F_AVR_HGT":17.7,"F_AREA":198.3,"ADM_CD":"1168010100","F_SAT_YMD":"20220808","F_END_YMD":"20220810","F_SAT_TM":"00","F_END_TM":"24","F_RSN_DTL":"諛곗닔?⑸웾珥덇낵","F_ZONE_NM":"??궪珥덇탳 ?쇰? 3吏�援","INV_YR":"2022","F_YR":"2022","TYPE":null,"layer":"서울시_2022(최종)","path":"D:/김원상/침수흔적도/(붙임2) 10~21년 서울시 침수흔적도/서울시_2022(최종).shp"},"geometry":{"type":"Polygon","coordinates":[[[127.03529230422066,37.49411898633263],[127.03532317013783,37.49410816550897],[127.03535717504417,37.49403697680224],[127.03522598372898,37.49399502772294],[127.03515756073227,37.493973152934],[127.03511779752054,37.494064255314036],[127.03529230422066,37.49411898633263]]]}},{"type":"Feature","properties":{"OBJECTID":null,"GU_NAM":"강남구","F_SHIM":0.3,"F_DISA_NM":"2022?? 8?? 吏묒쨷?몄슦","F_AVR_HGT":17.7,"F_AREA":160.6,"ADM_CD":"1168010100","F_SAT_YMD":"20220808","F_END_YMD":"20220810","F_SAT_TM":"00","F_END_TM":"24","F_RSN_DTL":"諛곗닔?⑸웾珥덇낵","F_ZONE_NM":"??궪珥덇탳 ?쇰? 3吏�援","INV_YR":"2022","F_YR":"2022","TYPE":null,"layer":"서울시_2022(최종)","path":"D:/김원상/침수흔적도/(붙임2) 10~21년 서울시 침수흔적도/서울시_2022(최종).shp"},"geometry":{"type":"Polygon","coordinates":[[[127.03456131364666,37.49299573649595],[127.03470788303103,37.49304119590086],[127.034754767362,37.49294387474101],[127.03460797218222,37.492898865956654],[127.03456131364666,37.49299573649595]]]}},{"type":"Feature","properties":{"OBJECTID":null,"GU_NAM":"강남구","F_SHIM":0.3,"F_DISA_NM":"2022?? 8?? 吏묒쨷?몄슦","F_AVR_HGT":17.7,"F_AREA":4773.2,"ADM_CD":"1168010100","F_SAT_YMD":"20220808","F_END_YMD":"20220810","F_SAT_TM":"00","F_END_TM":"24","F_RSN_DTL":"諛곗닔?⑸웾珥덇낵","F_ZONE_NM":"??궪珥덇탳 ?쇰? 3吏�援","INV_YR":"2022","F_YR":"2022","TYPE":null,"layer":"서울시_2022(최종)","path":"D:/김원상/침수흔적도/(붙임2) 10~21년 서울시 침수흔적도/서울시_2022(최종).shp"},"geometry":{"type":"Polygon","coordinates":[[[127.03307751806993,37.493876010945364],[127.03318807904331,37.49364428210013],[127.0330129128621,37.49359082124153],[127.03307735020687,37.49345604654025],[127.03307097871938,37.493454293192485],[127.03254093598672,37.49329334109761],[127.03222217846135,37.49319762145759],[127.03202442278536,37.49313678303717],[127.0318517530976,37.49350359831117],[127.0320408079402,37.493559616566706],[127.0323573794826,37.49365587380188],[127.03290239825009,37.49382212032418],[127.03307751806993,37.493876010945364]]]}},{"type":"Feature","properties":{"OBJECTID":null,"GU_NAM":"강남구","F_SHIM":0.3,"F_DISA_NM":"2022?? 8?? 吏묒쨷?몄슦","F_AVR_HGT":19.29,"F_AREA":2007.5,"ADM_CD":"1168010800","F_SAT_YMD":"20220808","F_END_YMD":"20220810","F_SAT_TM":"00","F_END_TM":"24","F_RSN_DTL":"諛곗닔?⑸웾珥덇낵","F_ZONE_NM":"?쇳쁽1?? 二쇰??쇳꽣 ?","INV_YR":"2022","F_YR":"2022","TYPE":null,"layer":"서울시_2022(최종)","path":"D:/김원상/침수흔적도/(붙임2) 10~21년 서울시 침수흔적도/서울시_2022(최종).shp"},"geometry":{"type":"Polygon","coordinates":[[[127.02533086313737,37.510104315296665],[127.02532952819323,37.51010331545889],[127.0254462294574,37.510034383610616],[127.02666895770732,37.50924889246038],[127.02674663925328,37.509189536210954],[127.02684073436113,37.50910414657912],[127.02692743847358,37.50900341447617],[127.02681166976632,37.50895956174158],[127.02670839379564,37.509079293940694],[127.02663880288857,37.509136834661945],[127.02524624556342,37.51004409773968],[127.02533086313737,37.510104315296665]]]}},{"type":"Feature","properties":{"OBJECTID":null,"GU_NAM":"강남구","F_SHIM":0.3,"F_DISA_NM":"2022?? 8?? 吏묒쨷?몄슦","F_AVR_HGT":15.9,"F_AREA":311.3,"ADM_CD":"1168010800","F_SAT_YMD":"20220808","F_END_YMD":"20220810","F_SAT_TM":"00","F_END_TM":"24","F_RSN_DTL":"諛곗닔?⑸웾珥덇낵","F_ZONE_NM":"?쇳쁽1?? 二쇰??쇳꽣 ?","INV_YR":"2022","F_YR":"2022","TYPE":null,"layer":"서울시_2022(최종)","path":"D:/김원상/침수흔적도/(붙임2) 10~21년 서울시 침수흔적도/서울시_2022(최종).shp"},"geometry":{"type":"Polygon","coordinates":[[[127.02694376290333,37.50921460474113],[127.02710659508291,37.50911041428804],[127.02699141834808,37.508997273914325],[127.02693509479488,37.50900134053508],[127.02689631752307,37.50905099382687],[127.02685358106707,37.50909902615953],[127.02683888265256,37.509113535368385],[127.02694376290333,37.50921460474113]]]}},{"type":"Feature","properties":{"OBJECTID":null,"GU_NAM":"강남구","F_SHIM":0.3,"F_DISA_NM":"2022?? 8?? 吏묒쨷?몄슦","F_AVR_HGT":15.9,"F_AREA":500.2,"ADM_CD":"1168010800","F_SAT_YMD":"20220808","F_END_YMD":"20220810","F_SAT_TM":"00","F_END_TM":"24","F_RSN_DTL":"諛곗닔?⑸웾珥덇낵","F_ZONE_NM":"?쇳쁽1?? 二쇰??쇳꽣 ?","INV_YR":"2022","F_YR":"2022","TYPE":null,"layer":"서울시_2022(최종)","path":"D:/김원상/침수흔적도/(붙임2) 10~21년 서울시 침수흔적도/서울시_2022(최종).shp"},"geometry":{"type":"Polygon","coordinates":[[[127.02717637351853,37.50909355050143],[127.02705814196158,37.508977527664385],[127.02717637351853,37.50909355050143],[127.02732349013303,37.50900747320682],[127.02721125132086,37.508886854125386],[127.02719700335774,37.508895326598946],[127.02706213522853,37.50874741206951],[127.02705038527563,37.50878453570256],[127.0270278970906,37.50884067269857],[127.02699195507853,37.50891258004595],[127.02705814196158,37.508977527664385],[127.02717637351853,37.50909355050143]]]}},{"type":"Feature","properties":{"OBJECTID":null,"GU_NAM":"강남구","F_SHIM":0.4,"F_DISA_NM":"2022?? 8?? 吏묒쨷?몄슦","F_AVR_HGT":18.6,"F_AREA":4196.7,"ADM_CD":"1168010800","F_SAT_YMD":"20220808","F_END_YMD":"20220810","F_SAT_TM":"00","F_END_TM":"24","F_RSN_DTL":"諛곗닔?⑸웾珥덇낵","F_ZONE_NM":"?쇳쁽1?? 二쇰??쇳꽣 ?","INV_YR":"2022","F_YR":"2022","TYPE":null,"layer":"서울시_2022(최종)","path":"D:/김원상/침수흔적도/(붙임2) 10~21년 서울시 침수흔적도/서울시_2022(최종).shp"},"geometry":{"type":"Polygon","coordinates":[[[127.02640934373596,37.50942479509688],[127.02626577812174,37.509515213310145],[127.02631615558991,37.50951934733254],[127.02710670867427,37.510304632061555],[127.02710010778935,37.510350674446],[127.02675098372684,37.510571097399904],[127.02669131908384,37.51056531671865],[127.02590843609167,37.509780270930214],[127.02591490346812,37.50973894085098],[127.02580497819828,37.50980850247069],[127.02585900929472,37.5098132936645],[127.02664386003327,37.510598033018546],[127.02663784697695,37.510644057229946],[127.0262901003207,37.51086523535567],[127.02633031100522,37.510904915837095],[127.02667863403813,37.51068217874673],[127.02673604763876,37.5106869237682],[127.02749752702692,37.51144087525148],[127.0275178202353,37.51138142300514],[127.02678459223166,37.51065337828222],[127.02679166847389,37.51060762413514],[127.02713848638182,37.51039049020214],[127.02719614870716,37.51039549623546],[127.0279243434307,37.51111911566555],[127.02801200263517,37.511062080944285],[127.02728437294948,37.5103379033061],[127.02729038620397,37.51029368105374],[127.02725011843475,37.510252973770626],[127.02719067996803,37.510246472494245],[127.02640316940779,37.509462151745595],[127.02640934373596,37.50942479509688],[127.02626577812174,37.509515213310145],[127.02640934373596,37.50942479509688]]]}},{"type":"Feature","properties":{"OBJECTID":null,"GU_NAM":"강남구","F_SHIM":0.3,"F_DISA_NM":"2022?? 8?? 吏묒쨷?몄슦","F_AVR_HGT":18.5,"F_AREA":1176.2,"ADM_CD":"1168010800","F_SAT_YMD":"20220808","F_END_YMD":"20220810","F_SAT_TM":"00","F_END_TM":"24","F_RSN_DTL":"諛곗닔?⑸웾珥덇낵","F_ZONE_NM":"?쇳쁽1?? 二쇰??쇳꽣 ?","INV_YR":"2022","F_YR":"2022","TYPE":null,"layer":"서울시_2022(최종)","path":"D:/김원상/침수흔적도/(붙임2) 10~21년 서울시 침수흔적도/서울시_2022(최종).shp"},"geometry":{"type":"Polygon","coordinates":[[[127.02692148880685,37.50923560277114],[127.02681717425152,37.50913507385625],[127.02680722454707,37.5091448968578],[127.02675736097203,37.5091883355941],[127.02670421654585,37.50922934231587],[127.02670172886346,37.509231054741164],[127.02667594736309,37.50924862968274],[127.02678524059682,37.50935564483616],[127.02665135542227,37.5094408176437],[127.02665064262395,37.509440118300816],[127.0265429674084,37.509334793273204],[127.02641258761717,37.509418253172925],[127.0264064949282,37.50946303402231],[127.02648784282347,37.50954365611147],[127.02658288096163,37.509637970397804],[127.02667350682574,37.509727870659276],[127.02670698639132,37.50973074671601],[127.02679812789735,37.50967198222473],[127.02669188854297,37.5095666783331],[127.02674480919195,37.50953215884742],[127.0267981820827,37.50949727884214],[127.02690334461002,37.50942851019592],[127.02687754858015,37.50940319771269],[127.02679009119889,37.50931762171201],[127.02692148880685,37.50923560277114]]]}},{"type":"Feature","properties":{"OBJECTID":null,"GU_NAM":"강남구","F_SHIM":0.5,"F_DISA_NM":"2022?? 8?? 吏묒쨷?몄슦","F_AVR_HGT":19.2,"F_AREA":15558.7,"ADM_CD":"1168010100","F_SAT_YMD":"20220808","F_END_YMD":"20220810","F_SAT_TM":"00","F_END_TM":"24","F_RSN_DTL":"諛곗닔?⑸웾珥덇낵","F_ZONE_NM":"媛뺣궓??궗嫄곕━ ?쇰?","INV_YR":"2022","F_YR":"2022","TYPE":null,"layer":"서울시_2022(최종)","path":"D:/김원상/침수흔적도/(붙임2) 10~21년 서울시 침수흔적도/서울시_2022(최종).shp"},"geometry":{"type":"Polygon","coordinates":[[[127.02831692618558,37.49841097673392],[127.02852383632612,37.49799466423277],[127.02852383632612,37.49799466423277],[127.02834379339545,37.49768383095513],[127.02833319866346,37.49770385585342],[127.02806446134056,37.49761598833954],[127.02780959149564,37.49754012658318],[127.02606945602591,37.50116317949807],[127.02629809967942,37.5013104887375],[127.02632790668204,37.50124922336542],[127.02669862448418,37.50046930697894],[127.02755219410584,37.49868617479785],[127.02765740577307,37.49864903129761],[127.02765740577307,37.49864903129761],[127.02765740577307,37.49864903129761],[127.02831692618558,37.49841097673392],[127.02831692618558,37.49841097673392],[127.02831692618558,37.49841097673392],[127.02831692618558,37.49841097673392]]]}},{"type":"Feature","properties":{"OBJECTID":null,"GU_NAM":"강남구","F_SHIM":0.3,"F_DISA_NM":"2022?? 8?? 吏묒쨷?몄슦","F_AVR_HGT":18.6,"F_AREA":622.5,"ADM_CD":"1168010100","F_SAT_YMD":"20220808","F_END_YMD":"20220810","F_SAT_TM":"00","F_END_TM":"24","F_RSN_DTL":"諛곗닔?⑸웾珥덇낵","F_ZONE_NM":"??궪珥덇탳 ?쇰? 2吏�援","INV_YR":"2022","F_YR":"2022","TYPE":null,"layer":"서울시_2022(최종)","path":"D:/김원상/침수흔적도/(붙임2) 10~21년 서울시 침수흔적도/서울시_2022(최종).shp"},"geometry":{"type":"Polygon","coordinates":[[[127.03348236338589,37.49449904499254],[127.03361972604394,37.494455291247725],[127.03362276051905,37.494464453588876],[127.0336720128729,37.4944517451101],[127.03364097669437,37.4943563467062],[127.03368276327261,37.49433801801494],[127.03372787461988,37.494293901793654],[127.03372428998122,37.494293902770885],[127.03374447673866,37.49427214713544],[127.03371275376607,37.49426279439861],[127.03369546156718,37.49425752826193],[127.0336231824133,37.49423486976588],[127.0335394132866,37.49420965550143],[127.03343632260317,37.494246390123244],[127.03337282809956,37.49437934975273],[127.03342573379992,37.49439526514847],[127.03348236338589,37.49449904499254]]]}},{"type":"Feature","properties":{"OBJECTID":null,"GU_NAM":"강남구","F_SHIM":0.3,"F_DISA_NM":"2022?? 8?? 吏묒쨷?몄슦","F_AVR_HGT":18.6,"F_AREA":202.5,"ADM_CD":"1168010100","F_SAT_YMD":"20220808","F_END_YMD":"20220810","F_SAT_TM":"00","F_END_TM":"24","F_RSN_DTL":"諛곗닔?⑸웾珥덇낵","F_ZONE_NM":"??궪珥덇탳 ?쇰? 2吏�援","INV_YR":"2022","F_YR":"2022","TYPE":null,"layer":"서울시_2022(최종)","path":"D:/김원상/침수흔적도/(붙임2) 10~21년 서울시 침수흔적도/서울시_2022(최종).shp"},"geometry":{"type":"Polygon","coordinates":[[[127.03374982631175,37.494274208965166],[127.03368435797708,37.49433865729047],[127.03364266177041,37.494356769717854],[127.03373809417565,37.49465570439896],[127.0337599012141,37.494720155957275],[127.033798082266,37.49470548626843],[127.0336956755839,37.49438371665584],[127.033791151447,37.49428740633766],[127.03374982631175,37.494274208965166]]]}},{"type":"Feature","properties":{"OBJECTID":null,"GU_NAM":"강남구","F_SHIM":0.3,"F_DISA_NM":"2022?? 8?? 吏묒쨷?몄슦","F_AVR_HGT":18.6,"F_AREA":279.4,"ADM_CD":"1168010100","F_SAT_YMD":"20220808","F_END_YMD":"20220810","F_SAT_TM":"00","F_END_TM":"24","F_RSN_DTL":"諛곗닔?⑸웾珥덇낵","F_ZONE_NM":"??궪珥덇탳 ?쇰? 2吏�援","INV_YR":"2022","F_YR":"2022","TYPE":null,"layer":"서울시_2022(최종)","path":"D:/김원상/침수흔적도/(붙임2) 10~21년 서울시 침수흔적도/서울시_2022(최종).shp"},"geometry":{"type":"Polygon","coordinates":[[[127.03371557741787,37.49443938054086],[127.03378024266354,37.49442685702522],[127.03382471308737,37.494417438436955],[127.03395792422465,37.49442336655119],[127.03399808099948,37.49434956365095],[127.03379384260155,37.494287054212606],[127.03369734718532,37.49438273966355],[127.03371557741787,37.49443938054086]]]}},{"type":"Feature","properties":{"OBJECTID":null,"GU_NAM":"강남구","F_SHIM":0.3,"F_DISA_NM":"2022?? 8?? 吏묒쨷?몄슦","F_AVR_HGT":18.6,"F_AREA":167,"ADM_CD":"1168010100","F_SAT_YMD":"20220808","F_END_YMD":"20220810","F_SAT_TM":"00","F_END_TM":"24","F_RSN_DTL":"諛곗닔?⑸웾珥덇낵","F_ZONE_NM":"??궪珥덇탳 ?쇰? 2吏�援","INV_YR":"2022","F_YR":"2022","TYPE":null,"layer":"서울시_2022(최종)","path":"D:/김원상/침수흔적도/(붙임2) 10~21년 서울시 침수흔적도/서울시_2022(최종).shp"},"geometry":{"type":"Polygon","coordinates":[[[127.03379888530189,37.494705864468806],[127.03391975806517,37.49468150439159],[127.03386328620437,37.49457808511719],[127.03384155758297,37.49453826688326],[127.03374996776043,37.494550725701146],[127.03379888530189,37.494705864468806]]]}},{"type":"Feature","properties":{"OBJECTID":null,"GU_NAM":"강남구","F_SHIM":0.3,"F_DISA_NM":"2022?? 8?? 吏묒쨷?몄슦","F_AVR_HGT":18.6,"F_AREA":254.4,"ADM_CD":"1168010100","F_SAT_YMD":"20220808","F_END_YMD":"20220810","F_SAT_TM":"00","F_END_TM":"24","F_RSN_DTL":"諛곗닔?⑸웾珥덇낵","F_ZONE_NM":"??궪珥덇탳 ?쇰? 2吏�援","INV_YR":"2022","F_YR":"2022","TYPE":null,"layer":"서울시_2022(최종)","path":"D:/김원상/침수흔적도/(붙임2) 10~21년 서울시 침수흔적도/서울시_2022(최종).shp"},"geometry":{"type":"Polygon","coordinates":[[[127.0339830067369,37.49442637800976],[127.03404893595736,37.494434234610395],[127.03414308201539,37.49447563660984],[127.03412513348084,37.49452149343357],[127.03422438708984,37.494554091191965],[127.03428218720038,37.4944353594719],[127.03417146723731,37.494402422551325],[127.03402065461991,37.4943560626598],[127.0339830067369,37.49442637800976]]]}},{"type":"Feature","properties":{"OBJECTID":null,"GU_NAM":"강남구","F_SHIM":0.3,"F_DISA_NM":"2022?? 8?? 吏묒쨷?몄슦","F_AVR_HGT":18.6,"F_AREA":191.4,"ADM_CD":"1168010100","F_SAT_YMD":"20220808","F_END_YMD":"20220810","F_SAT_TM":"00","F_END_TM":"24","F_RSN_DTL":"諛곗닔?⑸웾珥덇낵","F_ZONE_NM":"??궪珥덇탳 ?쇰? 2吏�援","INV_YR":"2022","F_YR":"2022","TYPE":null,"layer":"서울시_2022(최종)","path":"D:/김원상/침수흔적도/(붙임2) 10~21년 서울시 침수흔적도/서울시_2022(최종).shp"},"geometry":{"type":"Polygon","coordinates":[[[127.03407482867142,37.494662522748726],[127.03416540021924,37.49475252562902],[127.0341944762567,37.49473338036024],[127.0341995568309,37.49468893264734],[127.03417190830562,37.49466227971597],[127.03420210735017,37.494599372585995],[127.03421143942963,37.49458016069321],[127.03412419662934,37.49455145192786],[127.03404743693825,37.49457600730649],[127.03407482867142,37.494662522748726]]]}},{"type":"Feature","properties":{"OBJECTID":null,"GU_NAM":"강남구","F_SHIM":0.3,"F_DISA_NM":"2022?? 8?? 吏묒쨷?몄슦","F_AVR_HGT":18.6,"F_AREA":489.9,"ADM_CD":"1168010100","F_SAT_YMD":"20220808","F_END_YMD":"20220810","F_SAT_TM":"00","F_END_TM":"24","F_RSN_DTL":"諛곗닔?⑸웾珥덇낵","F_ZONE_NM":"??궪珥덇탳 ?쇰? 2吏�援","INV_YR":"2022","F_YR":"2022","TYPE":null,"layer":"서울시_2022(최종)","path":"D:/김원상/침수흔적도/(붙임2) 10~21년 서울시 침수흔적도/서울시_2022(최종).shp"},"geometry":{"type":"Polygon","coordinates":[[[127.03428345397911,37.49443599883028],[127.03417394368259,37.49466210796345],[127.03451646167024,37.494988715217346],[127.03471059881184,37.49498743547273],[127.03471057697224,37.49493808773601],[127.034545998525,37.494937494151635],[127.03424946596655,37.49465229319851],[127.0343459277222,37.494454686238484],[127.03428345397911,37.49443599883028]]]}},{"type":"Feature","properties":{"OBJECTID":null,"GU_NAM":"강남구","F_SHIM":0.3,"F_DISA_NM":"2022?? 8?? 吏묒쨷?몄슦","F_AVR_HGT":18.6,"F_AREA":823.2,"ADM_CD":"1168010100","F_SAT_YMD":"20220808","F_END_YMD":"20220810","F_SAT_TM":"00","F_END_TM":"24","F_RSN_DTL":"諛곗닔?⑸웾珥덇낵","F_ZONE_NM":"??궪珥덇탳 ?쇰? 2吏�援","INV_YR":"2022","F_YR":"2022","TYPE":null,"layer":"서울시_2022(최종)","path":"D:/김원상/침수흔적도/(붙임2) 10~21년 서울시 침수흔적도/서울시_2022(최종).shp"},"geometry":{"type":"Polygon","coordinates":[[[127.03432104171463,37.49472003752233],[127.03437610612293,37.49460329772827],[127.03439708526649,37.49460945472853],[127.03449386114721,37.494638647171286],[127.0346362488298,37.49468209858989],[127.03482032361636,37.49473765653661],[127.03487890205437,37.49461639250031],[127.03455282486253,37.49451818507661],[127.03445572084493,37.49448822692338],[127.03434642525986,37.49445465006024],[127.03428684028452,37.49457731967455],[127.03427568909193,37.494599883796084],[127.03425022348088,37.494652004668765],[127.03432104171463,37.49472003752233]]]}},{"type":"Feature","properties":{"OBJECTID":null,"GU_NAM":"강남구","F_SHIM":0.3,"F_DISA_NM":"2022?? 8?? 吏묒쨷?몄슦","F_AVR_HGT":18.6,"F_AREA":259.7,"ADM_CD":"1168010100","F_SAT_YMD":"20220808","F_END_YMD":"20220810","F_SAT_TM":"00","F_END_TM":"24","F_RSN_DTL":"諛곗닔?⑸웾珥덇낵","F_ZONE_NM":"??궪珥덇탳 ?쇰? 2吏�援","INV_YR":"2022","F_YR":"2022","TYPE":null,"layer":"서울시_2022(최종)","path":"D:/김원상/침수흔적도/(붙임2) 10~21년 서울시 침수흔적도/서울시_2022(최종).shp"},"geometry":{"type":"Polygon","coordinates":[[[127.03454680038473,37.49493518736872],[127.03467004734462,37.49493498165795],[127.0346704717899,37.49479516443336],[127.03459174684168,37.49477392290995],[127.03443880810188,37.494832440496225],[127.03454680038473,37.49493518736872]]]}},{"type":"Feature","properties":{"OBJECTID":null,"GU_NAM":"강남구","F_SHIM":0.3,"F_DISA_NM":"2022?? 8?? 吏묒쨷?몄슦","F_AVR_HGT":17.9,"F_AREA":1444.8,"ADM_CD":"1168010100","F_SAT_YMD":"20220808","F_END_YMD":"20220810","F_SAT_TM":"00","F_END_TM":"24","F_RSN_DTL":"諛곗닔?⑸웾珥덇낵","F_ZONE_NM":"??궪珥덇탳 ?쇰? 1吏�援","INV_YR":"2022","F_YR":"2022","TYPE":null,"layer":"서울시_2022(최종)","path":"D:/김원상/침수흔적도/(붙임2) 10~21년 서울시 침수흔적도/서울시_2022(최종).shp"},"geometry":{"type":"Polygon","coordinates":[[[127.03109661688094,37.4939001772864],[127.0310986506772,37.493896032178675],[127.03116610349855,37.49375527911915],[127.03127705543508,37.49352360419621],[127.03097114050048,37.493430877885416],[127.0309194707007,37.493449271150546],[127.03075417136596,37.49379556636451],[127.03109661688094,37.4939001772864]]]}},{"type":"Feature","properties":{"OBJECTID":null,"GU_NAM":"강남구","F_SHIM":0.3,"F_DISA_NM":"2022?? 8?? 吏묒쨷?몄슦","F_AVR_HGT":17.9,"F_AREA":498.8,"ADM_CD":"1168010100","F_SAT_YMD":"20220808","F_END_YMD":"20220810","F_SAT_TM":"00","F_END_TM":"24","F_RSN_DTL":"諛곗닔?⑸웾珥덇낵","F_ZONE_NM":"??궪珥덇탳 ?쇰? 1吏�援","INV_YR":"2022","F_YR":"2022","TYPE":null,"layer":"서울시_2022(최종)","path":"D:/김원상/침수흔적도/(붙임2) 10~21년 서울시 침수흔적도/서울시_2022(최종).shp"},"geometry":{"type":"Polygon","coordinates":[[[127.03155321985584,37.49387005879571],[127.03166281468594,37.49364054625958],[127.03146987838875,37.49358212045],[127.03135960497157,37.493812624080626],[127.03155321985584,37.49387005879571]]]}},{"type":"Feature","properties":{"OBJECTID":null,"GU_NAM":"강남구","F_SHIM":0.3,"F_DISA_NM":"2022?? 8?? 吏묒쨷?몄슦","F_AVR_HGT":18.4,"F_AREA":346.7,"ADM_CD":"1168010100","F_SAT_YMD":"20220808","F_END_YMD":"20220810","F_SAT_TM":"00","F_END_TM":"24","F_RSN_DTL":"諛곗닔?⑸웾珥덇낵","F_ZONE_NM":"??궪珥덇탳 ?쇰? 1吏�援","INV_YR":"2022","F_YR":"2022","TYPE":null,"layer":"서울시_2022(최종)","path":"D:/김원상/침수흔적도/(붙임2) 10~21년 서울시 침수흔적도/서울시_2022(최종).shp"},"geometry":{"type":"Polygon","coordinates":[[[127.030591970791,37.494555149084256],[127.03067614733901,37.49437916311883],[127.03050073952225,37.494326407704236],[127.0304165627606,37.49450275394621],[127.030591970791,37.494555149084256]]]}},{"type":"Feature","properties":{"OBJECTID":null,"GU_NAM":"강남구","F_SHIM":0.3,"F_DISA_NM":"2022?? 8?? 吏묒쨷?몄슦","F_AVR_HGT":18.4,"F_AREA":671.3,"ADM_CD":"1168010100","F_SAT_YMD":"20220808","F_END_YMD":"20220810","F_SAT_TM":"00","F_END_TM":"24","F_RSN_DTL":"諛곗닔?⑸웾珥덇낵","F_ZONE_NM":"??궪珥덇탳 ?쇰? 1吏�援","INV_YR":"2022","F_YR":"2022","TYPE":null,"layer":"서울시_2022(최종)","path":"D:/김원상/침수흔적도/(붙임2) 10~21년 서울시 침수흔적도/서울시_2022(최종).shp"},"geometry":{"type":"Polygon","coordinates":[[[127.03114692227085,37.49472097532733],[127.03120522360291,37.494598875251064],[127.03126352474526,37.49447677514355],[127.0310195810953,37.49440232364619],[127.03096150573906,37.494524333478715],[127.03090263926505,37.49464796527613],[127.03114692227085,37.49472097532733]]]}},{"type":"Feature","properties":{"OBJECTID":null,"GU_NAM":"강남구","F_SHIM":0.3,"F_DISA_NM":"2022?? 8?? 吏묒쨷?몄슦","F_AVR_HGT":19.2,"F_AREA":431,"ADM_CD":"1168010100","F_SAT_YMD":"20220808","F_END_YMD":"20220810","F_SAT_TM":"00","F_END_TM":"24","F_RSN_DTL":"諛곗닔?⑸웾珥덇낵","F_ZONE_NM":"??궪珥덇탳 ?쇰? 1吏�援","INV_YR":"2022","F_YR":"2022","TYPE":null,"layer":"서울시_2022(최종)","path":"D:/김원상/침수흔적도/(붙임2) 10~21년 서울시 침수흔적도/서울시_2022(최종).shp"},"geometry":{"type":"Polygon","coordinates":[[[127.03057192288827,37.4950546681597],[127.03068277012393,37.49483488706523],[127.03063040768572,37.49481949288819],[127.03050804027873,37.494783573097614],[127.0303982098167,37.49500200228234],[127.03057192288827,37.4950546681597]]]}},{"type":"Feature","properties":{"OBJECTID":null,"GU_NAM":"강남구","F_SHIM":0.3,"F_DISA_NM":"2022?? 8?? 吏묒쨷?몄슦","F_AVR_HGT":18.4,"F_AREA":1778.1,"ADM_CD":"1168010100","F_SAT_YMD":"20220808","F_END_YMD":"20220810","F_SAT_TM":"00","F_END_TM":"24","F_RSN_DTL":"諛곗닔?⑸웾珥덇낵","F_ZONE_NM":"??궪珥덇탳 ?쇰? 1吏�援","INV_YR":"2022","F_YR":"2022","TYPE":null,"layer":"서울시_2022(최종)","path":"D:/김원상/침수흔적도/(붙임2) 10~21년 서울시 침수흔적도/서울시_2022(최종).shp"},"geometry":{"type":"Polygon","coordinates":[[[127.03090379053843,37.495153738247964],[127.03107443918054,37.49520815322716],[127.03105183911141,37.49516806608479],[127.03176777640103,37.49367275720052],[127.0316633237954,37.49364117682946],[127.030950121254,37.4951363852979],[127.03090379053843,37.495153738247964]]]}},{"type":"Feature","properties":{"OBJECTID":null,"GU_NAM":"강남구","F_SHIM":0.3,"F_DISA_NM":"2022?? 8?? 吏묒쨷?몄슦","F_AVR_HGT":19.2,"F_AREA":295.6,"ADM_CD":"1168010100","F_SAT_YMD":"20220808","F_END_YMD":"20220810","F_SAT_TM":"00","F_END_TM":"24","F_RSN_DTL":"諛곗닔?⑸웾珥덇낵","F_ZONE_NM":"??궪珥덇탳 ?쇰? 1吏�援","INV_YR":"2022","F_YR":"2022","TYPE":null,"layer":"서울시_2022(최종)","path":"D:/김원상/침수흔적도/(붙임2) 10~21년 서울시 침수흔적도/서울시_2022(최종).shp"},"geometry":{"type":"Polygon","coordinates":[[[127.03147583171314,37.49518094273159],[127.0314783172009,37.49517517570462],[127.0315435129464,37.495044694426966],[127.03134831043172,37.49498356601083],[127.03128401972964,37.4951157588532],[127.03147583171314,37.49518094273159]]]}},{"type":"Feature","properties":{"OBJECTID":null,"GU_NAM":"강남구","F_SHIM":0.3,"F_DISA_NM":"2022?? 8?? 吏묒쨷?몄슦","F_AVR_HGT":18.4,"F_AREA":3287.4,"ADM_CD":"1168010100","F_SAT_YMD":"20220808","F_END_YMD":"20220810","F_SAT_TM":"00","F_END_TM":"24","F_RSN_DTL":"諛곗닔?⑸웾珥덇낵","F_ZONE_NM":"??궪珥덇탳 ?쇰? 1吏�援","INV_YR":"2022","F_YR":"2022","TYPE":null,"layer":"서울시_2022(최종)","path":"D:/김원상/침수흔적도/(붙임2) 10~21년 서울시 침수흔적도/서울시_2022(최종).shp"},"geometry":{"type":"Polygon","coordinates":[[[127.03173482290715,37.49473027056679],[127.03176396899887,37.4946696269248],[127.03192955109041,37.49472218106944],[127.03198885961501,37.49460364827273],[127.03194441962624,37.494590223068556],[127.03196045947932,37.494556497426125],[127.03199992542798,37.494568372945295],[127.0320536614688,37.49445813751458],[127.03221757076766,37.494507518994865],[127.03222974232848,37.49448229319068],[127.03206717508846,37.494433542758316],[127.03211609111868,37.49433481872225],[127.03227723786904,37.49438252748661],[127.03231926784959,37.49429414051637],[127.0323312787857,37.494268884052524],[127.03237901305887,37.4941686130016],[127.03205333768416,37.49406770001658],[127.03204327867013,37.49408844072344],[127.03191296224472,37.49404899134086],[127.03162972718322,37.4939631246894],[127.03152824646668,37.4941757765216],[127.03148372269449,37.49426885877503],[127.0317300399116,37.494341596922695],[127.03177478283379,37.49425031421122],[127.03194125708936,37.494300727436816],[127.03188939707134,37.494408770632866],[127.03183810175979,37.49451546215985],[127.03182013700729,37.494552678051576],[127.03178691927386,37.49462188333391],[127.03137537923128,37.494495862138415],[127.03136738214094,37.494512703641455],[127.03132344254577,37.49460453028858],[127.03156870410845,37.494679499248164],[127.03173482290715,37.49473027056679]]]}},{"type":"Feature","properties":{"OBJECTID":null,"GU_NAM":"강남구","F_SHIM":0.3,"F_DISA_NM":"2022?? 8?? 吏묒쨷?몄슦","F_AVR_HGT":18.4,"F_AREA":246.6,"ADM_CD":"1168010100","F_SAT_YMD":"20220808","F_END_YMD":"20220810","F_SAT_TM":"00","F_END_TM":"24","F_RSN_DTL":"諛곗닔?⑸웾珥덇낵","F_ZONE_NM":"??궪珥덇탳 ?쇰? 1吏�援","INV_YR":"2022","F_YR":"2022","TYPE":null,"layer":"서울시_2022(최종)","path":"D:/김원상/침수흔적도/(붙임2) 10~21년 서울시 침수흔적도/서울시_2022(최종).shp"},"geometry":{"type":"Polygon","coordinates":[[[127.03162959705679,37.49455434856953],[127.03167207938189,37.49446495857557],[127.03142581709132,37.494390184148806],[127.03138340213357,37.49447899739865],[127.03162959705679,37.49455434856953]]]}},{"type":"Feature","properties":{"OBJECTID":null,"GU_NAM":"강남구","F_SHIM":0.3,"F_DISA_NM":"2022?? 8?? 吏묒쨷?몄슦","F_AVR_HGT":18.4,"F_AREA":677.6,"ADM_CD":"1168010100","F_SAT_YMD":"20220808","F_END_YMD":"20220810","F_SAT_TM":"00","F_END_TM":"24","F_RSN_DTL":"諛곗닔?⑸웾珥덇낵","F_ZONE_NM":"??궪珥덇탳 ?쇰? 1吏�援","INV_YR":"2022","F_YR":"2022","TYPE":null,"layer":"서울시_2022(최종)","path":"D:/김원상/침수흔적도/(붙임2) 10~21년 서울시 침수흔적도/서울시_2022(최종).shp"},"geometry":{"type":"Polygon","coordinates":[[[127.03250876388621,37.49389740962045],[127.03179761385913,37.49539910979478],[127.03174801222339,37.49541730466625],[127.03185523856496,37.495450668219114],[127.03183283375516,37.49541453488296],[127.03238415095608,37.494256265352206],[127.03254944382637,37.49391008501766],[127.03250876388621,37.49389740962045]]]}},{"type":"Feature","properties":{"OBJECTID":null,"GU_NAM":"강남구","F_SHIM":0.3,"F_DISA_NM":"2022?? 8?? 吏묒쨷?몄슦","F_AVR_HGT":18.4,"F_AREA":1828.4,"ADM_CD":"1168010100","F_SAT_YMD":"20220808","F_END_YMD":"20220810","F_SAT_TM":"00","F_END_TM":"24","F_RSN_DTL":"諛곗닔?⑸웾珥덇낵","F_ZONE_NM":"??궪珥덇탳 ?쇰? 1吏�援","INV_YR":"2022","F_YR":"2022","TYPE":null,"layer":"서울시_2022(최종)","path":"D:/김원상/침수흔적도/(붙임2) 10~21년 서울시 침수흔적도/서울시_2022(최종).shp"},"geometry":{"type":"Polygon","coordinates":[[[127.03277330594841,37.49512780802278],[127.0328354463967,37.49499777733953],[127.03290199286567,37.494858375055294],[127.03252629083778,37.49474440772278],[127.03253702423164,37.49472197001643],[127.0325979219508,37.4945945526741],[127.0326033451487,37.49458328875269],[127.0326658244951,37.49445280755763],[127.032634949679,37.494443445298074],[127.03251586110547,37.49440716632128],[127.03250319451627,37.49440329534583],[127.03245642006466,37.494502147259126],[127.03244173239207,37.49453314549009],[127.03242342921318,37.49457162296135],[127.03237541173941,37.49467308806363],[127.03236907844435,37.49467119761864],[127.03232614661985,37.49476572367457],[127.03236177159117,37.494776706573354],[127.03235408876387,37.494792926570604],[127.0324842609896,37.4948320860018],[127.03245929167052,37.49488435051648],[127.03243228860313,37.49494085025533],[127.03239737652936,37.49501366014603],[127.03277330594841,37.49512780802278]]]}},{"type":"Feature","properties":{"OBJECTID":null,"GU_NAM":"강남구","F_SHIM":0.3,"F_DISA_NM":"2022?? 8?? 吏묒쨷?몄슦","F_AVR_HGT":18.4,"F_AREA":3624,"ADM_CD":"1168010100","F_SAT_YMD":"20220808","F_END_YMD":"20220810","F_SAT_TM":"00","F_END_TM":"24","F_RSN_DTL":"諛곗닔?⑸웾珥덇낵","F_ZONE_NM":"??궪珥덇탳 ?쇰? 1吏�援","INV_YR":"2022","F_YR":"2022","TYPE":null,"layer":"서울시_2022(최종)","path":"D:/김원상/침수흔적도/(붙임2) 10~21년 서울시 침수흔적도/서울시_2022(최종).shp"},"geometry":{"type":"Polygon","coordinates":[[[127.03252164863207,37.49566022084478],[127.03273286315033,37.49571375667026],[127.03343538339107,37.494244867687634],[127.03353616782263,37.49420949420114],[127.03318015778812,37.49410147920397],[127.03322613643198,37.49418265594959],[127.03252164863207,37.49566022084478]]]}},{"type":"Feature","properties":{"OBJECTID":null,"GU_NAM":"강남구","F_SHIM":0.3,"F_DISA_NM":"2022?? 8?? 吏묒쨷?몄슦","F_AVR_HGT":18.4,"F_AREA":163.4,"ADM_CD":"1168010100","F_SAT_YMD":"20220808","F_END_YMD":"20220810","F_SAT_TM":"00","F_END_TM":"24","F_RSN_DTL":"諛곗닔?⑸웾珥덇낵","F_ZONE_NM":"??궪珥덇탳 ?쇰? 1吏�援","INV_YR":"2022","F_YR":"2022","TYPE":null,"layer":"서울시_2022(최종)","path":"D:/김원상/침수흔적도/(붙임2) 10~21년 서울시 침수흔적도/서울시_2022(최종).shp"},"geometry":{"type":"Polygon","coordinates":[[[127.03210730472128,37.49484155716471],[127.03227014392743,37.494891238490084],[127.03231201433638,37.49480012752142],[127.03217323534211,37.49475738415566],[127.03214223306479,37.494768348350576],[127.03210730472128,37.49484155716471],[127.03210730472128,37.49484155716471]]]}},{"type":"Feature","properties":{"OBJECTID":null,"GU_NAM":"강남구","F_SHIM":0.3,"F_DISA_NM":"2022?? 8?? 吏묒쨷?몄슦","F_AVR_HGT":15.21,"F_AREA":1775,"ADM_CD":"1168010800","F_SAT_YMD":"20220808","F_END_YMD":"20220810","F_SAT_TM":"00","F_END_TM":"24","F_RSN_DTL":"諛곗닔?⑸웾珥덇낵","F_ZONE_NM":"?쇳쁽珥덇탳 ?쇰?","INV_YR":"2022","F_YR":"2022","TYPE":null,"layer":"서울시_2022(최종)","path":"D:/김원상/침수흔적도/(붙임2) 10~21년 서울시 침수흔적도/서울시_2022(최종).shp"},"geometry":{"type":"Polygon","coordinates":[[[127.02391087250531,37.50755233770951],[127.02394772003093,37.50747511522481],[127.02372772112781,37.50740947406802],[127.02379542687882,37.50727124828364],[127.0238506989288,37.50715816264305],[127.02406820873988,37.50722290305125],[127.02412178417741,37.507110898804015],[127.02417886324403,37.5069913254778],[127.02396531169715,37.506923971625305],[127.02390642302106,37.5070444461904],[127.02390314513164,37.50705111419434],[127.02360250085813,37.50696206211476],[127.02351144418826,37.50715310862829],[127.0234849499268,37.507208596993244],[127.02371788741564,37.50742965826296],[127.02385511639045,37.50755982654595],[127.02391087250531,37.50755233770951]]]}},{"type":"Feature","properties":{"OBJECTID":null,"GU_NAM":"강남구","F_SHIM":0.3,"F_DISA_NM":"2022?? 8?? 吏묒쨷?몄슦","F_AVR_HGT":15.21,"F_AREA":217.3,"ADM_CD":"1168010800","F_SAT_YMD":"20220808","F_END_YMD":"20220810","F_SAT_TM":"00","F_END_TM":"24","F_RSN_DTL":"諛곗닔?⑸웾珥덇낵","F_ZONE_NM":"?쇳쁽珥덇탳 ?쇰?","INV_YR":"2022","F_YR":"2022","TYPE":null,"layer":"서울시_2022(최종)","path":"D:/김원상/침수흔적도/(붙임2) 10~21년 서울시 침수흔적도/서울시_2022(최종).shp"},"geometry":{"type":"Polygon","coordinates":[[[127.02422373520753,37.50689743290282],[127.0242675898242,37.506805702899726],[127.02405539640036,37.50673997074218],[127.02401165395852,37.50682935805218],[127.02422373520753,37.50689743290282]]]}},{"type":"Feature","properties":{"OBJECTID":null,"GU_NAM":"강남구","F_SHIM":0.3,"F_DISA_NM":"2022?? 8?? 吏묒쨷?몄슦","F_AVR_HGT":15.21,"F_AREA":2552.2,"ADM_CD":"1168010800","F_SAT_YMD":"20220808","F_END_YMD":"20220810","F_SAT_TM":"00","F_END_TM":"24","F_RSN_DTL":"諛곗닔?⑸웾珥덇낵","F_ZONE_NM":"?쇳쁽珥덇탳 ?쇰?","INV_YR":"2022","F_YR":"2022","TYPE":null,"layer":"서울시_2022(최종)","path":"D:/김원상/침수흔적도/(붙임2) 10~21년 서울시 침수흔적도/서울시_2022(최종).shp"},"geometry":{"type":"Polygon","coordinates":[[[127.02407620845713,37.50749788599674],[127.02405334987837,37.507456714769475],[127.02407620845713,37.50749788599674],[127.024265906594,37.507557558728514],[127.02426827061294,37.50755830610125],[127.02431034787557,37.50757154265444],[127.02440653742464,37.507379431367276],[127.024527791915,37.50741679921116],[127.02453932920974,37.50742040095365],[127.02465006453684,37.50745452712995],[127.02455263174538,37.50764772005242],[127.02458429156337,37.507657669897625],[127.0247083858977,37.507696613745445],[127.02483461819594,37.50773632288857],[127.02497815668451,37.50778143444606],[127.02502766249032,37.50767880098163],[127.02503817394685,37.507656904648194],[127.02505943877335,37.50766320739523],[127.02509402489588,37.50759148109046],[127.02511517669343,37.50759805414935],[127.02508059050318,37.50766951016094],[127.02507007905724,37.5076914064981],[127.02521520171851,37.507738769945895],[127.02526278680811,37.507643524947625],[127.02520385584096,37.507625336627825],[127.02530602980187,37.50740907667429],[127.02518828142904,37.507372970323416],[127.0250867857784,37.5075892300411],[127.02495161806831,37.50754754074467],[127.02492707298775,37.50753997723159],[127.02481384895611,37.50750504090848],[127.02491602410342,37.507289502085584],[127.02477825556947,37.50724727250514],[127.02465372106303,37.50720900456209],[127.02458048079944,37.507365882571],[127.0245717778222,37.50738444482069],[127.02455809144087,37.507380212802175],[127.02454021995261,37.5073746301014],[127.02454892293655,37.50735606785401],[127.02442167391762,37.50731761999674],[127.02439386903436,37.50737546943179],[127.0242727277773,37.50733810142837],[127.02422650015959,37.50743776066024],[127.02422039221851,37.50743595983908],[127.02408251133075,37.50739580176434],[127.02405334987837,37.507456714769475],[127.02407620845713,37.50749788599674]]]}},{"type":"Feature","properties":{"OBJECTID":null,"GU_NAM":"강남구","F_SHIM":0.3,"F_DISA_NM":"2022?? 8?? 吏묒쨷?몄슦","F_AVR_HGT":15.21,"F_AREA":181.5,"ADM_CD":"1168010800","F_SAT_YMD":"20220808","F_END_YMD":"20220810","F_SAT_TM":"00","F_END_TM":"24","F_RSN_DTL":"諛곗닔?⑸웾珥덇낵","F_ZONE_NM":"?쇳쁽珥덇탳 ?쇰?","INV_YR":"2022","F_YR":"2022","TYPE":null,"layer":"서울시_2022(최종)","path":"D:/김원상/침수흔적도/(붙임2) 10~21년 서울시 침수흔적도/서울시_2022(최종).shp"},"geometry":{"type":"Polygon","coordinates":[[[127.0242685427032,37.5073368408378],[127.0243277722719,37.50722276311567],[127.02418604521785,37.50717891181259],[127.02413088746478,37.50729434018156],[127.0242685427032,37.5073368408378]]]}},{"type":"Feature","properties":{"OBJECTID":null,"GU_NAM":"강남구","F_SHIM":0.3,"F_DISA_NM":"2022?? 8?? 吏묒쨷?몄슦","F_AVR_HGT":15.21,"F_AREA":230.6,"ADM_CD":"1168010800","F_SAT_YMD":"20220808","F_END_YMD":"20220810","F_SAT_TM":"00","F_END_TM":"24","F_RSN_DTL":"諛곗닔?⑸웾珥덇낵","F_ZONE_NM":"?쇳쁽珥덇탳 ?쇰?","INV_YR":"2022","F_YR":"2022","TYPE":null,"layer":"서울시_2022(최종)","path":"D:/김원상/침수흔적도/(붙임2) 10~21년 서울시 침수흔적도/서울시_2022(최종).shp"},"geometry":{"type":"Polygon","coordinates":[[[127.025372351169,37.50790542286135],[127.02541959565664,37.507806393681754],[127.02521350626671,37.50774210397696],[127.0251645646984,37.507840052217986],[127.025372351169,37.50790542286135]]]}},{"type":"Feature","properties":{"OBJECTID":null,"GU_NAM":"강남구","F_SHIM":0.3,"F_DISA_NM":"2022?? 8?? 吏묒쨷?몄슦","F_AVR_HGT":15.21,"F_AREA":579.9,"ADM_CD":"1168010800","F_SAT_YMD":"20220808","F_END_YMD":"20220810","F_SAT_TM":"00","F_END_TM":"24","F_RSN_DTL":"諛곗닔?⑸웾珥덇낵","F_ZONE_NM":"?쇳쁽珥덇탳 ?쇰?","INV_YR":"2022","F_YR":"2022","TYPE":null,"layer":"서울시_2022(최종)","path":"D:/김원상/침수흔적도/(붙임2) 10~21년 서울시 침수흔적도/서울시_2022(최종).shp"},"geometry":{"type":"Polygon","coordinates":[[[127.02558062993126,37.50774157926428],[127.02568336828936,37.50752477827529],[127.02555091511029,37.50748417030589],[127.02544379893016,37.507451305637936],[127.02534400072967,37.50766855632713],[127.02545055167501,37.507701421198874],[127.02550518454525,37.50771834887165],[127.02558062993126,37.50774157926428]]]}},{"type":"Feature","properties":{"OBJECTID":null,"GU_NAM":"강남구","F_SHIM":0.3,"F_DISA_NM":"2022?? 8?? 吏묒쨷?몄슦","F_AVR_HGT":15.21,"F_AREA":541.9,"ADM_CD":"1168010800","F_SAT_YMD":"20220808","F_END_YMD":"20220810","F_SAT_TM":"00","F_END_TM":"24","F_RSN_DTL":"諛곗닔?⑸웾珥덇낵","F_ZONE_NM":"?쇳쁽珥덇탳 ?쇰?","INV_YR":"2022","F_YR":"2022","TYPE":null,"layer":"서울시_2022(최종)","path":"D:/김원상/침수흔적도/(붙임2) 10~21년 서울시 침수흔적도/서울시_2022(최종).shp"},"geometry":{"type":"Polygon","coordinates":[[[127.02443540069181,37.50708407874571],[127.02448445493589,37.506983247579655],[127.02464416619426,37.50703232079321],[127.02468700117407,37.50693635614708],[127.0245740045304,37.50690196014437],[127.02457151790165,37.50690700621672],[127.02449607386131,37.50688440587432],[127.02448148275535,37.50688008392277],[127.02434812676572,37.506840105474005],[127.0242717203187,37.50699986710584],[127.02429469194992,37.5070409481725],[127.02438789449916,37.50706949179066],[127.02440372989467,37.50707435411115],[127.02443540069181,37.50708407874571]]]}},{"type":"Feature","properties":{"OBJECTID":null,"GU_NAM":"강남구","F_SHIM":0.3,"F_DISA_NM":"2022?? 8?? 吏묒쨷?몄슦","F_AVR_HGT":16.4,"F_AREA":2331.1,"ADM_CD":"1168010800","F_SAT_YMD":"20220808","F_END_YMD":"20220810","F_SAT_TM":"00","F_END_TM":"24","F_RSN_DTL":"諛곗닔?⑸웾珥덇낵","F_ZONE_NM":"?쇳쁽珥덇탳 ?쇰?","INV_YR":"2022","F_YR":"2022","TYPE":null,"layer":"서울시_2022(최종)","path":"D:/김원상/침수흔적도/(붙임2) 10~21년 서울시 침수흔적도/서울시_2022(최종).shp"},"geometry":{"type":"Polygon","coordinates":[[[127.02505917872799,37.506835100522295],[127.0249641205133,37.50702072495064],[127.0249921717879,37.5070291887577],[127.02498516930548,37.507060094368924],[127.024991955915,37.50706216531511],[127.02495850020082,37.50713154877825],[127.02509479753635,37.50717125564959],[127.02504744040054,37.507271816428464],[127.02520455106324,37.507319988402216],[127.02534412976793,37.507362847818165],[127.02539239038478,37.50725922334742],[127.0252515684347,37.50721852663181],[127.02529643830444,37.50712184056085],[127.02532448968293,37.507130394388554],[127.02543217082099,37.50716316895244],[127.02546813994466,37.507174063736656],[127.02537580080883,37.50737257220008],[127.0255751022862,37.50743361941711],[127.02570416207026,37.507473236957225],[127.02579898865304,37.507274727729396],[127.02575917366616,37.50726266253846],[127.02566992927682,37.507235470690475],[127.02564877759097,37.50722907793001],[127.02553894717013,37.507195673302675],[127.0256291418417,37.50701293260281],[127.02551999042817,37.506979798117285],[127.02541106536687,37.50694684368447],[127.02529343091155,37.50691118791124],[127.02520244362036,37.50709320771887],[127.02514057231821,37.50707438925686],[127.02508356477176,37.507057011388454],[127.02517409991147,37.506874991761805],[127.02516437245407,37.506872020417035],[127.02510204840938,37.506851490129165],[127.02505917872799,37.506835100522295]]]}},{"type":"Feature","properties":{"OBJECTID":null,"GU_NAM":"강남구","F_SHIM":0.3,"F_DISA_NM":"2022?? 8?? 吏묒쨷?몄슦","F_AVR_HGT":16.4,"F_AREA":215.2,"ADM_CD":"1168010800","F_SAT_YMD":"20220808","F_END_YMD":"20220810","F_SAT_TM":"00","F_END_TM":"24","F_RSN_DTL":"諛곗닔?⑸웾珥덇낵","F_ZONE_NM":"?쇳쁽珥덇탳 ?쇰?","INV_YR":"2022","F_YR":"2022","TYPE":null,"layer":"서울시_2022(최종)","path":"D:/김원상/침수흔적도/(붙임2) 10~21년 서울시 침수흔적도/서울시_2022(최종).shp"},"geometry":{"type":"Polygon","coordinates":[[[127.02602494786004,37.50757804696059],[127.02609750774222,37.50742432169534],[127.025969692168,37.50738542512518],[127.02591046825322,37.507509594838986],[127.02593366713873,37.50755067553628],[127.02602494786004,37.50757804696059]]]}},{"type":"Feature","properties":{"OBJECTID":null,"GU_NAM":"강남구","F_SHIM":0.3,"F_DISA_NM":"2022?? 8?? 吏묒쨷?몄슦","F_AVR_HGT":15.21,"F_AREA":4161,"ADM_CD":"1168010800","F_SAT_YMD":"20220808","F_END_YMD":"20220810","F_SAT_TM":"00","F_END_TM":"24","F_RSN_DTL":"諛곗닔?⑸웾珥덇낵","F_ZONE_NM":"?쇳쁽珥덇탳 ?쇰?","INV_YR":"2022","F_YR":"2022","TYPE":null,"layer":"서울시_2022(최종)","path":"D:/김원상/침수흔적도/(붙임2) 10~21년 서울시 침수흔적도/서울시_2022(최종).shp"},"geometry":{"type":"Polygon","coordinates":[[[127.02439974252202,37.50809131085547],[127.02422619415727,37.50792105581471],[127.0242582111507,37.50795240436947],[127.02439974252202,37.50809131085547],[127.02449260700394,37.50811949405221],[127.02462913259137,37.50816082320506],[127.02466023200212,37.50814991504667],[127.02470521779718,37.50805809457932],[127.02472625656358,37.508064577629725],[127.02474740846246,37.50807115075389],[127.02470253572866,37.50816270091566],[127.02471622853449,37.50818720535917],[127.0248524150651,37.50822853431998],[127.02499052463492,37.508270403339914],[127.02502139777968,37.50825931493217],[127.02506400881241,37.5081698373959],[127.0250850476695,37.508176410482],[127.02510619963135,37.50818298354178],[127.0250637016578,37.508272190771294],[127.02507762083243,37.508296785227],[127.02521064061226,37.50833712330843],[127.02531843650682,37.50836980784626],[127.0253841547129,37.508389706630616],[127.02543572303517,37.5083712257525],[127.02548997516455,37.50825705837587],[127.02550195578615,37.50823173791479],[127.0252903226922,37.50816582767877],[127.02511601693016,37.50811153247963],[127.02510549749472,37.508108200889836],[127.02515082111277,37.508013496992724],[127.02530635047046,37.50806320083692],[127.02536817837087,37.507942905201176],[127.02520869055847,37.507892751732534],[127.02509026250104,37.5078554741265],[127.02498853974157,37.50807182388714],[127.02493390667394,37.508054715777],[127.02487180827544,37.50803535662394],[127.02497375749519,37.50781891681769],[127.02482614690213,37.50777245456242],[127.02467887584866,37.50772617225522],[127.02452764607999,37.50767862913866],[127.02437313626746,37.50763000526566],[127.02430667339061,37.50776174395041],[127.02430362145981,37.50776760102329],[127.02422619415727,37.50792105581471],[127.0242582111507,37.50795240436947],[127.02439974252202,37.50809131085547]]]}},{"type":"Feature","properties":{"OBJECTID":null,"GU_NAM":"강남구","F_SHIM":0.3,"F_DISA_NM":"2022?? 8?? 吏묒쨷?몄슦","F_AVR_HGT":14.49,"F_AREA":245.9,"ADM_CD":"1168010800","F_SAT_YMD":"20220808","F_END_YMD":"20220810","F_SAT_TM":"00","F_END_TM":"24","F_RSN_DTL":"諛곗닔?⑸웾珥덇낵","F_ZONE_NM":"?쇳쁽珥덇탳 ?쇰?","INV_YR":"2022","F_YR":"2022","TYPE":null,"layer":"서울시_2022(최종)","path":"D:/김원상/침수흔적도/(붙임2) 10~21년 서울시 침수흔적도/서울시_2022(최종).shp"},"geometry":{"type":"Polygon","coordinates":[[[127.02555270392459,37.50812486929777],[127.02558988899521,37.50804656504285],[127.02556702941786,37.50800539411267],[127.02539973661668,37.50795280979796],[127.02534423848438,37.5080607605076],[127.02555270392459,37.50812486929777]]]}},{"type":"Feature","properties":{"OBJECTID":null,"GU_NAM":"강남구","F_SHIM":0.3,"F_DISA_NM":"2022?? 8?? 吏묒쨷?몄슦","F_AVR_HGT":15.21,"F_AREA":673.3,"ADM_CD":"1168010800","F_SAT_YMD":"20220808","F_END_YMD":"20220810","F_SAT_TM":"00","F_END_TM":"24","F_RSN_DTL":"諛곗닔?⑸웾珥덇낵","F_ZONE_NM":"?쇳쁽珥덇탳 ?쇰?","INV_YR":"2022","F_YR":"2022","TYPE":null,"layer":"서울시_2022(최종)","path":"D:/김원상/침수흔적도/(붙임2) 10~21년 서울시 침수흔적도/서울시_2022(최종).shp"},"geometry":{"type":"Polygon","coordinates":[[[127.02364432732472,37.507659876948736],[127.0236967732399,37.50754967510924],[127.02343894661884,37.50730510238581],[127.02331676033828,37.507561368716686],[127.02364432732472,37.507659876948736]]]}},{"type":"Feature","properties":{"OBJECTID":null,"GU_NAM":"강남구","F_SHIM":0.3,"F_DISA_NM":"2022?? 8?? 吏묒쨷?몄슦","F_AVR_HGT":15.21,"F_AREA":440.1,"ADM_CD":"1168010800","F_SAT_YMD":"20220808","F_END_YMD":"20220810","F_SAT_TM":"00","F_END_TM":"24","F_RSN_DTL":"諛곗닔?⑸웾珥덇낵","F_ZONE_NM":"?쇳쁽珥덇탳 ?쇰?","INV_YR":"2022","F_YR":"2022","TYPE":null,"layer":"서울시_2022(최종)","path":"D:/김원상/침수흔적도/(붙임2) 10~21년 서울시 침수흔적도/서울시_2022(최종).shp"},"geometry":{"type":"Polygon","coordinates":[[[127.02412516536687,37.50782187536407],[127.02417376800024,37.507720684027014],[127.02419366104188,37.50767896402271],[127.02423762930681,37.50758741422059],[127.0240606108436,37.50753176648388],[127.02400881645109,37.50754988640832],[127.02397999399054,37.50761016863088],[127.02396914322763,37.50763305603219],[127.02397809147944,37.507677563611196],[127.02412516536687,37.50782187536407]]]}},{"type":"Feature","properties":{"OBJECTID":null,"GU_NAM":"강남구","F_SHIM":0.3,"F_DISA_NM":"2022?? 8?? 吏묒쨷?몄슦","F_AVR_HGT":15.9,"F_AREA":2532.1,"ADM_CD":"1168010800","F_SAT_YMD":"20220808","F_END_YMD":"20220810","F_SAT_TM":"00","F_END_TM":"24","F_RSN_DTL":"諛곗닔?⑸웾珥덇낵","F_ZONE_NM":"?쇳쁽珥덇탳 ?쇰?","INV_YR":"2022","F_YR":"2022","TYPE":null,"layer":"서울시_2022(최종)","path":"D:/김원상/침수흔적도/(붙임2) 10~21년 서울시 침수흔적도/서울시_2022(최종).shp"},"geometry":{"type":"Polygon","coordinates":[[[127.02393856274995,37.509000505701756],[127.02397665389408,37.508919318602544],[127.02402842161604,37.50880920686809],[127.02408199767605,37.50869531057439],[127.02413500836414,37.50858240545959],[127.0242089292739,37.508425257329186],[127.02422475326338,37.50839155698362],[127.02395373629075,37.50830430211502],[127.02392333185512,37.508370531199745],[127.02381135077502,37.50833433228861],[127.02378963937379,37.50834794144591],[127.02367675382179,37.50831255347528],[127.02364599347753,37.50832337121119],[127.0235986332464,37.508422489794455],[127.02374420810564,37.50846751236549],[127.02385924287859,37.50850298996398],[127.02380679608055,37.50861166016228],[127.02375152318771,37.50872573685173],[127.02371591792706,37.50879944513557],[127.02359217267245,37.50875973433964],[127.02355815299846,37.50884137105622],[127.02353012340504,37.508908500588056],[127.02365556513926,37.50894731013261],[127.02388688046942,37.509018805746514],[127.02393856274995,37.509000505701756]]]}},{"type":"Feature","properties":{"OBJECTID":null,"GU_NAM":"강남구","F_SHIM":0.3,"F_DISA_NM":"2022?? 8?? 吏묒쨷?몄슦","F_AVR_HGT":15.9,"F_AREA":884.6,"ADM_CD":"1168010800","F_SAT_YMD":"20220808","F_END_YMD":"20220810","F_SAT_TM":"00","F_END_TM":"24","F_RSN_DTL":"諛곗닔?⑸웾珥덇낵","F_ZONE_NM":"?쇳쁽珥덇탳 ?쇰?","INV_YR":"2022","F_YR":"2022","TYPE":null,"layer":"서울시_2022(최종)","path":"D:/김원상/침수흔적도/(붙임2) 10~21년 서울시 침수흔적도/서울시_2022(최종).shp"},"geometry":{"type":"Polygon","coordinates":[[[127.02327377716693,37.50910253281218],[127.02341663895538,37.509148457278556],[127.02336939018866,37.50924478264366],[127.02349268326635,37.509282962058265],[127.02354444832314,37.509160506879596],[127.0236519059005,37.50919499499127],[127.02373736270081,37.50903054693142],[127.02340085292654,37.5089265445541],[127.02334917056564,37.50894484436385],[127.02327377716693,37.50910253281218]]]}},{"type":"Feature","properties":{"OBJECTID":null,"GU_NAM":"강남구","F_SHIM":0.3,"F_DISA_NM":"2022?? 8?? 吏묒쨷?몄슦","F_AVR_HGT":15.9,"F_AREA":221.1,"ADM_CD":"1168010800","F_SAT_YMD":"20220808","F_END_YMD":"20220810","F_SAT_TM":"00","F_END_TM":"24","F_RSN_DTL":"諛곗닔?⑸웾珥덇낵","F_ZONE_NM":"?쇳쁽珥덇탳 ?쇰?","INV_YR":"2022","F_YR":"2022","TYPE":null,"layer":"서울시_2022(최종)","path":"D:/김원상/침수흔적도/(붙임2) 10~21년 서울시 침수흔적도/서울시_2022(최종).shp"},"geometry":{"type":"Polygon","coordinates":[[[127.02304816951563,37.50881912037515],[127.02301776334774,37.50888282642875],[127.02311865942572,37.50891407263073],[127.02308294307274,37.50899724121415],[127.02318055845349,37.509025334470756],[127.02320985440261,37.509033798469765],[127.02325687641004,37.50893531081301],[127.02313720370766,37.5088985720832],[127.02315913227898,37.50885270730085],[127.02304816951563,37.50881912037515]]]}},{"type":"Feature","properties":{"OBJECTID":null,"GU_NAM":"강남구","F_SHIM":0.3,"F_DISA_NM":"2022?? 8?? 吏묒쨷?몄슦","F_AVR_HGT":15.9,"F_AREA":647.5,"ADM_CD":"1168010800","F_SAT_YMD":"20220808","F_END_YMD":"20220810","F_SAT_TM":"00","F_END_TM":"24","F_RSN_DTL":"諛곗닔?⑸웾珥덇낵","F_ZONE_NM":"?쇳쁽珥덇탳 ?쇰?","INV_YR":"2022","F_YR":"2022","TYPE":null,"layer":"서울시_2022(최종)","path":"D:/김원상/침수흔적도/(붙임2) 10~21년 서울시 침수흔적도/서울시_2022(최종).shp"},"geometry":{"type":"Polygon","coordinates":[[[127.0231116086028,37.50878045600686],[127.02319423594268,37.50860690877146],[127.02286756880949,37.508503443659066],[127.02278301919591,37.508680865304115],[127.0231116086028,37.50878045600686]]]}},{"type":"Feature","properties":{"OBJECTID":null,"GU_NAM":"강남구","F_SHIM":0.3,"F_DISA_NM":"2022?? 8?? 吏묒쨷?몄슦","F_AVR_HGT":15.9,"F_AREA":495.4,"ADM_CD":"1168010800","F_SAT_YMD":"20220808","F_END_YMD":"20220810","F_SAT_TM":"00","F_END_TM":"24","F_RSN_DTL":"諛곗닔?⑸웾珥덇낵","F_ZONE_NM":"?쇳쁽珥덇탳 ?쇰?","INV_YR":"2022","F_YR":"2022","TYPE":null,"layer":"서울시_2022(최종)","path":"D:/김원상/침수흔적도/(붙임2) 10~21년 서울시 침수흔적도/서울시_2022(최종).shp"},"geometry":{"type":"Polygon","coordinates":[[[127.02346598727799,37.50849756760259],[127.02357574124315,37.50826779280631],[127.02338299995644,37.50820989450198],[127.02335338563454,37.508272249005756],[127.02335236832758,37.50827432148801],[127.02330184291802,37.508380378218625],[127.02327415003509,37.50843876795758],[127.02346598727799,37.50849756760259]]]}},{"type":"Feature","properties":{"OBJECTID":null,"GU_NAM":"강남구","F_SHIM":0.3,"F_DISA_NM":"2022?? 8?? 吏묒쨷?몄슦","F_AVR_HGT":15.9,"F_AREA":765.6,"ADM_CD":"1168010800","F_SAT_YMD":"20220808","F_END_YMD":"20220810","F_SAT_TM":"00","F_END_TM":"24","F_RSN_DTL":"諛곗닔?⑸웾珥덇낵","F_ZONE_NM":"?쇳쁽珥덇탳 ?쇰?","INV_YR":"2022","F_YR":"2022","TYPE":null,"layer":"서울시_2022(최종)","path":"D:/김원상/침수흔적도/(붙임2) 10~21년 서울시 침수흔적도/서울시_2022(최종).shp"},"geometry":{"type":"Polygon","coordinates":[[[127.02364073429051,37.50813182013099],[127.02377128472637,37.507858342861574],[127.0238097150412,37.50777805673404],[127.02361527859372,37.507721060121206],[127.02358950765874,37.50777521489253],[127.02357763948493,37.50780026484146],[127.02356215431278,37.50783288384351],[127.0235020218853,37.50795921490449],[127.0234481060879,37.508072840713346],[127.02364073429051,37.50813182013099]]]}},{"type":"Feature","properties":{"OBJECTID":null,"GU_NAM":"강남구","F_SHIM":0.3,"F_DISA_NM":"2022?? 8?? 吏묒쨷?몄슦","F_AVR_HGT":15.9,"F_AREA":1027.9,"ADM_CD":"1168010800","F_SAT_YMD":"20220808","F_END_YMD":"20220810","F_SAT_TM":"00","F_END_TM":"24","F_RSN_DTL":"諛곗닔?⑸웾珥덇낵","F_ZONE_NM":"?쇳쁽珥덇탳 ?쇰?","INV_YR":"2022","F_YR":"2022","TYPE":null,"layer":"서울시_2022(최종)","path":"D:/김원상/침수흔적도/(붙임2) 10~21년 서울시 침수흔적도/서울시_2022(최종).shp"},"geometry":{"type":"Polygon","coordinates":[[[127.0239807468021,37.508235280574944],[127.02399171093872,37.5082130238516],[127.02426793006265,37.508299556834686],[127.02431913180762,37.50819070646682],[127.02431007019104,37.508146198939436],[127.02411785476886,37.507957657091694],[127.02404126299182,37.507882438426606],[127.02401198735103,37.50794046824614],[127.0239638350067,37.50803580294351],[127.0238062712907,37.50798780961063],[127.02379417700772,37.50801303982255],[127.02392357609784,37.50805247904054],[127.0238524780548,37.50819476001012],[127.02386718258896,37.50819944241591],[127.0239807468021,37.508235280574944]]]}},{"type":"Feature","properties":{"OBJECTID":null,"GU_NAM":"강남구","F_SHIM":0.3,"F_DISA_NM":"2022?? 8?? 吏묒쨷?몄슦","F_AVR_HGT":17.7,"F_AREA":261.4,"ADM_CD":"1168010800","F_SAT_YMD":"20220808","F_END_YMD":"20220810","F_SAT_TM":"00","F_END_TM":"24","F_RSN_DTL":"諛곗닔?⑸웾珥덇낵","F_ZONE_NM":"?쇳쁽珥덇탳 ?쇰?","INV_YR":"2022","F_YR":"2022","TYPE":null,"layer":"서울시_2022(최종)","path":"D:/김원상/침수흔적도/(붙임2) 10~21년 서울시 침수흔적도/서울시_2022(최종).shp"},"geometry":{"type":"Polygon","coordinates":[[[127.02661584230285,37.507755329314094],[127.02669326115343,37.507591781781635],[127.02655028849031,37.50754964547886],[127.02647264287066,37.5077122919692],[127.02661584230285,37.507755329314094]]]}},{"type":"Feature","properties":{"OBJECTID":null,"GU_NAM":"강남구","F_SHIM":0.3,"F_DISA_NM":"2022?? 8?? 吏묒쨷?몄슦","F_AVR_HGT":17.7,"F_AREA":329.1,"ADM_CD":"1168010800","F_SAT_YMD":"20220808","F_END_YMD":"20220810","F_SAT_TM":"00","F_END_TM":"24","F_RSN_DTL":"諛곗닔?⑸웾珥덇낵","F_ZONE_NM":"?쇳쁽珥덇탳 ?쇰?","INV_YR":"2022","F_YR":"2022","TYPE":null,"layer":"서울시_2022(최종)","path":"D:/김원상/침수흔적도/(붙임2) 10~21년 서울시 침수흔적도/서울시_2022(최종).shp"},"geometry":{"type":"Polygon","coordinates":[[[127.02694499793563,37.50785400825183],[127.02699203924884,37.50782895038509],[127.0269980935126,37.50767253590407],[127.02685941866706,37.50763139014628],[127.02677985444795,37.50780448881928],[127.02694499793563,37.50785400825183]]]}},{"type":"Feature","properties":{"OBJECTID":null,"GU_NAM":"강남구","F_SHIM":0.3,"F_DISA_NM":"2022?? 8?? 吏묒쨷?몄슦","F_AVR_HGT":17.7,"F_AREA":281.3,"ADM_CD":"1168010800","F_SAT_YMD":"20220808","F_END_YMD":"20220810","F_SAT_TM":"00","F_END_TM":"24","F_RSN_DTL":"諛곗닔?⑸웾珥덇낵","F_ZONE_NM":"?쇳쁽珥덇탳 ?쇰?","INV_YR":"2022","F_YR":"2022","TYPE":null,"layer":"서울시_2022(최종)","path":"D:/김원상/침수흔적도/(붙임2) 10~21년 서울시 침수흔적도/서울시_2022(최종).shp"},"geometry":{"type":"Polygon","coordinates":[[[127.02682446720615,37.5076210361671],[127.02691782113766,37.50742378775862],[127.0267910231896,37.50738534235718],[127.02669721681384,37.50758331156128],[127.02682446720615,37.5076210361671]]]}},{"type":"Feature","properties":{"OBJECTID":null,"GU_NAM":"강남구","F_SHIM":0.3,"F_DISA_NM":"2022?? 8?? 吏묒쨷?몄슦","F_AVR_HGT":17.7,"F_AREA":263.8,"ADM_CD":"1168010800","F_SAT_YMD":"20220808","F_END_YMD":"20220810","F_SAT_TM":"00","F_END_TM":"24","F_RSN_DTL":"諛곗닔?⑸웾珥덇낵","F_ZONE_NM":"?쇳쁽珥덇탳 ?쇰?","INV_YR":"2022","F_YR":"2022","TYPE":null,"layer":"서울시_2022(최종)","path":"D:/김원상/침수흔적도/(붙임2) 10~21년 서울시 침수흔적도/서울시_2022(최종).shp"},"geometry":{"type":"Polygon","coordinates":[[[127.0265742568446,37.50718473636406],[127.02662986188443,37.507065522567274],[127.02643248321526,37.50700447672033],[127.02637868806544,37.507125401940115],[127.0265742568446,37.50718473636406]]]}},{"type":"Feature","properties":{"OBJECTID":null,"GU_NAM":"강남구","F_SHIM":0.3,"F_DISA_NM":"2022?? 8?? 吏묒쨷?몄슦","F_AVR_HGT":16.1,"F_AREA":297.6,"ADM_CD":"1168010800","F_SAT_YMD":"20220808","F_END_YMD":"20220810","F_SAT_TM":"00","F_END_TM":"24","F_RSN_DTL":"諛곗닔?⑸웾珥덇낵","F_ZONE_NM":"?쇳쁽珥덇탳 ?쇰?","INV_YR":"2022","F_YR":"2022","TYPE":null,"layer":"서울시_2022(최종)","path":"D:/김원상/침수흔적도/(붙임2) 10~21년 서울시 침수흔적도/서울시_2022(최종).shp"},"geometry":{"type":"Polygon","coordinates":[[[127.02491903680321,37.50933206275402],[127.02497060588836,37.509313582081674],[127.0250424919854,37.50916301113398],[127.02488730280511,37.50912285745653],[127.02485848086772,37.509184491373176],[127.02485576615412,37.50918368101191],[127.02480535779736,37.50929757702256],[127.02491903680321,37.50933206275402]]]}},{"type":"Feature","properties":{"OBJECTID":null,"GU_NAM":"강남구","F_SHIM":0.3,"F_DISA_NM":"2022?? 8?? 吏묒쨷?몄슦","F_AVR_HGT":16.1,"F_AREA":609.5,"ADM_CD":"1168010800","F_SAT_YMD":"20220808","F_END_YMD":"20220810","F_SAT_TM":"00","F_END_TM":"24","F_RSN_DTL":"諛곗닔?⑸웾珥덇낵","F_ZONE_NM":"?쇳쁽珥덇탳 ?쇰?","INV_YR":"2022","F_YR":"2022","TYPE":null,"layer":"서울시_2022(최종)","path":"D:/김원상/침수흔적도/(붙임2) 10~21년 서울시 침수흔적도/서울시_2022(최종).shp"},"geometry":{"type":"Polygon","coordinates":[[[127.02495709351062,37.50950531698942],[127.02516725978164,37.50957131820029],[127.02522173996321,37.509458952919005],[127.025229765115,37.5094426432573],[127.02529328744419,37.50931171558048],[127.02511716999672,37.50925940295267],[127.02506571411601,37.50927797376633],[127.02501779004109,37.50937835441088],[127.02495709351062,37.50950531698942]]]}},{"type":"Feature","properties":{"OBJECTID":null,"GU_NAM":"강남구","F_SHIM":0.3,"F_DISA_NM":"2022?? 8?? 吏묒쨷?몄슦","F_AVR_HGT":15.44,"F_AREA":523.3,"ADM_CD":"1168010800","F_SAT_YMD":"20220808","F_END_YMD":"20220810","F_SAT_TM":"00","F_END_TM":"24","F_RSN_DTL":"諛곗닔?⑸웾珥덇낵","F_ZONE_NM":"?쇳쁽珥덇탳 ?쇰?","INV_YR":"2022","F_YR":"2022","TYPE":null,"layer":"서울시_2022(최종)","path":"D:/김원상/침수흔적도/(붙임2) 10~21년 서울시 침수흔적도/서울시_2022(최종).shp"},"geometry":{"type":"Polygon","coordinates":[[[127.02442608921609,37.509182593825095],[127.0244770652395,37.509074103847865],[127.0242960853834,37.509021340439965],[127.02429755472765,37.509018096566095],[127.02403728403551,37.50894390428789],[127.0240015665527,37.50901995526959],[127.0240247648331,37.509060946231635],[127.02424703141138,37.50912829827481],[127.02442608921609,37.509182593825095]]]}},{"type":"Feature","properties":{"OBJECTID":null,"GU_NAM":"강남구","F_SHIM":0.3,"F_DISA_NM":"2022?? 8?? 吏묒쨷?몄슦","F_AVR_HGT":15.44,"F_AREA":347.3,"ADM_CD":"1168010800","F_SAT_YMD":"20220808","F_END_YMD":"20220810","F_SAT_TM":"00","F_END_TM":"24","F_RSN_DTL":"諛곗닔?⑸웾珥덇낵","F_ZONE_NM":"?쇳쁽珥덇탳 ?쇰?","INV_YR":"2022","F_YR":"2022","TYPE":null,"layer":"서울시_2022(최종)","path":"D:/김원상/침수흔적도/(붙임2) 10~21년 서울시 침수흔적도/서울시_2022(최종).shp"},"geometry":{"type":"Polygon","coordinates":[[[127.02423236578703,37.508879445623705],[127.02428526363249,37.508767711763355],[127.02433499650073,37.50866264586952],[127.0242276530748,37.508630140548384],[127.02417619740537,37.508648710976495],[127.02413980200068,37.50872611362995],[127.02408690418471,37.50883856822386],[127.02423236578703,37.508879445623705]]]}},{"type":"Feature","properties":{"OBJECTID":null,"GU_NAM":"강남구","F_SHIM":0.3,"F_DISA_NM":"2022?? 8?? 吏묒쨷?몄슦","F_AVR_HGT":15.44,"F_AREA":644.7,"ADM_CD":"1168010800","F_SAT_YMD":"20220808","F_END_YMD":"20220810","F_SAT_TM":"00","F_END_TM":"24","F_RSN_DTL":"諛곗닔?⑸웾珥덇낵","F_ZONE_NM":"?쇳쁽珥덇탳 ?쇰?","INV_YR":"2022","F_YR":"2022","TYPE":null,"layer":"서울시_2022(최종)","path":"D:/김원상/침수흔적도/(붙임2) 10~21년 서울시 침수흔적도/서울시_2022(최종).shp"},"geometry":{"type":"Polygon","coordinates":[[[127.02461423336217,37.50899271704612],[127.02471301807876,37.50877726921582],[127.024578187989,37.50873639033217],[127.02444528096993,37.50869614161925],[127.02434649556314,37.5089114991291],[127.0244784980383,37.50895156792797],[127.02454874106373,37.50897290789124],[127.02461423336217,37.50899271704612]]]}},{"type":"Feature","properties":{"OBJECTID":null,"GU_NAM":"강남구","F_SHIM":0.3,"F_DISA_NM":"2022?? 8?? 吏묒쨷?몄슦","F_AVR_HGT":15.44,"F_AREA":2183.9,"ADM_CD":"1168010800","F_SAT_YMD":"20220808","F_END_YMD":"20220810","F_SAT_TM":"00","F_END_TM":"24","F_RSN_DTL":"諛곗닔?⑸웾珥덇낵","F_ZONE_NM":"?쇳쁽珥덇탳 ?쇰?","INV_YR":"2022","F_YR":"2022","TYPE":null,"layer":"서울시_2022(최종)","path":"D:/김원상/침수흔적도/(붙임2) 10~21년 서울시 침수흔적도/서울시_2022(최종).shp"},"geometry":{"type":"Polygon","coordinates":[[[127.02464468621992,37.50871799698462],[127.02469555051545,37.508615994107856],[127.02472889478642,37.50854904345163],[127.02475004676639,37.50855543637526],[127.02476564506345,37.508524078595705],[127.02484063845692,37.50854676894815],[127.02493094477224,37.508348711844135],[127.02481048056217,37.50831224526188],[127.02469012954262,37.50827568843457],[127.02454432853528,37.508231477969574],[127.02443144316078,37.50819726201614],[127.02437987473785,37.50821583255616],[127.02433545472373,37.50831017558086],[127.02432358679685,37.50833549590158],[127.02426537712718,37.508459033876875],[127.0242200525852,37.5085552691231],[127.0242433639701,37.50859635012347],[127.02435048112359,37.508628765374475],[127.02449469922655,37.50867252588486],[127.02464468621992,37.50871799698462]]]}},{"type":"Feature","properties":{"OBJECTID":null,"GU_NAM":"강남구","F_SHIM":0.3,"F_DISA_NM":"2022?? 8?? 吏묒쨷?몄슦","F_AVR_HGT":15.44,"F_AREA":345.3,"ADM_CD":"1168010800","F_SAT_YMD":"20220808","F_END_YMD":"20220810","F_SAT_TM":"00","F_END_TM":"24","F_RSN_DTL":"諛곗닔?⑸웾珥덇낵","F_ZONE_NM":"?쇳쁽珥덇탳 ?쇰?","INV_YR":"2022","F_YR":"2022","TYPE":null,"layer":"서울시_2022(최종)","path":"D:/김원상/침수흔적도/(붙임2) 10~21년 서울시 침수흔적도/서울시_2022(최종).shp"},"geometry":{"type":"Polygon","coordinates":[[[127.02502802485358,37.50883424007591],[127.02487905539716,37.50878903956183],[127.02502802485358,37.50883424007591],[127.02507549573518,37.50873250801222],[127.02512240140497,37.50863212753676],[127.02495171474915,37.50858044426889],[127.02493713448968,37.50861198207034],[127.0249581734034,37.50861837497907],[127.02492618717505,37.50868739772413],[127.02487905539716,37.50878903956183],[127.02502802485358,37.50883424007591]]]}},{"type":"Feature","properties":{"OBJECTID":null,"GU_NAM":"강남구","F_SHIM":0.3,"F_DISA_NM":"2022?? 8?? 吏묒쨷?몄슦","F_AVR_HGT":15.44,"F_AREA":435.1,"ADM_CD":"1168010800","F_SAT_YMD":"20220808","F_END_YMD":"20220810","F_SAT_TM":"00","F_END_TM":"24","F_RSN_DTL":"諛곗닔?⑸웾珥덇낵","F_ZONE_NM":"?쇳쁽珥덇탳 ?쇰?","INV_YR":"2022","F_YR":"2022","TYPE":null,"layer":"서울시_2022(최종)","path":"D:/김원상/침수흔적도/(붙임2) 10~21년 서울시 침수흔적도/서울시_2022(최종).shp"},"geometry":{"type":"Polygon","coordinates":[[[127.02580207441406,37.50877029286747],[127.0258677419708,37.5086327871447],[127.02572555917706,37.50858965859149],[127.0255985336354,37.508551121864755],[127.02552721521229,37.508703134646844],[127.02565220522808,37.50874194216434],[127.02565966493238,37.50872635338491],[127.02580207441406,37.50877029286747]]]}},{"type":"Feature","properties":{"OBJECTID":null,"GU_NAM":"강남구","F_SHIM":0.3,"F_DISA_NM":"2022?? 8?? 吏묒쨷?몄슦","F_AVR_HGT":16.35,"F_AREA":1131.7,"ADM_CD":"1168010800","F_SAT_YMD":"20220808","F_END_YMD":"20220810","F_SAT_TM":"00","F_END_TM":"24","F_RSN_DTL":"諛곗닔?⑸웾珥덇낵","F_ZONE_NM":"?쇳쁽珥덇탳 ?쇰?","INV_YR":"2022","F_YR":"2022","TYPE":null,"layer":"서울시_2022(최종)","path":"D:/김원상/침수흔적도/(붙임2) 10~21년 서울시 침수흔적도/서울시_2022(최종).shp"},"geometry":{"type":"Polygon","coordinates":[[[127.02525209588094,37.509241716372195],[127.0252970794619,37.50914313821696],[127.0253012613095,37.50913385710241],[127.02544762827627,37.50917257042771],[127.0254989898247,37.50921319499148],[127.02557192604917,37.509166598599656],[127.02548695998306,37.50908507561127],[127.02554550806693,37.50896351917279],[127.02557060004892,37.50891143641805],[127.02527967190805,37.50881860246839],[127.0251955796595,37.50899476434171],[127.0251470907965,37.509096316453316],[127.02511352147181,37.50916651085669],[127.02513683350806,37.50920750157652],[127.02525209588094,37.509241716372195]]]}},{"type":"Feature","properties":{"OBJECTID":null,"GU_NAM":"강남구","F_SHIM":0.3,"F_DISA_NM":"2022?? 8?? 吏묒쨷?몄슦","F_AVR_HGT":15.9,"F_AREA":252.4,"ADM_CD":"1168010800","F_SAT_YMD":"20220808","F_END_YMD":"20220810","F_SAT_TM":"00","F_END_TM":"24","F_RSN_DTL":"諛곗닔?⑸웾珥덇낵","F_ZONE_NM":"?쇳쁽珥덇탳 ?쇰?","INV_YR":"2022","F_YR":"2022","TYPE":null,"layer":"서울시_2022(최종)","path":"D:/김원상/침수흔적도/(붙임2) 10~21년 서울시 침수흔적도/서울시_2022(최종).shp"},"geometry":{"type":"Polygon","coordinates":[[[127.02650911068953,37.5092178509889],[127.02656304909948,37.50918333136729],[127.02661291595092,37.5091493531843],[127.02665995441038,37.509113032989006],[127.02666945223409,37.50910474179152],[127.02652770955194,37.50902881781],[127.02640117653621,37.50911461947999],[127.02650911068953,37.5092178509889]]]}},{"type":"Feature","properties":{"OBJECTID":null,"GU_NAM":"강남구","F_SHIM":0.3,"F_DISA_NM":"2022?? 8?? 吏묒쨷?몄슦","F_AVR_HGT":15.44,"F_AREA":170.7,"ADM_CD":"1168010800","F_SAT_YMD":"20220808","F_END_YMD":"20220810","F_SAT_TM":"00","F_END_TM":"24","F_RSN_DTL":"諛곗닔?⑸웾珥덇낵","F_ZONE_NM":"?쇳쁽珥덇탳 ?쇰?","INV_YR":"2022","F_YR":"2022","TYPE":null,"layer":"서울시_2022(최종)","path":"D:/김원상/침수흔적도/(붙임2) 10~21년 서울시 침수흔적도/서울시_2022(최종).shp"},"geometry":{"type":"Polygon","coordinates":[[[127.0263065929212,37.509023999032735],[127.02643312828806,37.50894540544121],[127.02630632521367,37.50889849015551],[127.02626877953531,37.50891129219121],[127.02617443235023,37.508850494598974],[127.02615181670828,37.50886500537527],[127.0263065929212,37.509023999032735]]]}},{"type":"Feature","properties":{"OBJECTID":null,"GU_NAM":"강남구","F_SHIM":0.3,"F_DISA_NM":"2022?? 8?? 吏묒쨷?몄슦","F_AVR_HGT":16.35,"F_AREA":181.8,"ADM_CD":"1168010800","F_SAT_YMD":"20220808","F_END_YMD":"20220810","F_SAT_TM":"00","F_END_TM":"24","F_RSN_DTL":"諛곗닔?⑸웾珥덇낵","F_ZONE_NM":"?쇳쁽珥덇탳 ?쇰?","INV_YR":"2022","F_YR":"2022","TYPE":null,"layer":"서울시_2022(최종)","path":"D:/김원상/침수흔적도/(붙임2) 10~21년 서울시 침수흔적도/서울시_2022(최종).shp"},"geometry":{"type":"Polygon","coordinates":[[[127.02583073004163,37.5092449323832],[127.02593600605883,37.50917571407306],[127.02582965572087,37.509071040117945],[127.02572268295333,37.509139447784584],[127.02583073004163,37.5092449323832]]]}},{"type":"Feature","properties":{"OBJECTID":null,"GU_NAM":"강남구","F_SHIM":0.3,"F_DISA_NM":"2022?? 8?? 吏묒쨷?몄슦","F_AVR_HGT":16.35,"F_AREA":778.2,"ADM_CD":"1168010800","F_SAT_YMD":"20220808","F_END_YMD":"20220810","F_SAT_TM":"00","F_END_TM":"24","F_RSN_DTL":"諛곗닔?⑸웾珥덇낵","F_ZONE_NM":"?쇳쁽珥덇탳 ?쇰?","INV_YR":"2022","F_YR":"2022","TYPE":null,"layer":"서울시_2022(최종)","path":"D:/김원상/침수흔적도/(붙임2) 10~21년 서울시 침수흔적도/서울시_2022(최종).shp"},"geometry":{"type":"Polygon","coordinates":[[[127.02608246398844,37.50949076246715],[127.02621193965821,37.5094079338199],[127.02631506767217,37.509341959213224],[127.02621799413157,37.50924683423465],[127.02613483688286,37.50916522123548],[127.02605100102393,37.509083067719175],[127.02604353384864,37.50907568109152],[127.02594017931648,37.50914030401492],[127.02604969784238,37.50924822080174],[127.0259214672208,37.50933357180869],[127.02608246398844,37.50949076246715]]]}},{"type":"Feature","properties":{"OBJECTID":null,"GU_NAM":"강남구","F_SHIM":0.3,"F_DISA_NM":"2022?? 8?? 吏묒쨷?몄슦","F_AVR_HGT":15.44,"F_AREA":177.6,"ADM_CD":"1168010800","F_SAT_YMD":"20220808","F_END_YMD":"20220810","F_SAT_TM":"00","F_END_TM":"24","F_RSN_DTL":"諛곗닔?⑸웾珥덇낵","F_ZONE_NM":"?쇳쁽珥덇탳 ?쇰?","INV_YR":"2022","F_YR":"2022","TYPE":null,"layer":"서울시_2022(최종)","path":"D:/김원상/침수흔적도/(붙임2) 10~21년 서울시 침수흔적도/서울시_2022(최종).shp"},"geometry":{"type":"Polygon","coordinates":[[[127.02391271054269,37.50954047830221],[127.02395792024723,37.5094351431391],[127.02380272899451,37.50938796026013],[127.02376746299284,37.50946238928503],[127.02379066130906,37.50950347038966],[127.02391271054269,37.50954047830221]]]}},{"type":"Feature","properties":{"OBJECTID":null,"GU_NAM":"강남구","F_SHIM":0.3,"F_DISA_NM":"2022?? 8?? 吏묒쨷?몄슦","F_AVR_HGT":15,"F_AREA":4545,"ADM_CD":"1168010800","F_SAT_YMD":"20220808","F_END_YMD":"20220810","F_SAT_TM":"00","F_END_TM":"24","F_RSN_DTL":"諛곗닔?⑸웾珥덇낵","F_ZONE_NM":"?쇳쁽珥덇탳 ?쇰?","INV_YR":"2022","F_YR":"2022","TYPE":null,"layer":"서울시_2022(최종)","path":"D:/김원상/침수흔적도/(붙임2) 10~21년 서울시 침수흔적도/서울시_2022(최종).shp"},"geometry":{"type":"Polygon","coordinates":[[[127.02348576491697,37.507210894385686],[127.0234393191781,37.50730513772282],[127.02383153569077,37.50767607771015],[127.02383892307594,37.50772056757431],[127.02331797194731,37.50881086280456],[127.02326809870821,37.508827198070996],[127.02342241764617,37.508874616078096],[127.02339980787804,37.50883360686745],[127.02389515792771,37.50780089888687],[127.02395143458236,37.50779375231206],[127.02433153139211,37.50816572842226],[127.02438005529021,37.50821449003496],[127.02443182731606,37.508195991535175],[127.0267917187966,37.50891185720994],[127.02684144577569,37.50883295522933],[127.0243987472671,37.50809141916792],[127.02348576491697,37.507210894385686]]]}},{"type":"Feature","properties":{"OBJECTID":null,"GU_NAM":"강남구","F_SHIM":0.3,"F_DISA_NM":"2022?? 8?? 吏묒쨷?몄슦","F_AVR_HGT":15,"F_AREA":2234.3,"ADM_CD":"1168010800","F_SAT_YMD":"20220808","F_END_YMD":"20220810","F_SAT_TM":"00","F_END_TM":"24","F_RSN_DTL":"諛곗닔?⑸웾珥덇낵","F_ZONE_NM":"?쇳쁽珥덇탳 ?쇰?","INV_YR":"2022","F_YR":"2022","TYPE":null,"layer":"서울시_2022(최종)","path":"D:/김원상/침수흔적도/(붙임2) 10~21년 서울시 침수흔적도/서울시_2022(최종).shp"},"geometry":{"type":"Polygon","coordinates":[[[127.02276127263582,37.50873106378283],[127.02324196379021,37.508876433377665],[127.02326551251244,37.50891840651257],[127.02334943044616,37.50894397034836],[127.02340103356386,37.508925427283884],[127.02384238760217,37.50906208906683],[127.02386554073682,37.50910364769671],[127.02392830710026,37.509123124378114],[127.02397949174329,37.50910466223067],[127.02489988197293,37.50938364864309],[127.02492305771887,37.50942298159555],[127.02496894389249,37.509315546585796],[127.0249199758572,37.509333026635105],[127.02402453949942,37.509063847486054],[127.02399888653615,37.509021649654706],[127.02417364132234,37.50864876552661],[127.0242267253869,37.50862930279914],[127.02512439757454,37.508901255061204],[127.02514763037401,37.50894228183654],[127.02519027511637,37.50885135365255],[127.0251398258669,37.50886905033054],[127.02424326248997,37.50859737728006],[127.02421975858107,37.50855546739903],[127.02437956937042,37.50821585063522],[127.02433049142485,37.508167575667954],[127.0239398184978,37.50900155062037],[127.02388727682488,37.50902047251658],[127.02278385656325,37.50868232476917],[127.02276127263582,37.50873106378283]]]}},{"type":"Feature","properties":{"OBJECTID":null,"GU_NAM":"강남구","F_SHIM":0.3,"F_DISA_NM":"2022?? 8?? 吏묒쨷?몄슦","F_AVR_HGT":15.21,"F_AREA":2072.8,"ADM_CD":"1168010800","F_SAT_YMD":"20220808","F_END_YMD":"20220810","F_SAT_TM":"00","F_END_TM":"24","F_RSN_DTL":"諛곗닔?⑸웾珥덇낵","F_ZONE_NM":"?쇳쁽珥덇탳 ?쇰?","INV_YR":"2022","F_YR":"2022","TYPE":null,"layer":"서울시_2022(최종)","path":"D:/김원상/침수흔적도/(붙임2) 10~21년 서울시 침수흔적도/서울시_2022(최종).shp"},"geometry":{"type":"Polygon","coordinates":[[[127.02422422809951,37.507105815549785],[127.02427013066963,37.507091039365854],[127.02578163888143,37.50755340985418],[127.02580542639116,37.507596220370836],[127.0256356991463,37.50795450078236],[127.02558452706171,37.50797313483788],[127.0240754170228,37.507498769125526],[127.02405310171939,37.507458913250964],[127.02401060288906,37.50754807506301],[127.02406014686785,37.50753088359478],[127.02556665561303,37.5080036102137],[127.025591687093,37.50804592496819],[127.02544054145048,37.50837216181413],[127.02539287451128,37.508388713771325],[127.02551514893136,37.50842574701983],[127.02549399960229,37.50839236935871],[127.02586245951947,37.5076209410142],[127.0259117993241,37.50760308207351],[127.02593066954053,37.507549306639504],[127.02590649890853,37.50751102824473],[127.02584977138306,37.50748681211786],[127.02579719737658,37.50750589705451],[127.02429186542501,37.50704410220931],[127.02426995825637,37.50700739978577],[127.02422422809951,37.507105815549785]]]}},{"type":"Feature","properties":{"OBJECTID":null,"GU_NAM":"강남구","F_SHIM":0.3,"F_DISA_NM":"2022?? 8?? 吏묒쨷?몄슦","F_AVR_HGT":16.2,"F_AREA":1397.1,"ADM_CD":"1168010800","F_SAT_YMD":"20220808","F_END_YMD":"20220810","F_SAT_TM":"00","F_END_TM":"24","F_RSN_DTL":"諛곗닔?⑸웾珥덇낵","F_ZONE_NM":"?쇳쁽珥덇탳 ?쇰?","INV_YR":"2022","F_YR":"2022","TYPE":null,"layer":"서울시_2022(최종)","path":"D:/김원상/침수흔적도/(붙임2) 10~21년 서울시 침수흔적도/서울시_2022(최종).shp"},"geometry":{"type":"Polygon","coordinates":[[[127.02533864693045,37.50847412125749],[127.02535561228498,37.508510103672904],[127.02476296468586,37.509764608304074],[127.02471485608504,37.50978270077607],[127.02484403203329,37.50982061633198],[127.02482280232744,37.509783670625474],[127.0250639270058,37.5092776948134],[127.02511626482374,37.509258285896834],[127.0253757126519,37.50933444914388],[127.02572446322318,37.50967894658326],[127.025718335534,37.509721754218425],[127.02582492412346,37.50965192306578],[127.02577581402016,37.509649860867476],[127.02546813177048,37.50934332328518],[127.02547295828866,37.509298632839695],[127.02539073954222,37.50928490026552],[127.02513432312459,37.50920906981379],[127.02511043420967,37.50916789900921],[127.02541448758882,37.50852877846408],[127.02546121583211,37.508512109559184],[127.02533864693045,37.50847412125749]]]}},{"type":"Feature","properties":{"OBJECTID":null,"GU_NAM":"서초구","F_SHIM":0.2,"F_DISA_NM":"2022년 8.8. ~ 17. 호우(재난지원금)","F_AVR_HGT":17.67,"F_AREA":168.29,"ADM_CD":"1165010800","F_SAT_YMD":"20220817 - 1143","F_END_YMD":null,"F_SAT_TM":"1143","F_END_TM":null,"F_RSN_DTL":"침수","F_ZONE_NM":"서울특별시 서초구 서초동 1665-22 B01호","INV_YR":"2022","F_YR":"2022","TYPE":"주택","layer":"재난지원금 풍수해보험금 침수위 최종","path":"D:/김원상/침수흔적도/풍수해보험금 대상/재난지원금 풍수해보험금 침수위 최종.shp"},"geometry":{"type":"Polygon","coordinates":[[[127.01577792219535,37.49190416036287],[127.01587731867147,37.49191583429296],[127.01590084624992,37.49177889744921],[127.01577522697117,37.49176412726616],[127.01575711199621,37.49188243976295],[127.01577792219535,37.49190416036287]]]}},{"type":"Feature","properties":{"OBJECTID":null,"GU_NAM":"서초구","F_SHIM":0.2,"F_DISA_NM":"2022년 8.8. ~ 17. 호우(재난지원금)","F_AVR_HGT":17.85,"F_AREA":196.65,"ADM_CD":"1165010800","F_SAT_YMD":"20220817 - 1358","F_END_YMD":null,"F_SAT_TM":"1358","F_END_TM":null,"F_RSN_DTL":"침수","F_ZONE_NM":"서울특별시 서초구 서초동 1660-12 교대타운빌라 B02호","INV_YR":"2022","F_YR":"2022","TYPE":"주택","layer":"재난지원금 풍수해보험금 침수위 최종","path":"D:/김원상/침수흔적도/풍수해보험금 대상/재난지원금 풍수해보험금 침수위 최종.shp"},"geometry":{"type":"Polygon","coordinates":[[[127.01485224430145,37.49165107845854],[127.01487270360467,37.49167261004837],[127.01500568382585,37.49168746144105],[127.01502974639047,37.4915616790849],[127.01487105240011,37.49154393841815],[127.01485224430145,37.49165107845854]]]}},{"type":"Feature","properties":{"OBJECTID":null,"GU_NAM":"서초구","F_SHIM":0.2,"F_DISA_NM":"2022년 8.8. ~ 17. 호우(재난지원금)","F_AVR_HGT":18.04,"F_AREA":330.61,"ADM_CD":"1165010800","F_SAT_YMD":"20220808 - 2249","F_END_YMD":null,"F_SAT_TM":"2249","F_END_TM":null,"F_RSN_DTL":"침수","F_ZONE_NM":"서울특별시 서초구 서초동 1337-7   강남효성해링턴 타워 앞 도로","INV_YR":"2022","F_YR":"2022","TYPE":"인명","layer":"재난지원금 풍수해보험금 침수위 최종","path":"D:/김원상/침수흔적도/풍수해보험금 대상/재난지원금 풍수해보험금 침수위 최종.shp"},"geometry":{"type":"Polygon","coordinates":[[[127.02927847672811,37.4914182647529],[127.0292835950942,37.49140755065938],[127.02938087769809,37.49120399183871],[127.02924358870668,37.49116230783291],[127.0291412100264,37.49137660765451],[127.02927847672811,37.4914182647529]]]}},{"type":"Feature","properties":{"OBJECTID":null,"GU_NAM":"서초구","F_SHIM":0.2,"F_DISA_NM":"2022년 8.8. ~ 17. 호우(재난지원금)","F_AVR_HGT":17.85,"F_AREA":210.54,"ADM_CD":"1165010800","F_SAT_YMD":"20220808 - 2200","F_END_YMD":null,"F_SAT_TM":"2200","F_END_TM":null,"F_RSN_DTL":"침수(기타)","F_ZONE_NM":"서울특별시 서초구 서초동 1660-11 교대타운빌라 나동 B02호","INV_YR":"2022","F_YR":"2022","TYPE":"주택","layer":"재난지원금 풍수해보험금 침수위 최종","path":"D:/김원상/침수흔적도/풍수해보험금 대상/재난지원금 풍수해보험금 침수위 최종.shp"},"geometry":{"type":"Polygon","coordinates":[[[127.01515112863336,37.491721772846894],[127.01517072697122,37.49160977627866],[127.01517629582868,37.49157797033316],[127.01502974639047,37.4915616790849],[127.01500568382585,37.49168746144105],[127.01502502351767,37.49170782183217],[127.01515112863336,37.491721772846894]]]}},{"type":"Feature","properties":{"OBJECTID":null,"GU_NAM":"서초구","F_SHIM":0.2,"F_DISA_NM":"2022년 8.8. ~ 17. 호우(재난지원금)","F_AVR_HGT":15.2,"F_AREA":207.87,"ADM_CD":"1165010700","F_SAT_YMD":"20220808 - 2100","F_END_YMD":null,"F_SAT_TM":"2100","F_END_TM":null,"F_RSN_DTL":"침수(기타)","F_ZONE_NM":"서울특별시 서초구 반포동 725-25  연립 101호","INV_YR":"2022","F_YR":"2022","TYPE":"주택","layer":"재난지원금 풍수해보험금 침수위 최종","path":"D:/김원상/침수흔적도/풍수해보험금 대상/재난지원금 풍수해보험금 침수위 최종.shp"},"geometry":{"type":"Polygon","coordinates":[[[127.0211426023036,37.50699691451091],[127.02120359807579,37.50687281896028],[127.02125620620252,37.50676578967408],[127.02122938827793,37.506757522993176],[127.0211668892179,37.50688464616188],[127.02104791106878,37.50684925668327],[127.02099919251927,37.50695367234053],[127.0211426023036,37.50699691451091]]]}},{"type":"Feature","properties":{"OBJECTID":null,"GU_NAM":"서초구","F_SHIM":0.2,"F_DISA_NM":"2022년 8.8. ~ 17. 호우(재난지원금)","F_AVR_HGT":28.19,"F_AREA":269.23,"ADM_CD":"1165010800","F_SAT_YMD":"20220808 - 0600","F_END_YMD":null,"F_SAT_TM":"0600","F_END_TM":null,"F_RSN_DTL":"침수","F_ZONE_NM":"서울특별시 서초구 서초동 1648-12 서초꽃마을레지덴스연립 지하호","INV_YR":"2022","F_YR":"2022","TYPE":"주택","layer":"재난지원금 풍수해보험금 침수위 최종","path":"D:/김원상/침수흔적도/풍수해보험금 대상/재난지원금 풍수해보험금 침수위 최종.shp"},"geometry":{"type":"Polygon","coordinates":[[[127.01965773708676,37.490930431119665],[127.01974405961644,37.490748623030875],[127.01963071648026,37.49071421324593],[127.01955793299601,37.49086649341121],[127.01944549445219,37.49083244371119],[127.01943141236312,37.4908619265726],[127.01953668146767,37.490893796959185],[127.01965773708676,37.490930431119665]]]}},{"type":"Feature","properties":{"OBJECTID":null,"GU_NAM":"서초구","F_SHIM":0.2,"F_DISA_NM":"2022년 8.8. ~ 17. 호우(재난지원금)","F_AVR_HGT":24.17,"F_AREA":244.1,"ADM_CD":"1165010800","F_SAT_YMD":"20220817 - 1322","F_END_YMD":null,"F_SAT_TM":"1322","F_END_TM":null,"F_RSN_DTL":"침수","F_ZONE_NM":"서울특별시 서초구 서초동 1614-33 B101호","INV_YR":"2022","F_YR":"2022","TYPE":"주택","layer":"재난지원금 풍수해보험금 침수위 최종","path":"D:/김원상/침수흔적도/풍수해보험금 대상/재난지원금 풍수해보험금 침수위 최종.shp"},"geometry":{"type":"Polygon","coordinates":[[[127.02225683445305,37.48925355728907],[127.02233923097651,37.489214952948856],[127.0223789867051,37.48913168448725],[127.02212887282016,37.48905695436119],[127.02211858921326,37.4890786702652],[127.02225683445305,37.48925355728907]]]}},{"type":"Feature","properties":{"OBJECTID":null,"GU_NAM":"서초구","F_SHIM":0.2,"F_DISA_NM":"2022년 8.8. ~ 17. 호우(재난지원금)","F_AVR_HGT":21.02,"F_AREA":194.35,"ADM_CD":"1165010800","F_SAT_YMD":"20220808 - 2230","F_END_YMD":null,"F_SAT_TM":"2230","F_END_TM":null,"F_RSN_DTL":"침수(기타)","F_ZONE_NM":"서울특별시 서초구 서초동 1357-15 지하 B01호","INV_YR":"2022","F_YR":"2022","TYPE":"주택","layer":"재난지원금 풍수해보험금 침수위 최종","path":"D:/김원상/침수흔적도/풍수해보험금 대상/재난지원금 풍수해보험금 침수위 최종.shp"},"geometry":{"type":"Polygon","coordinates":[[[127.03086405296001,37.48848360293195],[127.03091363901098,37.488379074545016],[127.03090832403058,37.488377454066345],[127.03077635423425,37.488337121998356],[127.03072777361719,37.48843975797877],[127.03074892043588,37.48844614985229],[127.03073758931556,37.48847164195973],[127.03085059726241,37.488511987789366],[127.03086405296001,37.48848360293195]]]}},{"type":"Feature","properties":{"OBJECTID":null,"GU_NAM":"서초구","F_SHIM":0.2,"F_DISA_NM":"2022년 8.8. ~ 17. 호우(재난지원금)","F_AVR_HGT":26.31,"F_AREA":271.1,"ADM_CD":"1165010800","F_SAT_YMD":"20220827 - 1316","F_END_YMD":null,"F_SAT_TM":"1316","F_END_TM":null,"F_RSN_DTL":"침수","F_ZONE_NM":"서울특별시 서초구 서초동 1613-19 B03호","INV_YR":"2022","F_YR":"2022","TYPE":"주택","layer":"재난지원금 풍수해보험금 침수위 최종","path":"D:/김원상/침수흔적도/풍수해보험금 대상/재난지원금 풍수해보험금 침수위 최종.shp"},"geometry":{"type":"Polygon","coordinates":[[[127.0212289015136,37.4883847903892],[127.02142042471453,37.4884395301024],[127.02147793268855,37.488311758524056],[127.0212864097719,37.48825701890281],[127.02126024912641,37.48831511979297],[127.0212289015136,37.4883847903892]]]}},{"type":"Feature","properties":{"OBJECTID":null,"GU_NAM":"서초구","F_SHIM":0.2,"F_DISA_NM":"2022년 8.8. ~ 17. 호우(재난지원금)","F_AVR_HGT":21.02,"F_AREA":208.13,"ADM_CD":"1165010800","F_SAT_YMD":"20220808 - 2230","F_END_YMD":null,"F_SAT_TM":"2230","F_END_TM":null,"F_RSN_DTL":"침수(기타)","F_ZONE_NM":"서울특별시 서초구 서초동 1357-16 금정빌라 101호","INV_YR":"2022","F_YR":"2022","TYPE":"주택","layer":"재난지원금 풍수해보험금 침수위 최종","path":"D:/김원상/침수흔적도/풍수해보험금 대상/재난지원금 풍수해보험금 침수위 최종.shp"},"geometry":{"type":"Polygon","coordinates":[[[127.03072777361719,37.48843975797877],[127.03077635423425,37.488337121998356],[127.03067616132607,37.488306512750185],[127.03063286126931,37.48829326070078],[127.03056709286409,37.48842303898597],[127.03069344291909,37.48846302128482],[127.03070662680209,37.48843336610147],[127.03072777361719,37.48843975797877]]]}},{"type":"Feature","properties":{"OBJECTID":null,"GU_NAM":"서초구","F_SHIM":0.2,"F_DISA_NM":"2022년 8.8. ~ 17. 호우(재난지원금)","F_AVR_HGT":22.03,"F_AREA":183.61,"ADM_CD":"1165010800","F_SAT_YMD":"20220808 - 2200","F_END_YMD":null,"F_SAT_TM":"2200","F_END_TM":null,"F_RSN_DTL":"침수(기타)","F_ZONE_NM":"서울특별시 서초구 서초동 1349-21 지하 1층 지하101호","INV_YR":"2022","F_YR":"2022","TYPE":"주택","layer":"재난지원금 풍수해보험금 침수위 최종","path":"D:/김원상/침수흔적도/풍수해보험금 대상/재난지원금 풍수해보험금 침수위 최종.shp"},"geometry":{"type":"Polygon","coordinates":[[[127.02722657504822,37.48661595528689],[127.02735659009512,37.486576012588436],[127.02729752520119,37.486450425977274],[127.02716683230013,37.48649144995973],[127.02722657504822,37.48661595528689]]]}},{"type":"Feature","properties":{"OBJECTID":null,"GU_NAM":"서초구","F_SHIM":0.2,"F_DISA_NM":"2022년 8.8. ~ 17. 호우(재난지원금)","F_AVR_HGT":23.48,"F_AREA":229.06,"ADM_CD":"1165010800","F_SAT_YMD":"20220808 - 2230","F_END_YMD":null,"F_SAT_TM":"2230","F_END_TM":null,"F_RSN_DTL":"침수(기타)","F_ZONE_NM":"서울특별시 서초구 서초동 1348-6 팡숑1연립 102호","INV_YR":"2022","F_YR":"2022","TYPE":"주택","layer":"재난지원금 풍수해보험금 침수위 최종","path":"D:/김원상/침수흔적도/풍수해보험금 대상/재난지원금 풍수해보험금 침수위 최종.shp"},"geometry":{"type":"Polygon","coordinates":[[[127.02619854996082,37.486631914997055],[127.0262620995889,37.48661310682773],[127.02620848053708,37.486504087937135],[127.02602189134201,37.486561709746],[127.02607240029973,37.48666926974535],[127.02619854996082,37.486631914997055]]]}},{"type":"Feature","properties":{"OBJECTID":null,"GU_NAM":"서초구","F_SHIM":0.2,"F_DISA_NM":"2022년 8.8. ~ 17. 호우(재난지원금)","F_AVR_HGT":26.68,"F_AREA":253.68,"ADM_CD":"1165010800","F_SAT_YMD":"20220808 - 2230","F_END_YMD":null,"F_SAT_TM":"2230","F_END_TM":null,"F_RSN_DTL":"침수(기타)","F_ZONE_NM":"서울특별시 서초구 서초동 1360-46 B01호","INV_YR":"2022","F_YR":"2022","TYPE":"주택","layer":"재난지원금 풍수해보험금 침수위 최종","path":"D:/김원상/침수흔적도/풍수해보험금 대상/재난지원금 풍수해보험금 침수위 최종.shp"},"geometry":{"type":"Polygon","coordinates":[[[127.03161999860669,37.48619087957715],[127.03172187808117,37.486147902865035],[127.03174415867758,37.48610725301783],[127.031706575302,37.48599571871795],[127.031582527705,37.4860210774838],[127.03154468286891,37.48610307818792],[127.03161999860669,37.48619087957715]]]}},{"type":"Feature","properties":{"OBJECTID":null,"GU_NAM":"서초구","F_SHIM":0.2,"F_DISA_NM":"2022년 8.8. ~ 17. 호우(재난지원금)","F_AVR_HGT":22.38,"F_AREA":161.97,"ADM_CD":"1165010800","F_SAT_YMD":"20220808 - 2230","F_END_YMD":null,"F_SAT_TM":"2230","F_END_TM":null,"F_RSN_DTL":"침수(기타)","F_ZONE_NM":"서울특별시 서초구 서초동 1359-20 지층 101호","INV_YR":"2022","F_YR":"2022","TYPE":"주택","layer":"재난지원금 풍수해보험금 침수위 최종","path":"D:/김원상/침수흔적도/풍수해보험금 대상/재난지원금 풍수해보험금 침수위 최종.shp"},"geometry":{"type":"Polygon","coordinates":[[[127.0306783894311,37.48618456545466],[127.03071600333388,37.48608769857164],[127.03069611116796,37.48604949203863],[127.03056348797813,37.48609209700881],[127.03046704184841,37.48612307906988],[127.0306783894311,37.48618456545466]]]}},{"type":"Feature","properties":{"OBJECTID":null,"GU_NAM":"서초구","F_SHIM":0.2,"F_DISA_NM":"2022년 8.8. ~ 17. 호우(재난지원금)","F_AVR_HGT":16.14,"F_AREA":260.62,"ADM_CD":"1165010700","F_SAT_YMD":"20220808 - 2100","F_END_YMD":null,"F_SAT_TM":"2100","F_END_TM":null,"F_RSN_DTL":"침수(기타)","F_ZONE_NM":"서울특별시 서초구 반포동 738-29  연립 B01호","INV_YR":"2022","F_YR":"2022","TYPE":"주택","layer":"재난지원금 풍수해보험금 침수위 최종","path":"D:/김원상/침수흔적도/풍수해보험금 대상/재난지원금 풍수해보험금 침수위 최종.shp"},"geometry":{"type":"Polygon","coordinates":[[[127.02262536568485,37.50546407063129],[127.02269377095345,37.50531890762331],[127.02257136790985,37.50528412395194],[127.02256435535752,37.505282133996104],[127.02242215895932,37.50524173146758],[127.02241016646259,37.505267042621426],[127.02254512414234,37.50530541019762],[127.02248633601938,37.50542509119212],[127.02262536568485,37.50546407063129]]]}},{"type":"Feature","properties":{"OBJECTID":null,"GU_NAM":"서초구","F_SHIM":0.2,"F_DISA_NM":"2022년 8.8. ~ 17. 호우(재난지원금)","F_AVR_HGT":17.05,"F_AREA":166,"ADM_CD":"1165010700","F_SAT_YMD":"20220808 - 2200","F_END_YMD":null,"F_SAT_TM":"2200","F_END_TM":null,"F_RSN_DTL":"침수(기타)","F_ZONE_NM":"서울특별시 서초구 반포동 738-40 지하 105호","INV_YR":"2022","F_YR":"2022","TYPE":"주택","layer":"재난지원금 풍수해보험금 침수위 최종","path":"D:/김원상/침수흔적도/풍수해보험금 대상/재난지원금 풍수해보험금 침수위 최종.shp"},"geometry":{"type":"Polygon","coordinates":[[[127.0227500027313,37.50519940718255],[127.02276980532018,37.50515733602712],[127.02280019946802,37.50509570229445],[127.0226887905831,37.50506403421512],[127.0225280339509,37.50501834627927],[127.02252004276727,37.50503520537248],[127.02267059731545,37.505077975912926],[127.0226327457494,37.50516463165898],[127.0227500027313,37.50519940718255]]]}},{"type":"Feature","properties":{"OBJECTID":null,"GU_NAM":"서초구","F_SHIM":0.2,"F_DISA_NM":"2022년 8.8. ~ 17. 호우(재난지원금)","F_AVR_HGT":13.6,"F_AREA":193.22,"ADM_CD":"1165010700","F_SAT_YMD":"20220808 - 2100","F_END_YMD":null,"F_SAT_TM":"2100","F_END_TM":null,"F_RSN_DTL":"침수(기타)","F_ZONE_NM":"서울특별시 서초구 반포동 732-1 B02","INV_YR":"2022","F_YR":"2022","TYPE":"주택","layer":"재난지원금 풍수해보험금 침수위 최종","path":"D:/김원상/침수흔적도/풍수해보험금 대상/재난지원금 풍수해보험금 침수위 최종.shp"},"geometry":{"type":"Polygon","coordinates":[[[127.01991414705206,37.50517879950524],[127.02003670662961,37.50512040469705],[127.01994833768435,37.505001108365676],[127.01982699944006,37.505058547836185],[127.01991414705206,37.50517879950524]]]}},{"type":"Feature","properties":{"OBJECTID":null,"GU_NAM":"서초구","F_SHIM":0.2,"F_DISA_NM":"2022년 8.8. ~ 17. 호우(재난지원금)","F_AVR_HGT":12.66,"F_AREA":167.3,"ADM_CD":"1165010700","F_SAT_YMD":"20220808 - 2100","F_END_YMD":null,"F_SAT_TM":"2100","F_END_TM":null,"F_RSN_DTL":"침수(기타)","F_ZONE_NM":"서울특별시 서초구 반포동 742-2 B101호","INV_YR":"2022","F_YR":"2022","TYPE":"주택","layer":"재난지원금 풍수해보험금 침수위 최종","path":"D:/김원상/침수흔적도/풍수해보험금 대상/재난지원금 풍수해보험금 침수위 최종.shp"},"geometry":{"type":"Polygon","coordinates":[[[127.01938023764052,37.50393038646208],[127.01942537991644,37.50381433106444],[127.01928996436656,37.50378244716984],[127.01924589615172,37.503897880666464],[127.01938023764052,37.50393038646208]]]}},{"type":"Feature","properties":{"OBJECTID":null,"GU_NAM":"서초구","F_SHIM":0.2,"F_DISA_NM":"2022년 8.8. ~ 17. 호우(재난지원금)","F_AVR_HGT":13.08,"F_AREA":329.78,"ADM_CD":"1165010700","F_SAT_YMD":"20220808 - 2030","F_END_YMD":null,"F_SAT_TM":"2030","F_END_TM":null,"F_RSN_DTL":"침수(기타)","F_ZONE_NM":"서울특별시 서초구 반포동 740-21 동신주택 B01호","INV_YR":"2022","F_YR":"2022","TYPE":"주택","layer":"재난지원금 풍수해보험금 침수위 최종","path":"D:/김원상/침수흔적도/풍수해보험금 대상/재난지원금 풍수해보험금 침수위 최종.shp"},"geometry":{"type":"Polygon","coordinates":[[[127.02135274199443,37.50507809642584],[127.0214142438904,37.504950603878626],[127.0214344091426,37.50490880318346],[127.0213139296687,37.504872819554976],[127.02130535631296,37.504870262157084],[127.02121019357367,37.50507137180044],[127.02131004886772,37.50516661762685],[127.02135274199443,37.50507809642584]]]}},{"type":"Feature","properties":{"OBJECTID":null,"GU_NAM":"서초구","F_SHIM":0.2,"F_DISA_NM":"2022년 8.8. ~ 17. 호우(재난지원금)","F_AVR_HGT":14.58,"F_AREA":175.93,"ADM_CD":"1165010700","F_SAT_YMD":"20220808 - 2150","F_END_YMD":null,"F_SAT_TM":"2150","F_END_TM":null,"F_RSN_DTL":"침수(기타)","F_ZONE_NM":"서울특별시 서초구 반포동 740-12 B02호","INV_YR":"2022","F_YR":"2022","TYPE":"주택","layer":"재난지원금 풍수해보험금 침수위 최종","path":"D:/김원상/침수흔적도/풍수해보험금 대상/재난지원금 풍수해보험금 침수위 최종.shp"},"geometry":{"type":"Polygon","coordinates":[[[127.02173007093862,37.50488894001837],[127.02178515148005,37.50477361184578],[127.02164901812448,37.50473217119488],[127.02159696716812,37.50484298478988],[127.02159475175318,37.50484771540598],[127.02173007093862,37.50488894001837]]]}},{"type":"Feature","properties":{"OBJECTID":null,"GU_NAM":"서초구","F_SHIM":0.2,"F_DISA_NM":"2022년 8.8. ~ 17. 호우(재난지원금)","F_AVR_HGT":13.91,"F_AREA":1117.61,"ADM_CD":"1165010700","F_SAT_YMD":"20220808 - 2157","F_END_YMD":null,"F_SAT_TM":"2157","F_END_TM":null,"F_RSN_DTL":"침수(기타)","F_ZONE_NM":"서울특별시 서초구 반포동 743-5 102호","INV_YR":"2022","F_YR":"2022","TYPE":"주택","layer":"재난지원금 풍수해보험금 침수위 최종","path":"D:/김원상/침수흔적도/풍수해보험금 대상/재난지원금 풍수해보험금 침수위 최종.shp"},"geometry":{"type":"Polygon","coordinates":[[[127.01945038335259,37.504516276882256],[127.01948611228222,37.50452485796448],[127.01956963698848,37.50430519991915],[127.01909471212115,37.5041907636919],[127.019041138005,37.504331633694306],[127.01901122004158,37.50441025922133],[127.01912474030304,37.50443774081692],[127.01933275730119,37.50448801235097],[127.01945038335259,37.504516276882256]]]}},{"type":"Feature","properties":{"OBJECTID":null,"GU_NAM":"서초구","F_SHIM":0.2,"F_DISA_NM":"2022년 8.8. ~ 17. 호우(재난지원금)","F_AVR_HGT":14.63,"F_AREA":137.22,"ADM_CD":"1165010700","F_SAT_YMD":"20220808 - 1000","F_END_YMD":null,"F_SAT_TM":"1000","F_END_TM":null,"F_RSN_DTL":"침수","F_ZONE_NM":"서울특별시 서초구 반포동 734-16   101호","INV_YR":"2022","F_YR":"2022","TYPE":"주택","layer":"재난지원금 풍수해보험금 침수위 최종","path":"D:/김원상/침수흔적도/풍수해보험금 대상/재난지원금 풍수해보험금 침수위 최종.shp"},"geometry":{"type":"Polygon","coordinates":[[[127.02134982280296,37.50622751793594],[127.02147245490683,37.50626940269118],[127.02152081194662,37.50617063614412],[127.02140545346568,37.506133615602174],[127.02139707219331,37.50613092302948],[127.02134982280296,37.50622751793594]]]}},{"type":"Feature","properties":{"OBJECTID":null,"GU_NAM":"서초구","F_SHIM":0.2,"F_DISA_NM":"2022년 8.8. ~ 17. 호우(재난지원금)","F_AVR_HGT":16.52,"F_AREA":222.61,"ADM_CD":"1165010800","F_SAT_YMD":"20220819 - 2028","F_END_YMD":null,"F_SAT_TM":"2028","F_END_TM":null,"F_RSN_DTL":"침수","F_ZONE_NM":"서울특별시 서초구 서초동 1640-17 지하 102호","INV_YR":"2022","F_YR":"2022","TYPE":"주택","layer":"재난지원금 풍수해보험금 침수위 최종","path":"D:/김원상/침수흔적도/풍수해보험금 대상/재난지원금 풍수해보험금 침수위 최종.shp"},"geometry":{"type":"Polygon","coordinates":[[[127.01930147491218,37.49428280855003],[127.01933418005743,37.494292849768144],[127.0194222450589,37.49419066309495],[127.01950522336938,37.494097397025605],[127.01943309118832,37.494056025071785],[127.01937595550262,37.49402326436449],[127.01930303848322,37.49410499603429],[127.01929194830048,37.49411743149867],[127.01939408435274,37.49417471966576],[127.01930147491218,37.49428280855003]]]}},{"type":"Feature","properties":{"OBJECTID":null,"GU_NAM":"서초구","F_SHIM":0.2,"F_DISA_NM":"2022년 8.8. ~ 17. 호우(재난지원금)","F_AVR_HGT":19.49,"F_AREA":218.34,"ADM_CD":"1165010800","F_SAT_YMD":"20220817 - 1130","F_END_YMD":null,"F_SAT_TM":"1130","F_END_TM":null,"F_RSN_DTL":"침수","F_ZONE_NM":"서울특별시 서초구 서초동 1660-13 교대타운연립 라동 101호","INV_YR":"2022","F_YR":"2022","TYPE":"주택","layer":"재난지원금 풍수해보험금 침수위 최종","path":"D:/김원상/침수흔적도/풍수해보험금 대상/재난지원금 풍수해보험금 침수위 최종.shp"},"geometry":{"type":"Polygon","coordinates":[[[127.01502974639047,37.4915616790849],[127.01505652007654,37.491421399319286],[127.01493530043464,37.491407889138124],[127.01489018804679,37.491435014355574],[127.01487105240011,37.49154393841815],[127.01502974639047,37.4915616790849]]]}},{"type":"Feature","properties":{"OBJECTID":null,"GU_NAM":"서초구","F_SHIM":0.2,"F_DISA_NM":"2022년 8.8. ~ 17. 호우(재난지원금)","F_AVR_HGT":13.79,"F_AREA":239.2,"ADM_CD":"1165010700","F_SAT_YMD":"20220808 - 2000","F_END_YMD":null,"F_SAT_TM":"2000","F_END_TM":null,"F_RSN_DTL":"침수(기타)","F_ZONE_NM":"서울특별시 서초구 반포동 733-1 B02호","INV_YR":"2022","F_YR":"2022","TYPE":"주택","layer":"재난지원금 풍수해보험금 침수위 최종","path":"D:/김원상/침수흔적도/풍수해보험금 대상/재난지원금 풍수해보험금 침수위 최종.shp"},"geometry":{"type":"Polygon","coordinates":[[[127.02065066901903,37.50585741324012],[127.02068562799724,37.50590371886213],[127.02063295242645,37.50601319863502],[127.02077727638097,37.50605678348727],[127.02084317725433,37.50592036165251],[127.02070213245429,37.50587326245563],[127.02068007092312,37.505843893506444],[127.02065066901903,37.50585741324012]]]}},{"type":"Feature","properties":{"OBJECTID":null,"GU_NAM":"서초구","F_SHIM":0.2,"F_DISA_NM":"2022년 8.8. ~ 17. 호우(재난지원금)","F_AVR_HGT":12.66,"F_AREA":172.45,"ADM_CD":"1165010700","F_SAT_YMD":"20220808 - 2100","F_END_YMD":null,"F_SAT_TM":"2100","F_END_TM":null,"F_RSN_DTL":"침수(기타)","F_ZONE_NM":"서울특별시 서초구 반포동 742-3 104호","INV_YR":"2022","F_YR":"2022","TYPE":"주택","layer":"재난지원금 풍수해보험금 침수위 최종","path":"D:/김원상/침수흔적도/풍수해보험금 대상/재난지원금 풍수해보험금 침수위 최종.shp"},"geometry":{"type":"Polygon","coordinates":[[[127.01937723437929,37.503666745841436],[127.01932657287287,37.50368657545008],[127.01928996436656,37.50378244716984],[127.01942537991644,37.50381433106444],[127.01947167489799,37.50369528415811],[127.01937723437929,37.503666745841436]]]}},{"type":"Feature","properties":{"OBJECTID":null,"GU_NAM":"서초구","F_SHIM":0.2,"F_DISA_NM":"2022년 8.8. ~ 17. 호우(재난지원금)","F_AVR_HGT":25.78,"F_AREA":199.54,"ADM_CD":"1165010700","F_SAT_YMD":"20220808 - 2054","F_END_YMD":null,"F_SAT_TM":"2054","F_END_TM":null,"F_RSN_DTL":"침수(기타)","F_ZONE_NM":"서울특별시 서초구 반포동 719-5 B04","INV_YR":"2022","F_YR":"2022","TYPE":"주택","layer":"재난지원금 풍수해보험금 침수위 최종","path":"D:/김원상/침수흔적도/풍수해보험금 대상/재난지원금 풍수해보험금 침수위 최종.shp"},"geometry":{"type":"Polygon","coordinates":[[[127.01986793964363,37.50819777977269],[127.01997267900985,37.50822937044746],[127.0200380049786,37.5080870296483],[127.0199105536278,37.50804930677616],[127.01985367158525,37.50817319376664],[127.01986793964363,37.50819777977269]]]}},{"type":"Feature","properties":{"OBJECTID":null,"GU_NAM":"서초구","F_SHIM":0.2,"F_DISA_NM":"2022년 8.8. ~ 17. 호우(재난지원금)","F_AVR_HGT":15.67,"F_AREA":201.05,"ADM_CD":"1165010700","F_SAT_YMD":"20220808 - 2155","F_END_YMD":null,"F_SAT_TM":"2155","F_END_TM":null,"F_RSN_DTL":"침수(기타)","F_ZONE_NM":"서울특별시 서초구 반포동 731-17 101호","INV_YR":"2022","F_YR":"2022","TYPE":"주택","layer":"재난지원금 풍수해보험금 침수위 최종","path":"D:/김원상/침수흔적도/풍수해보험금 대상/재난지원금 풍수해보험금 침수위 최종.shp"},"geometry":{"type":"Polygon","coordinates":[[[127.02013824518598,37.50589686873141],[127.02030251221878,37.50582288881986],[127.02023565987976,37.505730628240485],[127.02006842911861,37.505801734342526],[127.02009142959362,37.50583306743387],[127.02013824518598,37.50589686873141]]]}},{"type":"Feature","properties":{"OBJECTID":null,"GU_NAM":"강남구","F_SHIM":0.2,"F_DISA_NM":"2022년 8.8. ~ 17. 호우(재난지원금)","F_AVR_HGT":49.47,"F_AREA":391.43,"ADM_CD":"1168010800","F_SAT_YMD":"20220808 - 2130","F_END_YMD":null,"F_SAT_TM":"2130","F_END_TM":null,"F_RSN_DTL":"침수","F_ZONE_NM":"서울특별시 강남구 논현동 230-21 .연립 B02호","INV_YR":"2022","F_YR":"2022","TYPE":"주택","layer":"재난지원금 풍수해보험금 침수위 최종","path":"D:/김원상/침수흔적도/풍수해보험금 대상/재난지원금 풍수해보험금 침수위 최종.shp"},"geometry":{"type":"Polygon","coordinates":[[[127.03591678699962,37.50952497861205],[127.03613773073351,37.50966519032789],[127.03619731912366,37.50960391404624],[127.03624966092804,37.50955001903232],[127.0360216968664,37.50941682834266],[127.03597048548237,37.50946955163064],[127.03591678699962,37.50952497861205]]]}},{"type":"Feature","properties":{"OBJECTID":null,"GU_NAM":"강남구","F_SHIM":0.2,"F_DISA_NM":"2022년 8.8. ~ 17. 호우(재난지원금)","F_AVR_HGT":16.07,"F_AREA":218.8,"ADM_CD":"1168010800","F_SAT_YMD":"20220811 - 0000","F_END_YMD":null,"F_SAT_TM":"0000","F_END_TM":null,"F_RSN_DTL":"침수","F_ZONE_NM":"서울특별시 강남구 논현동 167-25 103호","INV_YR":"2022","F_YR":"2022","TYPE":"주택","layer":"재난지원금 풍수해보험금 침수위 최종","path":"D:/김원상/침수흔적도/풍수해보험금 대상/재난지원금 풍수해보험금 침수위 최종.shp"},"geometry":{"type":"Polygon","coordinates":[[[127.02458048079944,37.507365882571],[127.02470399768617,37.50740433098949],[127.02477825556947,37.507247272505126],[127.02465372106303,37.5072090045621],[127.02458048079944,37.507365882571]]]}},{"type":"Feature","properties":{"OBJECTID":null,"GU_NAM":"강남구","F_SHIM":0.2,"F_DISA_NM":"2022년 8.8. ~ 17. 호우(재난지원금)","F_AVR_HGT":42.57,"F_AREA":163.04,"ADM_CD":"1168010800","F_SAT_YMD":"20220819 - 1836","F_END_YMD":null,"F_SAT_TM":"1836","F_END_TM":null,"F_RSN_DTL":"침수","F_ZONE_NM":"서울특별시 강남구 논현동 233-8 .연립 104호","INV_YR":"2022","F_YR":"2022","TYPE":"주택","layer":"재난지원금 풍수해보험금 침수위 최종","path":"D:/김원상/침수흔적도/풍수해보험금 대상/재난지원금 풍수해보험금 침수위 최종.shp"},"geometry":{"type":"Polygon","coordinates":[[[127.0350220194457,37.508745242398824],[127.03515244349448,37.508784398721026],[127.03520566450177,37.508673110377934],[127.03507456204895,37.50863404440618],[127.0350220194457,37.508745242398824]]]}},{"type":"Feature","properties":{"OBJECTID":null,"GU_NAM":"강남구","F_SHIM":0.2,"F_DISA_NM":"2022년 8.8. ~ 17. 호우(재난지원금)","F_AVR_HGT":38.66,"F_AREA":176.2,"ADM_CD":"1168010800","F_SAT_YMD":"20220808 - 2130","F_END_YMD":null,"F_SAT_TM":"2130","F_END_TM":null,"F_RSN_DTL":"침수","F_ZONE_NM":"서울특별시 강남구 논현동 234-23 .연립 102호","INV_YR":"2022","F_YR":"2022","TYPE":"주택","layer":"재난지원금 풍수해보험금 침수위 최종","path":"D:/김원상/침수흔적도/풍수해보험금 대상/재난지원금 풍수해보험금 침수위 최종.shp"},"geometry":{"type":"Polygon","coordinates":[[[127.03438448172474,37.50801155908455],[127.03452078572487,37.508051435271206],[127.03457355280106,37.507935732437915],[127.0344378140116,37.507894774956775],[127.03438448172474,37.50801155908455]]]}},{"type":"Feature","properties":{"OBJECTID":null,"GU_NAM":"강남구","F_SHIM":0.2,"F_DISA_NM":"2022년 8.8. ~ 17. 호우(재난지원금)","F_AVR_HGT":40.99,"F_AREA":357.88,"ADM_CD":"1168010800","F_SAT_YMD":"20220819 - 1830","F_END_YMD":null,"F_SAT_TM":"1830","F_END_TM":null,"F_RSN_DTL":"침수","F_ZONE_NM":"서울특별시 강남구 논현동 228-4 토미빌빌라 101호","INV_YR":"2022","F_YR":"2022","TYPE":"주택","layer":"재난지원금 풍수해보험금 침수위 최종","path":"D:/김원상/침수흔적도/풍수해보험금 대상/재난지원금 풍수해보험금 침수위 최종.shp"},"geometry":{"type":"Polygon","coordinates":[[[127.03344777243392,37.50931907312021],[127.03363192724649,37.509373984034106],[127.03371351272514,37.5091998891466],[127.03352913234504,37.509145609117425],[127.03344777243392,37.50931907312021]]]}},{"type":"Feature","properties":{"OBJECTID":null,"GU_NAM":"강남구","F_SHIM":0.2,"F_DISA_NM":"2022년 8.8. ~ 17. 호우(재난지원금)","F_AVR_HGT":45.72,"F_AREA":223.2,"ADM_CD":"1168010100","F_SAT_YMD":"20220826 - 0951","F_END_YMD":null,"F_SAT_TM":"0951","F_END_TM":null,"F_RSN_DTL":"침수","F_ZONE_NM":"서울특별시 강남구 역삼동 607 건물지하층","INV_YR":"2022","F_YR":"2022","TYPE":"주택","layer":"재난지원금 풍수해보험금 침수위 최종","path":"D:/김원상/침수흔적도/풍수해보험금 대상/재난지원금 풍수해보험금 침수위 최종.shp"},"geometry":{"type":"Polygon","coordinates":[[[127.03365913465407,37.5058271096226],[127.03368256341957,37.505868098647106],[127.03380540321578,37.50590491594721],[127.03386596843936,37.505777227984716],[127.03370512335688,37.505729338834726],[127.03365913465407,37.5058271096226]]]}},{"type":"Feature","properties":{"OBJECTID":null,"GU_NAM":"강남구","F_SHIM":0.2,"F_DISA_NM":"2022년 8.8. ~ 17. 호우(재난지원금)","F_AVR_HGT":38.66,"F_AREA":183.97,"ADM_CD":"1168010800","F_SAT_YMD":"20220808 - 2130","F_END_YMD":null,"F_SAT_TM":"2130","F_END_TM":null,"F_RSN_DTL":"침수","F_ZONE_NM":"서울특별시 강남구 논현동 234-21   0아파트 101호","INV_YR":"2022","F_YR":"2022","TYPE":"주택","layer":"재난지원금 풍수해보험금 침수위 최종","path":"D:/김원상/침수흔적도/풍수해보험금 대상/재난지원금 풍수해보험금 침수위 최종.shp"},"geometry":{"type":"Polygon","coordinates":[[[127.03424705327427,37.50798636931122],[127.034341052094,37.50801400385325],[127.03434206349161,37.50799913711341],[127.03438448172474,37.50801155908455],[127.0344378140116,37.507894774956775],[127.03430829672718,37.50785570768737],[127.03424705327427,37.50798636931122]]]}},{"type":"Feature","properties":{"OBJECTID":null,"GU_NAM":"강남구","F_SHIM":0.2,"F_DISA_NM":"2022년 8.8. ~ 17. 호우(재난지원금)","F_AVR_HGT":37.11,"F_AREA":871.54,"ADM_CD":"1168010800","F_SAT_YMD":"20220808 - 2200","F_END_YMD":null,"F_SAT_TM":"2200","F_END_TM":null,"F_RSN_DTL":"침수","F_ZONE_NM":"서울특별시 강남구 논현동 192-1 논현리더스빌","INV_YR":"2022","F_YR":"2022","TYPE":"주택","layer":"재난지원금 풍수해보험금 침수위 최종","path":"D:/김원상/침수흔적도/풍수해보험금 대상/재난지원금 풍수해보험금 침수위 최종.shp"},"geometry":{"type":"Polygon","coordinates":[[[127.03237514264329,37.508034535891134],[127.03229468437257,37.50820385430896],[127.0324519144432,37.50825129580634],[127.03245479726216,37.50838527337314],[127.03268201661062,37.50838224035536],[127.0326765941177,37.508125457508015],[127.03237514264329,37.508034535891134]]]}},{"type":"Feature","properties":{"OBJECTID":null,"GU_NAM":"강남구","F_SHIM":0.2,"F_DISA_NM":"2022년 8.8. ~ 17. 호우(재난지원금)","F_AVR_HGT":35.37,"F_AREA":1294.02,"ADM_CD":"1168010800","F_SAT_YMD":"20220818 - 1805","F_END_YMD":null,"F_SAT_TM":"1805","F_END_TM":null,"F_RSN_DTL":"침수","F_ZONE_NM":"서울특별시 강남구 논현동 176-10 에이 106호","INV_YR":"2022","F_YR":"2022","TYPE":"주택","layer":"재난지원금 풍수해보험금 침수위 최종","path":"D:/김원상/침수흔적도/풍수해보험금 대상/재난지원금 풍수해보험금 침수위 최종.shp"},"geometry":{"type":"Polygon","coordinates":[[[127.03134427986396,37.509584516174364],[127.0315547899835,37.50964726234254],[127.03173876387055,37.5092548311015],[127.03154058435736,37.50919577621257],[127.03139902980841,37.50903714647415],[127.03127079784588,37.50910286154837],[127.03140873138186,37.50925752796681],[127.03139506298227,37.509300238697236],[127.03144915029277,37.50936086212323],[127.03134427986396,37.509584516174364]]]}},{"type":"Feature","properties":{"OBJECTID":null,"GU_NAM":"강남구","F_SHIM":0.2,"F_DISA_NM":"2022년 8.8. ~ 17. 호우(재난지원금)","F_AVR_HGT":40.12,"F_AREA":188.97,"ADM_CD":"1168010800","F_SAT_YMD":"20220808 - 2200","F_END_YMD":null,"F_SAT_TM":"2200","F_END_TM":null,"F_RSN_DTL":"침수","F_ZONE_NM":"서울특별시 강남구 논현동 173-26 103호","INV_YR":"2022","F_YR":"2022","TYPE":"주택","layer":"재난지원금 풍수해보험금 침수위 최종","path":"D:/김원상/침수흔적도/풍수해보험금 대상/재난지원금 풍수해보험금 침수위 최종.shp"},"geometry":{"type":"Polygon","coordinates":[[[127.03025305626655,37.50927817728753],[127.03011894360428,37.50934929852309],[127.03020742712668,37.50944631447462],[127.03034063554081,37.50937645475663],[127.03025305626655,37.50927817728753]]]}},{"type":"Feature","properties":{"OBJECTID":null,"GU_NAM":"강남구","F_SHIM":0.2,"F_DISA_NM":"2022년 8.8. ~ 17. 호우(재난지원금)","F_AVR_HGT":40.12,"F_AREA":231.32,"ADM_CD":"1168010800","F_SAT_YMD":"20220808 - 2200","F_END_YMD":null,"F_SAT_TM":"2200","F_END_TM":null,"F_RSN_DTL":"침수","F_ZONE_NM":"서울특별시 강남구 논현동 173-27 .연립 .동 b01호","INV_YR":"2022","F_YR":"2022","TYPE":"주택","layer":"재난지원금 풍수해보험금 침수위 최종","path":"D:/김원상/침수흔적도/풍수해보험금 대상/재난지원금 풍수해보험금 침수위 최종.shp"},"geometry":{"type":"Polygon","coordinates":[[[127.03034063554081,37.50937645475663],[127.03020742712668,37.50944631447462],[127.03031865415262,37.50956819233987],[127.03044756406939,37.509496531556124],[127.03034063554081,37.50937645475663]]]}},{"type":"Feature","properties":{"OBJECTID":null,"GU_NAM":"강남구","F_SHIM":0.2,"F_DISA_NM":"2022년 8.8. ~ 17. 호우(재난지원금)","F_AVR_HGT":36.47,"F_AREA":245,"ADM_CD":"1168010800","F_SAT_YMD":"20220816 - 0000","F_END_YMD":null,"F_SAT_TM":"0000","F_END_TM":null,"F_RSN_DTL":"침수","F_ZONE_NM":"서울특별시 강남구 논현동 155-12 B2호집","INV_YR":"2022","F_YR":"2022","TYPE":"주택","layer":"재난지원금 풍수해보험금 침수위 최종","path":"D:/김원상/침수흔적도/풍수해보험금 대상/재난지원금 풍수해보험금 침수위 최종.shp"},"geometry":{"type":"Polygon","coordinates":[[[127.0291737434571,37.509349253298005],[127.0290196156522,37.50943461372636],[127.02911601957932,37.509543882212824],[127.02926935544467,37.50945762084904],[127.0291737434571,37.509349253298005]]]}},{"type":"Feature","properties":{"OBJECTID":null,"GU_NAM":"강남구","F_SHIM":0.2,"F_DISA_NM":"2022년 8.8. ~ 17. 호우(재난지원금)","F_AVR_HGT":26.53,"F_AREA":164.44,"ADM_CD":"1168010800","F_SAT_YMD":"20220812 - 0000","F_END_YMD":null,"F_SAT_TM":"0000","F_END_TM":null,"F_RSN_DTL":"침수","F_ZONE_NM":"서울특별시 강남구 논현동 188 B02호","INV_YR":"2022","F_YR":"2022","TYPE":"주택","layer":"재난지원금 풍수해보험금 침수위 최종","path":"D:/김원상/침수흔적도/풍수해보험금 대상/재난지원금 풍수해보험금 침수위 최종.shp"},"geometry":{"type":"Polygon","coordinates":[[[127.02844920993168,37.50746876872894],[127.02848000886256,37.50756814173702],[127.02852842414894,37.507591556613455],[127.02861403502999,37.50757513885107],[127.02857621220836,37.507443872172296],[127.02844920993168,37.50746876872894]]]}},{"type":"Feature","properties":{"OBJECTID":null,"GU_NAM":"강남구","F_SHIM":0.2,"F_DISA_NM":"2022년 8.8. ~ 17. 호우(재난지원금)","F_AVR_HGT":23.31,"F_AREA":288.74,"ADM_CD":"1168010800","F_SAT_YMD":"20220818 - 1801","F_END_YMD":null,"F_SAT_TM":"1801","F_END_TM":null,"F_RSN_DTL":"침수","F_ZONE_NM":"서울특별시 강남구 논현동 180-19","INV_YR":"2022","F_YR":"2022","TYPE":"주택","layer":"재난지원금 풍수해보험금 침수위 최종","path":"D:/김원상/침수흔적도/풍수해보험금 대상/재난지원금 풍수해보험금 침수위 최종.shp"},"geometry":{"type":"Polygon","coordinates":[[[127.02766684605082,37.50764563013193],[127.02792854175142,37.50759385465158],[127.02789694924114,37.50748709349704],[127.02763480205604,37.50754049080376],[127.02766684605082,37.50764563013193]]]}},{"type":"Feature","properties":{"OBJECTID":null,"GU_NAM":"강남구","F_SHIM":0.2,"F_DISA_NM":"2022년 8.8. ~ 17. 호우(재난지원금)","F_AVR_HGT":23.31,"F_AREA":274.48,"ADM_CD":"1168010800","F_SAT_YMD":"20220819 - 2030","F_END_YMD":null,"F_SAT_TM":"2030","F_END_TM":null,"F_RSN_DTL":"침수","F_ZONE_NM":"서울특별시 강남구 논현동 180-3 지05호","INV_YR":"2022","F_YR":"2022","TYPE":"주택","layer":"재난지원금 풍수해보험금 침수위 최종","path":"D:/김원상/침수흔적도/풍수해보험금 대상/재난지원금 풍수해보험금 침수위 최종.shp"},"geometry":{"type":"Polygon","coordinates":[[[127.02744499660079,37.507799479315885],[127.02757143448886,37.50777521466294],[127.02750768651474,37.50756628737047],[127.0273807970551,37.50759199365103],[127.02744499660079,37.507799479315885]]]}},{"type":"Feature","properties":{"OBJECTID":null,"GU_NAM":"강남구","F_SHIM":0.2,"F_DISA_NM":"2022년 8.8. ~ 17. 호우(재난지원금)","F_AVR_HGT":17.92,"F_AREA":181.81,"ADM_CD":"1168010800","F_SAT_YMD":"20220816 - 0000","F_END_YMD":null,"F_SAT_TM":"0000","F_END_TM":null,"F_RSN_DTL":"침수","F_ZONE_NM":"서울특별시 강남구 논현동 159-8 부성주택 B02호","INV_YR":"2022","F_YR":"2022","TYPE":"주택","layer":"재난지원금 풍수해보험금 침수위 최종","path":"D:/김원상/침수흔적도/풍수해보험금 대상/재난지원금 풍수해보험금 침수위 최종.shp"},"geometry":{"type":"Polygon","coordinates":[[[127.02583073004163,37.5092449323832],[127.02593600605883,37.50917571407306],[127.02582965572087,37.509071040117924],[127.02572268295333,37.509139447784584],[127.02583073004163,37.5092449323832]]]}},{"type":"Feature","properties":{"OBJECTID":null,"GU_NAM":"강남구","F_SHIM":0.2,"F_DISA_NM":"2022년 8.8. ~ 17. 호우(재난지원금)","F_AVR_HGT":23.04,"F_AREA":281.1,"ADM_CD":"1168010800","F_SAT_YMD":"20220808 - 2200","F_END_YMD":null,"F_SAT_TM":"2200","F_END_TM":null,"F_RSN_DTL":"침수","F_ZONE_NM":"서울특별시 강남구 논현동 158-31   B104호","INV_YR":"2022","F_YR":"2022","TYPE":"주택","layer":"재난지원금 풍수해보험금 침수위 최종","path":"D:/김원상/침수흔적도/풍수해보험금 대상/재난지원금 풍수해보험금 침수위 최종.shp"},"geometry":{"type":"Polygon","coordinates":[[[127.02674480919195,37.509532158847435],[127.02690334461002,37.50942851019593],[127.02670172886346,37.50923105474117],[127.02667594736309,37.509248629682745],[127.02678524059682,37.50935564483616],[127.02665135542227,37.5094408176437],[127.02674480919195,37.509532158847435]]]}},{"type":"Feature","properties":{"OBJECTID":null,"GU_NAM":"강남구","F_SHIM":0.2,"F_DISA_NM":"2022년 8.8. ~ 17. 호우(재난지원금)","F_AVR_HGT":17.92,"F_AREA":223.51,"ADM_CD":"1168010800","F_SAT_YMD":"20220816 - 0000","F_END_YMD":null,"F_SAT_TM":"0000","F_END_TM":null,"F_RSN_DTL":"침수","F_ZONE_NM":"서울특별시 강남구 논현동 160-2 B01호","INV_YR":"2022","F_YR":"2022","TYPE":"주택","layer":"재난지원금 풍수해보험금 침수위 최종","path":"D:/김원상/침수흔적도/풍수해보험금 대상/재난지원금 풍수해보험금 침수위 최종.shp"},"geometry":{"type":"Polygon","coordinates":[[[127.0253012613095,37.50913385710243],[127.02544762827627,37.50917257042771],[127.0254989898247,37.509213194991496],[127.02557192604917,37.509166598599656],[127.02548695998306,37.50908507561128],[127.02534375822827,37.509040685412394],[127.0253012613095,37.50913385710243]]]}},{"type":"Feature","properties":{"OBJECTID":null,"GU_NAM":"강남구","F_SHIM":0.2,"F_DISA_NM":"2022년 8.8. ~ 17. 호우(재난지원금)","F_AVR_HGT":17.92,"F_AREA":215.58,"ADM_CD":"1168010800","F_SAT_YMD":"20220811 - 0000","F_END_YMD":null,"F_SAT_TM":"0000","F_END_TM":null,"F_RSN_DTL":"침수","F_ZONE_NM":"서울특별시 강남구 논현동 160-12 102호","INV_YR":"2022","F_YR":"2022","TYPE":"주택","layer":"재난지원금 풍수해보험금 침수위 최종","path":"D:/김원상/침수흔적도/풍수해보험금 대상/재난지원금 풍수해보험금 침수위 최종.shp"},"geometry":{"type":"Polygon","coordinates":[[[127.02552721521229,37.508703134646844],[127.02565220522808,37.508741942164335],[127.02572555917706,37.50858965859149],[127.0255985336354,37.508551121864755],[127.02552721521229,37.508703134646844]]]}},{"type":"Feature","properties":{"OBJECTID":null,"GU_NAM":"강남구","F_SHIM":0.2,"F_DISA_NM":"2022년 8.8. ~ 17. 호우(재난지원금)","F_AVR_HGT":35.58,"F_AREA":561.15,"ADM_CD":"1168010800","F_SAT_YMD":"20220817 - 0000","F_END_YMD":null,"F_SAT_TM":"0000","F_END_TM":null,"F_RSN_DTL":"침수","F_ZONE_NM":"서울특별시 강남구 논현동 177-15 효성그린빌라 지층 102호","INV_YR":"2022","F_YR":"2022","TYPE":"주택","layer":"재난지원금 풍수해보험금 침수위 최종","path":"D:/김원상/침수흔적도/풍수해보험금 대상/재난지원금 풍수해보험금 침수위 최종.shp"},"geometry":{"type":"Polygon","coordinates":[[[127.03043798776673,37.508714107811635],[127.03020278673472,37.50884688207567],[127.03034841073405,37.50900722415496],[127.03058474278706,37.5088738186281],[127.03043798776673,37.508714107811635]]]}},{"type":"Feature","properties":{"OBJECTID":null,"GU_NAM":"강남구","F_SHIM":0.2,"F_DISA_NM":"2022년 8.8. ~ 17. 호우(재난지원금)","F_AVR_HGT":26.53,"F_AREA":270.09,"ADM_CD":"1168010800","F_SAT_YMD":"20220808 - 2200","F_END_YMD":null,"F_SAT_TM":"2200","F_END_TM":null,"F_RSN_DTL":"침수","F_ZONE_NM":"서울특별시 강남구 논현동 188-19 B03호","INV_YR":"2022","F_YR":"2022","TYPE":"주택","layer":"재난지원금 풍수해보험금 침수위 최종","path":"D:/김원상/침수흔적도/풍수해보험금 대상/재난지원금 풍수해보험금 침수위 최종.shp"},"geometry":{"type":"Polygon","coordinates":[[[127.02898390732096,37.50705292531112],[127.02904459737394,37.50724031869407],[127.0291822301264,37.50721460810953],[127.02911780571567,37.50702244038145],[127.02898390732096,37.50705292531112]]]}},{"type":"Feature","properties":{"OBJECTID":null,"GU_NAM":"강남구","F_SHIM":0.2,"F_DISA_NM":"2022년 8.8. ~ 17. 호우(재난지원금)","F_AVR_HGT":32.44,"F_AREA":222.5,"ADM_CD":"1168010800","F_SAT_YMD":"20220812 - 0000","F_END_YMD":null,"F_SAT_TM":"0000","F_END_TM":null,"F_RSN_DTL":"침수","F_ZONE_NM":"서울특별시 강남구 논현동 194-5 지하층 102호","INV_YR":"2022","F_YR":"2022","TYPE":"주택","layer":"재난지원금 풍수해보험금 침수위 최종","path":"D:/김원상/침수흔적도/풍수해보험금 대상/재난지원금 풍수해보험금 침수위 최종.shp"},"geometry":{"type":"Polygon","coordinates":[[[127.0298579763015,37.50715155828859],[127.02993660789905,37.5072239796077],[127.030076235812,37.50709249037846],[127.02994580679767,37.50702548761321],[127.02985638272533,37.50712461884135],[127.0298579763015,37.50715155828859]]]}},{"type":"Feature","properties":{"OBJECTID":null,"GU_NAM":"강남구","F_SHIM":0.2,"F_DISA_NM":"2022년 8.8. ~ 17. 호우(재난지원금)","F_AVR_HGT":32.44,"F_AREA":211.65,"ADM_CD":"1168010800","F_SAT_YMD":"20220808 - 2200","F_END_YMD":null,"F_SAT_TM":"2200","F_END_TM":null,"F_RSN_DTL":"침수","F_ZONE_NM":"서울특별시 강남구 논현동 189-20 B101호","INV_YR":"2022","F_YR":"2022","TYPE":"주택","layer":"재난지원금 풍수해보험금 침수위 최종","path":"D:/김원상/침수흔적도/풍수해보험금 대상/재난지원금 풍수해보험금 침수위 최종.shp"},"geometry":{"type":"Polygon","coordinates":[[[127.03002963976986,37.50739226354451],[127.02989767807564,37.50746050083983],[127.02996897217578,37.50756887369954],[127.03000844079178,37.50756012451038],[127.03012320617046,37.50747828619436],[127.03002963976986,37.50739226354451]]]}},{"type":"Feature","properties":{"OBJECTID":null,"GU_NAM":"강남구","F_SHIM":0.2,"F_DISA_NM":"2022년 8.8. ~ 17. 호우(재난지원금)","F_AVR_HGT":25.22,"F_AREA":317.45,"ADM_CD":"1168010800","F_SAT_YMD":"20220808 - 2200","F_END_YMD":null,"F_SAT_TM":"2200","F_END_TM":null,"F_RSN_DTL":"침수","F_ZONE_NM":"서울특별시 강남구 논현동 170-24 102호","INV_YR":"2022","F_YR":"2022","TYPE":"주택","layer":"재난지원금 풍수해보험금 침수위 최종","path":"D:/김원상/침수흔적도/풍수해보험금 대상/재난지원금 풍수해보험금 침수위 최종.shp"},"geometry":{"type":"Polygon","coordinates":[[[127.02765333310874,37.507815110762586],[127.02772953731129,37.50806557118928],[127.02785088620873,37.50804184796588],[127.02777615199388,37.50779156748926],[127.02765333310874,37.507815110762586]]]}},{"type":"Feature","properties":{"OBJECTID":null,"GU_NAM":"강남구","F_SHIM":0.2,"F_DISA_NM":"2022년 8.8. ~ 17. 호우(재난지원금)","F_AVR_HGT":16.07,"F_AREA":151.46,"ADM_CD":"1168010800","F_SAT_YMD":"20220812 - 0000","F_END_YMD":null,"F_SAT_TM":"0000","F_END_TM":null,"F_RSN_DTL":"침수","F_ZONE_NM":"서울특별시 강남구 논현동 182-10 다가구용단독주택(5가구) 102호","INV_YR":"2022","F_YR":"2022","TYPE":"주택","layer":"재난지원금 풍수해보험금 침수위 최종","path":"D:/김원상/침수흔적도/풍수해보험금 대상/재난지원금 풍수해보험금 침수위 최종.shp"},"geometry":{"type":"Polygon","coordinates":[[[127.02509479753635,37.50717125564958],[127.02514057231818,37.50707438925687],[127.0249921717879,37.5070291887577],[127.02498516930548,37.50706009436894],[127.024991955915,37.507062165315105],[127.02495850020082,37.50713154877826],[127.02509479753635,37.50717125564958]]]}},{"type":"Feature","properties":{"OBJECTID":null,"GU_NAM":"강남구","F_SHIM":0.2,"F_DISA_NM":"2022년 8.8. ~ 17. 호우(재난지원금)","F_AVR_HGT":22.64,"F_AREA":245.25,"ADM_CD":"1168010800","F_SAT_YMD":"20220825 - 2030","F_END_YMD":null,"F_SAT_TM":"2030","F_END_TM":null,"F_RSN_DTL":"침수","F_ZONE_NM":"서울특별시 강남구 논현동 157-1 지하 102호","INV_YR":"2022","F_YR":"2022","TYPE":"주택","layer":"재난지원금 풍수해보험금 침수위 최종","path":"D:/김원상/침수흔적도/풍수해보험금 대상/재난지원금 풍수해보험금 침수위 최종.shp"},"geometry":{"type":"Polygon","coordinates":[[[127.02734536309164,37.508807537108964],[127.02721125132086,37.508886854125386],[127.02732349013303,37.50900747320682],[127.02745658458005,37.50892959788378],[127.02734536309164,37.508807537108964]]]}},{"type":"Feature","properties":{"OBJECTID":null,"GU_NAM":"강남구","F_SHIM":0.2,"F_DISA_NM":"2022년 8.8. ~ 17. 호우(재난지원금)","F_AVR_HGT":29.23,"F_AREA":245.47,"ADM_CD":"1168010800","F_SAT_YMD":"20220825 - 2016","F_END_YMD":null,"F_SAT_TM":"2016","F_END_TM":null,"F_RSN_DTL":"침수","F_ZONE_NM":"서울특별시 강남구 논현동 157-3 B03호","INV_YR":"2022","F_YR":"2022","TYPE":"주택","layer":"재난지원금 풍수해보험금 침수위 최종","path":"D:/김원상/침수흔적도/풍수해보험금 대상/재난지원금 풍수해보험금 침수위 최종.shp"},"geometry":{"type":"Polygon","coordinates":[[[127.02761683324792,37.50888045822983],[127.02748317366847,37.50895869425723],[127.02759326480108,37.50908138584674],[127.02772681179147,37.50900432101796],[127.02761683324792,37.50888045822983]]]}},{"type":"Feature","properties":{"OBJECTID":null,"GU_NAM":"강남구","F_SHIM":0.2,"F_DISA_NM":"2022년 8.8. ~ 17. 호우(재난지원금)","F_AVR_HGT":17.92,"F_AREA":170.72,"ADM_CD":"1168010800","F_SAT_YMD":"20220826 - 1655","F_END_YMD":null,"F_SAT_TM":"1655","F_END_TM":null,"F_RSN_DTL":"침수","F_ZONE_NM":"서울특별시 강남구 논현동 159-19 지하 101호","INV_YR":"2022","F_YR":"2022","TYPE":"주택","layer":"재난지원금 풍수해보험금 침수위 최종","path":"D:/김원상/침수흔적도/풍수해보험금 대상/재난지원금 풍수해보험금 침수위 최종.shp"},"geometry":{"type":"Polygon","coordinates":[[[127.02615181670828,37.50886500537528],[127.0263065929212,37.509023999032735],[127.02643312828806,37.50894540544123],[127.02630632521367,37.50889849015551],[127.02626877953531,37.50891129219121],[127.02617443235023,37.508850494598974],[127.02615181670828,37.50886500537528]]]}},{"type":"Feature","properties":{"OBJECTID":null,"GU_NAM":"강남구","F_SHIM":0.2,"F_DISA_NM":"2022년 8.8. ~ 17. 호우(재난지원금)","F_AVR_HGT":26.73,"F_AREA":142.56,"ADM_CD":"1168010800","F_SAT_YMD":"20220823 - 1345","F_END_YMD":null,"F_SAT_TM":"1345","F_END_TM":null,"F_RSN_DTL":"침수","F_ZONE_NM":"서울특별시 강남구 논현동 198-11 B02호","INV_YR":"2022","F_YR":"2022","TYPE":"주택","layer":"재난지원금 풍수해보험금 침수위 최종","path":"D:/김원상/침수흔적도/풍수해보험금 대상/재난지원금 풍수해보험금 침수위 최종.shp"},"geometry":{"type":"Polygon","coordinates":[[[127.02584308479317,37.50584123125533],[127.02585303836793,37.50584429259794],[127.02601025953561,37.50589210309027],[127.02604710440772,37.50581587102742],[127.02587789443784,37.50576617096086],[127.02584308479317,37.50584123125533]]]}},{"type":"Feature","properties":{"OBJECTID":null,"GU_NAM":"강남구","F_SHIM":0.2,"F_DISA_NM":"2022년 8.8. ~ 17. 호우(재난지원금)","F_AVR_HGT":26.14,"F_AREA":236.12,"ADM_CD":"1168010800","F_SAT_YMD":"20220826 - 1624","F_END_YMD":null,"F_SAT_TM":"1624","F_END_TM":null,"F_RSN_DTL":"침수","F_ZONE_NM":"서울특별시 강남구 논현동 197-15 B03호","INV_YR":"2022","F_YR":"2022","TYPE":"주택","layer":"재난지원금 풍수해보험금 침수위 최종","path":"D:/김원상/침수흔적도/풍수해보험금 대상/재난지원금 풍수해보험금 침수위 최종.shp"},"geometry":{"type":"Polygon","coordinates":[[[127.02708083931795,37.506217947376896],[127.02699833443873,37.50638482999031],[127.02712433908111,37.506423185248195],[127.02720548642093,37.50625594244402],[127.02708083931795,37.506217947376896]]]}},{"type":"Feature","properties":{"OBJECTID":null,"GU_NAM":"강남구","F_SHIM":0.2,"F_DISA_NM":"2022년 8.8. ~ 17. 호우(재난지원금)","F_AVR_HGT":21.68,"F_AREA":289.64,"ADM_CD":"1168010800","F_SAT_YMD":"20220817 - 0000","F_END_YMD":null,"F_SAT_TM":"0000","F_END_TM":null,"F_RSN_DTL":"침수","F_ZONE_NM":"서울특별시 강남구 논현동 184-10 B01호","INV_YR":"2022","F_YR":"2022","TYPE":"주택","layer":"재난지원금 풍수해보험금 침수위 최종","path":"D:/김원상/침수흔적도/풍수해보험금 대상/재난지원금 풍수해보험금 침수위 최종.shp"},"geometry":{"type":"Polygon","coordinates":[[[127.02576717816584,37.50648428899116],[127.02585239645067,37.50630569371003],[127.02570965232732,37.50626175433762],[127.02562194558733,37.506440350024924],[127.02576717816584,37.50648428899116]]]}},{"type":"Feature","properties":{"OBJECTID":null,"GU_NAM":"강남구","F_SHIM":0.2,"F_DISA_NM":"2022년 8.8. ~ 17. 호우(재난지원금)","F_AVR_HGT":17.11,"F_AREA":162.2,"ADM_CD":"1168010800","F_SAT_YMD":"20220808 - 2200","F_END_YMD":null,"F_SAT_TM":"2200","F_END_TM":null,"F_RSN_DTL":"침수","F_ZONE_NM":"서울특별시 강남구 논현동 166-11 B01호","INV_YR":"2022","F_YR":"2022","TYPE":"주택","layer":"재난지원금 풍수해보험금 침수위 최종","path":"D:/김원상/침수흔적도/풍수해보험금 대상/재난지원금 풍수해보험금 침수위 최종.shp"},"geometry":{"type":"Polygon","coordinates":[[[127.02531843650682,37.50836980784626],[127.0253841547129,37.5083897066306],[127.02543572303514,37.5083712257525],[127.02548997516455,37.50825705837587],[127.0253856855202,37.508224463385254],[127.02531843650682,37.50836980784626]]]}},{"type":"Feature","properties":{"OBJECTID":null,"GU_NAM":"강남구","F_SHIM":0.2,"F_DISA_NM":"2022년 8.8. ~ 17. 호우(재난지원금)","F_AVR_HGT":16.29,"F_AREA":170.88,"ADM_CD":"1168010800","F_SAT_YMD":"20220812 - 0000","F_END_YMD":null,"F_SAT_TM":"0000","F_END_TM":null,"F_RSN_DTL":"침수","F_ZONE_NM":"서울특별시 강남구 논현동 160-3 지하 101호","INV_YR":"2022","F_YR":"2022","TYPE":"주택","layer":"재난지원금 풍수해보험금 침수위 최종","path":"D:/김원상/침수흔적도/풍수해보험금 대상/재난지원금 풍수해보험금 침수위 최종.shp"},"geometry":{"type":"Polygon","coordinates":[[[127.0251470907965,37.509096316453295],[127.0252970794619,37.50914313821696],[127.02534375822827,37.509040685412394],[127.0251955796595,37.508994764341715],[127.0251470907965,37.509096316453295]]]}},{"type":"Feature","properties":{"OBJECTID":null,"GU_NAM":"강남구","F_SHIM":0.2,"F_DISA_NM":"2022년 8.8. ~ 17. 호우(재난지원금)","F_AVR_HGT":16.29,"F_AREA":162.26,"ADM_CD":"1168010800","F_SAT_YMD":"20220808 - 2200","F_END_YMD":null,"F_SAT_TM":"2200","F_END_TM":null,"F_RSN_DTL":"침수","F_ZONE_NM":"서울특별시 강남구 논현동 160 .아파트 .동 b01호","INV_YR":"2022","F_YR":"2022","TYPE":"주택","layer":"재난지원금 풍수해보험금 침수위 최종","path":"D:/김원상/침수흔적도/풍수해보험금 대상/재난지원금 풍수해보험금 침수위 최종.shp"},"geometry":{"type":"Polygon","coordinates":[[[127.02511352147181,37.509166510856666],[127.02513683350806,37.50920750157652],[127.02525209588094,37.509241716372195],[127.0252970794619,37.50914313821696],[127.0251470907965,37.509096316453295],[127.02511352147181,37.509166510856666]]]}},{"type":"Feature","properties":{"OBJECTID":null,"GU_NAM":"강남구","F_SHIM":0.2,"F_DISA_NM":"2022년 8.8. ~ 17. 호우(재난지원금)","F_AVR_HGT":16.29,"F_AREA":175.53,"ADM_CD":"1168010800","F_SAT_YMD":"20220812 - 0000","F_END_YMD":null,"F_SAT_TM":"0000","F_END_TM":null,"F_RSN_DTL":"침수","F_ZONE_NM":"서울특별시 강남구 논현동 162-8   b02호","INV_YR":"2022","F_YR":"2022","TYPE":"주택","layer":"재난지원금 풍수해보험금 침수위 최종","path":"D:/김원상/침수흔적도/풍수해보험금 대상/재난지원금 풍수해보험금 침수위 최종.shp"},"geometry":{"type":"Polygon","coordinates":[[[127.02495171474915,37.50858044426889],[127.02493713448968,37.50861198207034],[127.0249581734034,37.50861837497907],[127.02492618717505,37.50868739772413],[127.02507549573518,37.50873250801221],[127.02512240140497,37.50863212753674],[127.02495171474915,37.50858044426889]]]}},{"type":"Feature","properties":{"OBJECTID":null,"GU_NAM":"강남구","F_SHIM":0.2,"F_DISA_NM":"2022년 8.8. ~ 17. 호우(재난지원금)","F_AVR_HGT":16.29,"F_AREA":169.78,"ADM_CD":"1168010800","F_SAT_YMD":"20220808 - 2200","F_END_YMD":null,"F_SAT_TM":"2200","F_END_TM":null,"F_RSN_DTL":"침수","F_ZONE_NM":"서울특별시 강남구 논현동 162-9 102호","INV_YR":"2022","F_YR":"2022","TYPE":"주택","layer":"재난지원금 풍수해보험금 침수위 최종","path":"D:/김원상/침수흔적도/풍수해보험금 대상/재난지원금 풍수해보험금 침수위 최종.shp"},"geometry":{"type":"Polygon","coordinates":[[[127.02492618717505,37.50868739772413],[127.02487905539716,37.50878903956183],[127.02502802485358,37.50883424007591],[127.02507549573518,37.50873250801221],[127.02492618717505,37.50868739772413]]]}},{"type":"Feature","properties":{"OBJECTID":null,"GU_NAM":"강남구","F_SHIM":0.2,"F_DISA_NM":"2022년 8.8. ~ 17. 호우(재난지원금)","F_AVR_HGT":18.05,"F_AREA":253.45,"ADM_CD":"1168010800","F_SAT_YMD":"20220811 - 0000","F_END_YMD":null,"F_SAT_TM":"0000","F_END_TM":null,"F_RSN_DTL":"침수","F_ZONE_NM":"서울특별시 강남구 논현동 183-22   지하 101호","INV_YR":"2022","F_YR":"2022","TYPE":"주택","layer":"재난지원금 풍수해보험금 침수위 최종","path":"D:/김원상/침수흔적도/풍수해보험금 대상/재난지원금 풍수해보험금 침수위 최종.shp"},"geometry":{"type":"Polygon","coordinates":[[[127.02497571523371,37.50648507951031],[127.0251049989535,37.506523706569645],[127.02518784447985,37.506347274637335],[127.02506093614072,37.5063088273936],[127.02497571523371,37.50648507951031]]]}},{"type":"Feature","properties":{"OBJECTID":null,"GU_NAM":"강남구","F_SHIM":0.2,"F_DISA_NM":"2022년 8.8. ~ 17. 호우(재난지원금)","F_AVR_HGT":18.04,"F_AREA":287.88,"ADM_CD":"1168010800","F_SAT_YMD":"20220808 - 2200","F_END_YMD":null,"F_SAT_TM":"2200","F_END_TM":null,"F_RSN_DTL":"침수","F_ZONE_NM":"서울특별시 강남구 논현동 182-15 B02호","INV_YR":"2022","F_YR":"2022","TYPE":"주택","layer":"재난지원금 풍수해보험금 침수위 최종","path":"D:/김원상/침수흔적도/풍수해보험금 대상/재난지원금 풍수해보험금 침수위 최종.shp"},"geometry":{"type":"Polygon","coordinates":[[[127.02570416207026,37.507473236957225],[127.02579898865304,37.507274727729396],[127.02566992927682,37.50723547069046],[127.0255751022862,37.50743361941709],[127.02570416207026,37.507473236957225]]]}},{"type":"Feature","properties":{"OBJECTID":null,"GU_NAM":"강남구","F_SHIM":0.2,"F_DISA_NM":"2022년 8.8. ~ 17. 호우(재난지원금)","F_AVR_HGT":16.07,"F_AREA":162.42,"ADM_CD":"1168010800","F_SAT_YMD":"20220812 - 0000","F_END_YMD":null,"F_SAT_TM":"0000","F_END_TM":null,"F_RSN_DTL":"침수","F_ZONE_NM":"서울특별시 강남구 논현동 167-6   B02호","INV_YR":"2022","F_YR":"2022","TYPE":"주택","layer":"재난지원금 풍수해보험금 침수위 최종","path":"D:/김원상/침수흔적도/풍수해보험금 대상/재난지원금 풍수해보험금 침수위 최종.shp"},"geometry":{"type":"Polygon","coordinates":[[[127.02463776376366,37.50754246690347],[127.02458622279117,37.50764861449491],[127.02458429156337,37.507657669897625],[127.0247083858977,37.507696613745445],[127.0247627516635,37.50758217636798],[127.02463776376366,37.50754246690347]]]}},{"type":"Feature","properties":{"OBJECTID":null,"GU_NAM":"강남구","F_SHIM":0.2,"F_DISA_NM":"2022년 8.8. ~ 17. 호우(재난지원금)","F_AVR_HGT":16.07,"F_AREA":162.42,"ADM_CD":"1168010800","F_SAT_YMD":"20220808 - 2100","F_END_YMD":null,"F_SAT_TM":"2100","F_END_TM":null,"F_RSN_DTL":"침수","F_ZONE_NM":"서울특별시 강남구 논현동 167-7 B01호","INV_YR":"2022","F_YR":"2022","TYPE":"주택","layer":"재난지원금 풍수해보험금 침수위 최종","path":"D:/김원상/침수흔적도/풍수해보험금 대상/재난지원금 풍수해보험금 침수위 최종.shp"},"geometry":{"type":"Polygon","coordinates":[[[127.0247083858977,37.507696613745445],[127.02483461819594,37.50773632288857],[127.02488841838112,37.507622155865],[127.0247627516635,37.50758217636798],[127.0247083858977,37.507696613745445]]]}},{"type":"Feature","properties":{"OBJECTID":null,"GU_NAM":"강남구","F_SHIM":0.2,"F_DISA_NM":"2022년 8.8. ~ 17. 호우(재난지원금)","F_AVR_HGT":16.07,"F_AREA":333.28,"ADM_CD":"1168010800","F_SAT_YMD":"22080808 - 2300","F_END_YMD":null,"F_SAT_TM":"2300","F_END_TM":null,"F_RSN_DTL":"침수","F_ZONE_NM":"서울특별시 강남구 논현동 167-24 지하2호","INV_YR":"2022","F_YR":"2022","TYPE":"주택","layer":"재난지원금 풍수해보험금 침수위 최종","path":"D:/김원상/침수흔적도/풍수해보험금 대상/재난지원금 풍수해보험금 침수위 최종.shp"},"geometry":{"type":"Polygon","coordinates":[[[127.02467641932772,37.50746263094448],[127.02481384895611,37.50750504090846],[127.02491602410342,37.507289502085584],[127.02477825556947,37.507247272505126],[127.02467641932772,37.50746263094448]]]}},{"type":"Feature","properties":{"OBJECTID":null,"GU_NAM":"강남구","F_SHIM":0.2,"F_DISA_NM":"2022년 8.8. ~ 17. 호우(재난지원금)","F_AVR_HGT":16.07,"F_AREA":170.79,"ADM_CD":"1168010800","F_SAT_YMD":"20220808 - 2200","F_END_YMD":null,"F_SAT_TM":"2200","F_END_TM":null,"F_RSN_DTL":"침수","F_ZONE_NM":"서울특별시 강남구 논현동 167-9 지층101호","INV_YR":"2022","F_YR":"2022","TYPE":"주택","layer":"재난지원금 풍수해보험금 침수위 최종","path":"D:/김원상/침수흔적도/풍수해보험금 대상/재난지원금 풍수해보험금 침수위 최종.shp"},"geometry":{"type":"Polygon","coordinates":[[[127.02488276705023,37.50763396005118],[127.02502766249032,37.50767880098163],[127.02503817394685,37.507656904648194],[127.02505943877335,37.50766320739523],[127.02509402489588,37.50759148109046],[127.02492707298775,37.50753997723159],[127.02488276705023,37.50763396005118]]]}},{"type":"Feature","properties":{"OBJECTID":null,"GU_NAM":"강남구","F_SHIM":0.2,"F_DISA_NM":"2022년 8.8. ~ 17. 호우(재난지원금)","F_AVR_HGT":16.07,"F_AREA":347.13,"ADM_CD":"1168010800","F_SAT_YMD":"20220816 - 0000","F_END_YMD":null,"F_SAT_TM":"0000","F_END_TM":null,"F_RSN_DTL":"침수","F_ZONE_NM":"서울특별시 강남구 논현동 182-11 남도하이츠빌라 .동 101호","INV_YR":"2022","F_YR":"2022","TYPE":"주택","layer":"재난지원금 풍수해보험금 침수위 최종","path":"D:/김원상/침수흔적도/풍수해보험금 대상/재난지원금 풍수해보험금 침수위 최종.shp"},"geometry":{"type":"Polygon","coordinates":[[[127.02520455106324,37.507319988402216],[127.02529643830444,37.50712184056085],[127.02514057231818,37.50707438925687],[127.02504744040054,37.50727181642846],[127.02520455106324,37.507319988402216]]]}},{"type":"Feature","properties":{"OBJECTID":null,"GU_NAM":"강남구","F_SHIM":0.2,"F_DISA_NM":"2022년 8.8. ~ 17. 호우(재난지원금)","F_AVR_HGT":16.07,"F_AREA":156.55,"ADM_CD":"1168010800","F_SAT_YMD":"20220817 - 0000","F_END_YMD":null,"F_SAT_TM":"0000","F_END_TM":null,"F_RSN_DTL":"침수","F_ZONE_NM":"서울특별시 강남구 논현동 167-12 B02호","INV_YR":"2022","F_YR":"2022","TYPE":"주택","layer":"재난지원금 풍수해보험금 침수위 최종","path":"D:/김원상/침수흔적도/풍수해보험금 대상/재난지원금 풍수해보험금 침수위 최종.shp"},"geometry":{"type":"Polygon","coordinates":[[[127.02507007905724,37.5076914064981],[127.02521520171851,37.507738769945895],[127.02526278680811,37.507643524947625],[127.02511517669343,37.50759805414935],[127.02507007905724,37.5076914064981]]]}},{"type":"Feature","properties":{"OBJECTID":null,"GU_NAM":"강남구","F_SHIM":0.2,"F_DISA_NM":"2022년 8.8. ~ 17. 호우(재난지원금)","F_AVR_HGT":16.07,"F_AREA":285.25,"ADM_CD":"1168010800","F_SAT_YMD":"20220812 - 0000","F_END_YMD":null,"F_SAT_TM":"0000","F_END_TM":null,"F_RSN_DTL":"침수","F_ZONE_NM":"서울특별시 강남구 논현동 167-21 다가구용단독주택(19가구) B01호","INV_YR":"2022","F_YR":"2022","TYPE":"주택","layer":"재난지원금 풍수해보험금 침수위 최종","path":"D:/김원상/침수흔적도/풍수해보험금 대상/재난지원금 풍수해보험금 침수위 최종.shp"},"geometry":{"type":"Polygon","coordinates":[[[127.0250867857784,37.507589230041106],[127.02520385584096,37.50762533662781],[127.02530602980187,37.507409076674286],[127.02518828142904,37.50737297032343],[127.0250867857784,37.507589230041106]]]}},{"type":"Feature","properties":{"OBJECTID":null,"GU_NAM":"강남구","F_SHIM":0.2,"F_DISA_NM":"2022년 8.8. ~ 17. 호우(재난지원금)","F_AVR_HGT":16.07,"F_AREA":160.61,"ADM_CD":"1168010800","F_SAT_YMD":"20220817 - 0000","F_END_YMD":null,"F_SAT_TM":"0000","F_END_TM":null,"F_RSN_DTL":"침수","F_ZONE_NM":"서울특별시 강남구 논현동 182-12 B01호","INV_YR":"2022","F_YR":"2022","TYPE":"주택","layer":"재난지원금 풍수해보험금 침수위 최종","path":"D:/김원상/침수흔적도/풍수해보험금 대상/재난지원금 풍수해보험금 침수위 최종.shp"},"geometry":{"type":"Polygon","coordinates":[[[127.02534412976793,37.50736284781817],[127.02539239038478,37.507259223347425],[127.0252515684347,37.50721852663181],[127.02520455106324,37.507319988402216],[127.02534412976793,37.50736284781817]]]}},{"type":"Feature","properties":{"OBJECTID":null,"GU_NAM":"강남구","F_SHIM":0.2,"F_DISA_NM":"2022년 8.8. ~ 17. 호우(재난지원금)","F_AVR_HGT":18.04,"F_AREA":260.04,"ADM_CD":"1168010800","F_SAT_YMD":"20220813 - 0000","F_END_YMD":null,"F_SAT_TM":"0000","F_END_TM":null,"F_RSN_DTL":"침수","F_ZONE_NM":"서울특별시 강남구 논현동 167-19 골든빌라 .동 101호","INV_YR":"2022","F_YR":"2022","TYPE":"주택","layer":"재난지원금 풍수해보험금 침수위 최종","path":"D:/김원상/침수흔적도/풍수해보험금 대상/재난지원금 풍수해보험금 침수위 최종.shp"},"geometry":{"type":"Polygon","coordinates":[[[127.02534400072967,37.50766855632713],[127.02545055167501,37.507701421198874],[127.02555091511029,37.50748417030589],[127.02544379893016,37.50745130563792],[127.02534400072967,37.50766855632713]]]}},{"type":"Feature","properties":{"OBJECTID":null,"GU_NAM":"강남구","F_SHIM":0.2,"F_DISA_NM":"2022년 8.8. ~ 17. 호우(재난지원금)","F_AVR_HGT":18.04,"F_AREA":446.53,"ADM_CD":"1168010800","F_SAT_YMD":"20220825 - 1533","F_END_YMD":null,"F_SAT_TM":"1533","F_END_TM":null,"F_RSN_DTL":"침수","F_ZONE_NM":"서울특별시 강남구 논현동 182-14 B01호","INV_YR":"2022","F_YR":"2022","TYPE":"주택","layer":"재난지원금 풍수해보험금 침수위 최종","path":"D:/김원상/침수흔적도/풍수해보험금 대상/재난지원금 풍수해보험금 침수위 최종.shp"},"geometry":{"type":"Polygon","coordinates":[[[127.0255751022862,37.50743361941709],[127.02566992927682,37.50723547069046],[127.02546813994466,37.507174063736656],[127.02537580080883,37.50737257220009],[127.0255751022862,37.50743361941709]]]}},{"type":"Feature","properties":{"OBJECTID":null,"GU_NAM":"강남구","F_SHIM":0.2,"F_DISA_NM":"2022년 8.8. ~ 17. 호우(재난지원금)","F_AVR_HGT":18.04,"F_AREA":319.8,"ADM_CD":"1168010800","F_SAT_YMD":"20220826 - 1321","F_END_YMD":null,"F_SAT_TM":"1321","F_END_TM":null,"F_RSN_DTL":"침수","F_ZONE_NM":"서울특별시 강남구 논현동 167-18 B03호","INV_YR":"2022","F_YR":"2022","TYPE":"주택","layer":"재난지원금 풍수해보험금 침수위 최종","path":"D:/김원상/침수흔적도/풍수해보험금 대상/재난지원금 풍수해보험금 침수위 최종.shp"},"geometry":{"type":"Polygon","coordinates":[[[127.02545055167501,37.507701421198874],[127.02558062993126,37.50774157926428],[127.02568336828936,37.50752477827529],[127.02555091511029,37.50748417030589],[127.02545055167501,37.507701421198874]]]}},{"type":"Feature","properties":{"OBJECTID":null,"GU_NAM":"강남구","F_SHIM":0.2,"F_DISA_NM":"2022년 8.8. ~ 17. 호우(재난지원금)","F_AVR_HGT":15.47,"F_AREA":372,"ADM_CD":"1168010800","F_SAT_YMD":"20220811 - 0000","F_END_YMD":null,"F_SAT_TM":"0000","F_END_TM":null,"F_RSN_DTL":"침수","F_ZONE_NM":"서울특별시 강남구 논현동 166-20 B114호","INV_YR":"2022","F_YR":"2022","TYPE":"주택","layer":"재난지원금 풍수해보험금 침수위 최종","path":"D:/김원상/침수흔적도/풍수해보험금 대상/재난지원금 풍수해보험금 침수위 최종.shp"},"geometry":{"type":"Polygon","coordinates":[[[127.0244225290559,37.50789542957852],[127.02457522950415,37.50794297254079],[127.02467887584866,37.50772617225523],[127.02452764607999,37.50767862913866],[127.0244225290559,37.50789542957852]]]}},{"type":"Feature","properties":{"OBJECTID":null,"GU_NAM":"강남구","F_SHIM":0.2,"F_DISA_NM":"2022년 8.8. ~ 17. 호우(재난지원금)","F_AVR_HGT":15.47,"F_AREA":360.25,"ADM_CD":"1168010800","F_SAT_YMD":"20220808 - 2100","F_END_YMD":null,"F_SAT_TM":"2100","F_END_TM":null,"F_RSN_DTL":"침수","F_ZONE_NM":"서울특별시 강남구 논현동 166-19 104호","INV_YR":"2022","F_YR":"2022","TYPE":"주택","layer":"재난지원금 풍수해보험금 침수위 최종","path":"D:/김원상/침수흔적도/풍수해보험금 대상/재난지원금 풍수해보험금 침수위 최종.shp"},"geometry":{"type":"Polygon","coordinates":[[[127.02457522950415,37.50794297254079],[127.02472272703746,37.50798898463168],[127.02482614690213,37.507772454562414],[127.02467887584866,37.50772617225523],[127.02457522950415,37.50794297254079]]]}},{"type":"Feature","properties":{"OBJECTID":null,"GU_NAM":"강남구","F_SHIM":0.2,"F_DISA_NM":"2022년 8.8. ~ 17. 호우(재난지원금)","F_AVR_HGT":15.47,"F_AREA":361.92,"ADM_CD":"1168010800","F_SAT_YMD":"20220817 - 0000","F_END_YMD":null,"F_SAT_TM":"0000","F_END_TM":null,"F_RSN_DTL":"침수","F_ZONE_NM":"서울특별시 강남구 논현동 166-18 B04호","INV_YR":"2022","F_YR":"2022","TYPE":"주택","layer":"재난지원금 풍수해보험금 침수위 최종","path":"D:/김원상/침수흔적도/풍수해보험금 대상/재난지원금 풍수해보험금 침수위 최종.shp"},"geometry":{"type":"Polygon","coordinates":[[[127.02472272703746,37.50798898463168],[127.02487180827544,37.50803535662394],[127.02497375749519,37.50781891681769],[127.02482614690213,37.507772454562414],[127.02472272703746,37.50798898463168]]]}},{"type":"Feature","properties":{"OBJECTID":null,"GU_NAM":"강남구","F_SHIM":0.2,"F_DISA_NM":"2022년 8.8. ~ 17. 호우(재난지원금)","F_AVR_HGT":16.07,"F_AREA":166.61,"ADM_CD":"1168010800","F_SAT_YMD":"20220812 - 0000","F_END_YMD":null,"F_SAT_TM":"0000","F_END_TM":null,"F_RSN_DTL":"침수","F_ZONE_NM":"서울특별시 강남구 논현동 167-10 왕도빌라 지층동 101호","INV_YR":"2022","F_YR":"2022","TYPE":"주택","layer":"재난지원금 풍수해보험금 침수위 최종","path":"D:/김원상/침수흔적도/풍수해보험금 대상/재난지원금 풍수해보험금 침수위 최종.shp"},"geometry":{"type":"Polygon","coordinates":[[[127.02483461819594,37.50773632288857],[127.02497815668451,37.50778143444606],[127.02502766249032,37.50767880098163],[127.02488276705023,37.50763396005118],[127.02483461819594,37.50773632288857]]]}},{"type":"Feature","properties":{"OBJECTID":null,"GU_NAM":"강남구","F_SHIM":0.2,"F_DISA_NM":"2022년 8.8. ~ 17. 호우(재난지원금)","F_AVR_HGT":15.47,"F_AREA":286.37,"ADM_CD":"1168010800","F_SAT_YMD":"20220808 - 2100","F_END_YMD":null,"F_SAT_TM":"2100","F_END_TM":null,"F_RSN_DTL":"침수","F_ZONE_NM":"서울특별시 강남구 논현동 166-16 B102호","INV_YR":"2022","F_YR":"2022","TYPE":"주택","layer":"재난지원금 풍수해보험금 침수위 최종","path":"D:/김원상/침수흔적도/풍수해보험금 대상/재난지원금 풍수해보험금 침수위 최종.shp"},"geometry":{"type":"Polygon","coordinates":[[[127.02498853974157,37.50807182388714],[127.02510549749472,37.50810820088986],[127.02520869055847,37.507892751732534],[127.02509026250104,37.5078554741265],[127.02498853974157,37.50807182388714]]]}},{"type":"Feature","properties":{"OBJECTID":null,"GU_NAM":"강남구","F_SHIM":0.2,"F_DISA_NM":"2022년 8.8. ~ 17. 호우(재난지원금)","F_AVR_HGT":15.47,"F_AREA":310.65,"ADM_CD":"1168010800","F_SAT_YMD":"20220808 - 2200","F_END_YMD":null,"F_SAT_TM":"2200","F_END_TM":null,"F_RSN_DTL":"침수","F_ZONE_NM":"서울특별시 강남구 논현동 166-9 지하1층","INV_YR":"2022","F_YR":"2022","TYPE":"주택","layer":"재난지원금 풍수해보험금 침수위 최종","path":"D:/김원상/침수흔적도/풍수해보험금 대상/재난지원금 풍수해보험금 침수위 최종.shp"},"geometry":{"type":"Polygon","coordinates":[[[127.0250637016578,37.508272190771294],[127.02507762083243,37.508296785227],[127.02521064061226,37.50833712330843],[127.0252903226922,37.50816582767877],[127.02511601693016,37.50811153247962],[127.0250850476695,37.508176410482],[127.02510619963135,37.50818298354178],[127.0250637016578,37.508272190771294]]]}},{"type":"Feature","properties":{"OBJECTID":null,"GU_NAM":"강남구","F_SHIM":0.2,"F_DISA_NM":"2022년 8.8. ~ 17. 호우(재난지원금)","F_AVR_HGT":15.47,"F_AREA":215.6,"ADM_CD":"1168010800","F_SAT_YMD":"20220808 - 2000","F_END_YMD":null,"F_SAT_TM":"2000","F_END_TM":null,"F_RSN_DTL":"침수","F_ZONE_NM":"서울특별시 강남구 논현동 166-15   b01","INV_YR":"2022","F_YR":"2022","TYPE":"주택","layer":"재난지원금 풍수해보험금 침수위 최종","path":"D:/김원상/침수흔적도/풍수해보험금 대상/재난지원금 풍수해보험금 침수위 최종.shp"},"geometry":{"type":"Polygon","coordinates":[[[127.02515082111277,37.508013496992724],[127.02530635047046,37.50806320083692],[127.02536817837087,37.507942905201176],[127.02520869055847,37.507892751732534],[127.02515082111277,37.508013496992724]]]}},{"type":"Feature","properties":{"OBJECTID":null,"GU_NAM":"강남구","F_SHIM":0.2,"F_DISA_NM":"2022년 8.8. ~ 17. 호우(재난지원금)","F_AVR_HGT":15.47,"F_AREA":230.6,"ADM_CD":"1168010800","F_SAT_YMD":"20220817 - 0000","F_END_YMD":null,"F_SAT_TM":"0000","F_END_TM":null,"F_RSN_DTL":"침수","F_ZONE_NM":"서울특별시 강남구 논현동 167-13 B102호","INV_YR":"2022","F_YR":"2022","TYPE":"주택","layer":"재난지원금 풍수해보험금 침수위 최종","path":"D:/김원상/침수흔적도/풍수해보험금 대상/재난지원금 풍수해보험금 침수위 최종.shp"},"geometry":{"type":"Polygon","coordinates":[[[127.0251645646984,37.50784005221797],[127.025372351169,37.50790542286136],[127.02541959565664,37.507806393681754],[127.02521350626671,37.50774210397696],[127.0251645646984,37.50784005221797]]]}},{"type":"Feature","properties":{"OBJECTID":null,"GU_NAM":"강남구","F_SHIM":0.2,"F_DISA_NM":"2022년 8.8. ~ 17. 호우(재난지원금)","F_AVR_HGT":17.11,"F_AREA":245.93,"ADM_CD":"1168010800","F_SAT_YMD":"20220811 - 0000","F_END_YMD":null,"F_SAT_TM":"0000","F_END_TM":null,"F_RSN_DTL":"침수","F_ZONE_NM":"서울특별시 강남구 논현동 166-13 B01호","INV_YR":"2022","F_YR":"2022","TYPE":"주택","layer":"재난지원금 풍수해보험금 침수위 최종","path":"D:/김원상/침수흔적도/풍수해보험금 대상/재난지원금 풍수해보험금 침수위 최종.shp"},"geometry":{"type":"Polygon","coordinates":[[[127.02534423848438,37.50806076050758],[127.02555270392459,37.50812486929777],[127.02558988899521,37.50804656504285],[127.02556702941786,37.50800539411267],[127.02539973661668,37.50795280979796],[127.02534423848438,37.50806076050758]]]}},{"type":"Feature","properties":{"OBJECTID":null,"GU_NAM":"강남구","F_SHIM":0.2,"F_DISA_NM":"2022년 8.8. ~ 17. 호우(재난지원금)","F_AVR_HGT":17.92,"F_AREA":219.54,"ADM_CD":"1168010800","F_SAT_YMD":"20220811 - 0000","F_END_YMD":null,"F_SAT_TM":"0000","F_END_TM":null,"F_RSN_DTL":"침수","F_ZONE_NM":"서울특별시 강남구 논현동 160-13   B102","INV_YR":"2022","F_YR":"2022","TYPE":"주택","layer":"재난지원금 풍수해보험금 침수위 최종","path":"D:/김원상/침수흔적도/풍수해보험금 대상/재난지원금 풍수해보험금 침수위 최종.shp"},"geometry":{"type":"Polygon","coordinates":[[[127.02565966493238,37.50872635338491],[127.02580207441406,37.50877029286747],[127.0258677419708,37.5086327871447],[127.02572555917706,37.50858965859149],[127.02565966493238,37.50872635338491]]]}},{"type":"Feature","properties":{"OBJECTID":null,"GU_NAM":"강남구","F_SHIM":0.2,"F_DISA_NM":"2022년 8.8. ~ 17. 호우(재난지원금)","F_AVR_HGT":18.04,"F_AREA":215.18,"ADM_CD":"1168010800","F_SAT_YMD":"20220826 - 1720","F_END_YMD":null,"F_SAT_TM":"1720","F_END_TM":null,"F_RSN_DTL":"침수","F_ZONE_NM":"서울특별시 강남구 논현동 181 B102호","INV_YR":"2022","F_YR":"2022","TYPE":"주택","layer":"재난지원금 풍수해보험금 침수위 최종","path":"D:/김원상/침수흔적도/풍수해보험금 대상/재난지원금 풍수해보험금 침수위 최종.shp"},"geometry":{"type":"Polygon","coordinates":[[[127.02602494786004,37.50757804696059],[127.02609750774222,37.50742432169534],[127.025969692168,37.50738542512517],[127.02591046825322,37.50750959483897],[127.02593366713873,37.50755067553628],[127.02602494786004,37.50757804696059]]]}},{"type":"Feature","properties":{"OBJECTID":null,"GU_NAM":"강남구","F_SHIM":0.2,"F_DISA_NM":"2022년 8.8. ~ 17. 호우(재난지원금)","F_AVR_HGT":16.29,"F_AREA":318.91,"ADM_CD":"1168010800","F_SAT_YMD":"20220816 - 0000","F_END_YMD":null,"F_SAT_TM":"0000","F_END_TM":null,"F_RSN_DTL":"침수","F_ZONE_NM":"서울특별시 강남구 논현동 161-13 다가구주택(16가구) 지하 101호","INV_YR":"2022","F_YR":"2022","TYPE":"주택","layer":"재난지원금 풍수해보험금 침수위 최종","path":"D:/김원상/침수흔적도/풍수해보험금 대상/재난지원금 풍수해보험금 침수위 최종.shp"},"geometry":{"type":"Polygon","coordinates":[[[127.02434649556314,37.5089114991291],[127.0244784980383,37.50895156792797],[127.024578187989,37.508736390332146],[127.02444528096993,37.50869614161925],[127.02434649556314,37.5089114991291]]]}},{"type":"Feature","properties":{"OBJECTID":null,"GU_NAM":"강남구","F_SHIM":0.2,"F_DISA_NM":"2022년 8.8. ~ 17. 호우(재난지원금)","F_AVR_HGT":16.29,"F_AREA":205.08,"ADM_CD":"1168010800","F_SAT_YMD":"20220808 - 2100","F_END_YMD":null,"F_SAT_TM":"2100","F_END_TM":null,"F_RSN_DTL":"침수","F_ZONE_NM":"서울특별시 강남구 논현동 162-1 B102호","INV_YR":"2022","F_YR":"2022","TYPE":"주택","layer":"재난지원금 풍수해보험금 침수위 최종","path":"D:/김원상/침수흔적도/풍수해보험금 대상/재난지원금 풍수해보험금 침수위 최종.shp"},"geometry":{"type":"Polygon","coordinates":[[[127.0244111783303,37.50850297438516],[127.02435048112359,37.508628765374475],[127.02449469922655,37.50867252588486],[127.02455664037174,37.508546824679534],[127.0244111783303,37.50850297438516]]]}},{"type":"Feature","properties":{"OBJECTID":null,"GU_NAM":"강남구","F_SHIM":0.2,"F_DISA_NM":"2022년 8.8. ~ 17. 호우(재난지원금)","F_AVR_HGT":16.29,"F_AREA":325.77,"ADM_CD":"1168010800","F_SAT_YMD":"20220819 - 1958","F_END_YMD":null,"F_SAT_TM":"1958","F_END_TM":null,"F_RSN_DTL":"침수","F_ZONE_NM":"서울특별시 강남구 논현동 161-12 신성빌라 102호","INV_YR":"2022","F_YR":"2022","TYPE":"주택","layer":"재난지원금 풍수해보험금 침수위 최종","path":"D:/김원상/침수흔적도/풍수해보험금 대상/재난지원금 풍수해보험금 침수위 최종.shp"},"geometry":{"type":"Polygon","coordinates":[[[127.0244784980383,37.50895156792797],[127.02461423336217,37.50899271704612],[127.02471301807876,37.508777269215834],[127.024578187989,37.508736390332146],[127.0244784980383,37.50895156792797]]]}},{"type":"Feature","properties":{"OBJECTID":null,"GU_NAM":"강남구","F_SHIM":0.2,"F_DISA_NM":"2022년 8.8. ~ 17. 호우(재난지원금)","F_AVR_HGT":16.29,"F_AREA":173.92,"ADM_CD":"1168010800","F_SAT_YMD":"20220817 - 0000","F_END_YMD":null,"F_SAT_TM":"0000","F_END_TM":null,"F_RSN_DTL":"침수","F_ZONE_NM":"서울특별시 강남구 논현동 162-2 B102호","INV_YR":"2022","F_YR":"2022","TYPE":"주택","layer":"재난지원금 풍수해보험금 침수위 최종","path":"D:/김원상/침수흔적도/풍수해보험금 대상/재난지원금 풍수해보험금 침수위 최종.shp"},"geometry":{"type":"Polygon","coordinates":[[[127.02469555051545,37.508615994107856],[127.02454545026158,37.50856944189706],[127.02449469922655,37.50867252588486],[127.02464468621992,37.50871799698462],[127.02469555051545,37.508615994107856]]]}},{"type":"Feature","properties":{"OBJECTID":null,"GU_NAM":"강남구","F_SHIM":0.2,"F_DISA_NM":"2022년 8.8. ~ 17. 호우(재난지원금)","F_AVR_HGT":15.47,"F_AREA":174.1,"ADM_CD":"1168010800","F_SAT_YMD":"20220816 - 0000","F_END_YMD":null,"F_SAT_TM":"0000","F_END_TM":null,"F_RSN_DTL":"침수","F_ZONE_NM":"서울특별시 강남구 논현동 162-3 102호","INV_YR":"2022","F_YR":"2022","TYPE":"주택","layer":"재난지원금 풍수해보험금 침수위 최종","path":"D:/김원상/침수흔적도/풍수해보험금 대상/재난지원금 풍수해보험금 침수위 최종.shp"},"geometry":{"type":"Polygon","coordinates":[[[127.02454545026158,37.50856944189706],[127.02469555051545,37.508615994107856],[127.02472889478642,37.50854904345163],[127.02475004676639,37.50855543637526],[127.02476564506345,37.508524078595705],[127.02459348844148,37.50847194459976],[127.02454545026158,37.50856944189706]]]}},{"type":"Feature","properties":{"OBJECTID":null,"GU_NAM":"강남구","F_SHIM":0.2,"F_DISA_NM":"2022년 8.8. ~ 17. 호우(재난지원금)","F_AVR_HGT":16.07,"F_AREA":243.57,"ADM_CD":"1168010800","F_SAT_YMD":"20220811 - 0000","F_END_YMD":null,"F_SAT_TM":"0000","F_END_TM":null,"F_RSN_DTL":"침수","F_ZONE_NM":"서울특별시 강남구 논현동 166-21   B03호","INV_YR":"2022","F_YR":"2022","TYPE":"주택","layer":"재난지원금 풍수해보험금 침수위 최종","path":"D:/김원상/침수흔적도/풍수해보험금 대상/재난지원금 풍수해보험금 침수위 최종.shp"},"geometry":{"type":"Polygon","coordinates":[[[127.02430362145981,37.50776760102328],[127.02446061991462,37.507816855200986],[127.02452764607999,37.50767862913866],[127.02437313626746,37.507630005265675],[127.02430362145981,37.50776760102328]]]}},{"type":"Feature","properties":{"OBJECTID":null,"GU_NAM":"강남구","F_SHIM":0.2,"F_DISA_NM":"2022년 8.8. ~ 17. 호우(재난지원금)","F_AVR_HGT":15.18,"F_AREA":345.9,"ADM_CD":"1168010800","F_SAT_YMD":"20220808 - 2200","F_END_YMD":null,"F_SAT_TM":"2200","F_END_TM":null,"F_RSN_DTL":"침수","F_ZONE_NM":"서울특별시 강남구 논현동 163-19   B02호","INV_YR":"2022","F_YR":"2022","TYPE":"주택","layer":"재난지원금 풍수해보험금 침수위 최종","path":"D:/김원상/침수흔적도/풍수해보험금 대상/재난지원금 풍수해보험금 침수위 최종.shp"},"geometry":{"type":"Polygon","coordinates":[[[127.02395373629075,37.50830430211503],[127.02392333185512,37.508370531199766],[127.02386127744379,37.508498754891185],[127.02399746415063,37.50854035513465],[127.02407206329187,37.508381134665505],[127.0242089292739,37.508425257329186],[127.02422475326338,37.508391556983604],[127.02395373629075,37.50830430211503]]]}},{"type":"Feature","properties":{"OBJECTID":null,"GU_NAM":"강남구","F_SHIM":0.2,"F_DISA_NM":"2022년 8.8. ~ 17. 호우(재난지원금)","F_AVR_HGT":15.47,"F_AREA":284.69,"ADM_CD":"1168010800","F_SAT_YMD":"20220811 - 0000","F_END_YMD":null,"F_SAT_TM":"0000","F_END_TM":null,"F_RSN_DTL":"침수","F_ZONE_NM":"서울특별시 강남구 논현동 162-14   B01호","INV_YR":"2022","F_YR":"2022","TYPE":"주택","layer":"재난지원금 풍수해보험금 침수위 최종","path":"D:/김원상/침수흔적도/풍수해보험금 대상/재난지원금 풍수해보험금 침수위 최종.shp"},"geometry":{"type":"Polygon","coordinates":[[[127.02433545472373,37.50831017558086],[127.02432358679685,37.50833549590158],[127.02447040589882,37.508380066839436],[127.0244111783303,37.50850297438516],[127.02455664037174,37.508546824679534],[127.02462920614627,37.508399407322145],[127.02433545472373,37.50831017558086]]]}},{"type":"Feature","properties":{"OBJECTID":null,"GU_NAM":"강남구","F_SHIM":0.2,"F_DISA_NM":"2022년 8.8. ~ 17. 호우(재난지원금)","F_AVR_HGT":15.18,"F_AREA":173.81,"ADM_CD":"1168010800","F_SAT_YMD":"20220812 - 0000","F_END_YMD":null,"F_SAT_TM":"0000","F_END_TM":null,"F_RSN_DTL":"침수","F_ZONE_NM":"서울특별시 강남구 논현동 163-7 지하B01호","INV_YR":"2022","F_YR":"2022","TYPE":"주택","layer":"재난지원금 풍수해보험금 침수위 최종","path":"D:/김원상/침수흔적도/풍수해보험금 대상/재난지원금 풍수해보험금 침수위 최종.shp"},"geometry":{"type":"Polygon","coordinates":[[[127.02381135077502,37.50833433228861],[127.02378963937379,37.50834794144591],[127.02379665537565,37.50836046398763],[127.02374420810564,37.50846751236549],[127.02385924287859,37.50850298996397],[127.02392333185512,37.508370531199766],[127.02381135077502,37.50833433228861]]]}},{"type":"Feature","properties":{"OBJECTID":null,"GU_NAM":"강남구","F_SHIM":0.2,"F_DISA_NM":"2022년 8.8. ~ 17. 호우(재난지원금)","F_AVR_HGT":15.18,"F_AREA":244.38,"ADM_CD":"1168010800","F_SAT_YMD":"20220808 - 2200","F_END_YMD":null,"F_SAT_TM":"2200","F_END_TM":null,"F_RSN_DTL":"침수","F_ZONE_NM":"서울특별시 강남구 논현동 163-20 지층101호","INV_YR":"2022","F_YR":"2022","TYPE":"주택","layer":"재난지원금 풍수해보험금 침수위 최종","path":"D:/김원상/침수흔적도/풍수해보험금 대상/재난지원금 풍수해보험금 침수위 최종.shp"},"geometry":{"type":"Polygon","coordinates":[[[127.02407206329187,37.508381134665505],[127.02399746415063,37.50854035513465],[127.02413500836414,37.5085824054596],[127.0242089292739,37.508425257329186],[127.02407206329187,37.508381134665505]]]}},{"type":"Feature","properties":{"OBJECTID":null,"GU_NAM":"강남구","F_SHIM":0.2,"F_DISA_NM":"2022년 8.8. ~ 17. 호우(재난지원금)","F_AVR_HGT":15.32,"F_AREA":274.88,"ADM_CD":"1168010800","F_SAT_YMD":"20220811 - 0000","F_END_YMD":null,"F_SAT_TM":"0000","F_END_TM":null,"F_RSN_DTL":"침수","F_ZONE_NM":"서울특별시 강남구 논현동 165-16 지층","INV_YR":"2022","F_YR":"2022","TYPE":"주택","layer":"재난지원금 풍수해보험금 침수위 최종","path":"D:/김원상/침수흔적도/풍수해보험금 대상/재난지원금 풍수해보험금 침수위 최종.shp"},"geometry":{"type":"Polygon","coordinates":[[[127.02390642302106,37.507044446190385],[127.0238506989288,37.50715816264305],[127.02406820873988,37.50722290305125],[127.02412178417741,37.507110898803994],[127.02390642302106,37.507044446190385]]]}},{"type":"Feature","properties":{"OBJECTID":null,"GU_NAM":"강남구","F_SHIM":0.2,"F_DISA_NM":"2022년 8.8. ~ 17. 호우(재난지원금)","F_AVR_HGT":15.32,"F_AREA":203.58,"ADM_CD":"1168010800","F_SAT_YMD":"20220811 - 0000","F_END_YMD":null,"F_SAT_TM":"0000","F_END_TM":null,"F_RSN_DTL":"침수","F_ZONE_NM":"서울특별시 강남구 논현동 167-2   지하 3호","INV_YR":"2022","F_YR":"2022","TYPE":"주택","layer":"재난지원금 풍수해보험금 침수위 최종","path":"D:/김원상/침수흔적도/풍수해보험금 대상/재난지원금 풍수해보험금 침수위 최종.shp"},"geometry":{"type":"Polygon","coordinates":[[[127.02426827061294,37.50755830610125],[127.02431034787557,37.50757154265444],[127.02440653742464,37.50737943136729],[127.0242727277773,37.50733810142837],[127.02422651146411,37.5074377426381],[127.02422039221851,37.50743595983907],[127.0242174534214,37.507441906988014],[127.02430511363782,37.507467478442294],[127.02427380595371,37.50753668109293],[127.024265906594,37.50755755872852],[127.02426827061294,37.50755830610125]]]}},{"type":"Feature","properties":{"OBJECTID":null,"GU_NAM":"강남구","F_SHIM":0.2,"F_DISA_NM":"2022년 8.8. ~ 17. 호우(재난지원금)","F_AVR_HGT":16.07,"F_AREA":91.56,"ADM_CD":"1168010800","F_SAT_YMD":"20220817 - 0000","F_END_YMD":null,"F_SAT_TM":"0000","F_END_TM":null,"F_RSN_DTL":"침수","F_ZONE_NM":"서울특별시 강남구 논현동 167-27   101호","INV_YR":"2022","F_YR":"2022","TYPE":"주택","layer":"재난지원금 풍수해보험금 침수위 최종","path":"D:/김원상/침수흔적도/풍수해보험금 대상/재난지원금 풍수해보험금 침수위 최종.shp"},"geometry":{"type":"Polygon","coordinates":[[[127.02439386903436,37.50737546943179],[127.02453932920974,37.50742040095366],[127.02455809144087,37.507380212802175],[127.02454021995261,37.5073746301014],[127.02454892293655,37.50735606785401],[127.02442167391762,37.50731761999676],[127.02439386903436,37.50737546943179]]]}},{"type":"Feature","properties":{"OBJECTID":null,"GU_NAM":"강남구","F_SHIM":0.2,"F_DISA_NM":"2022년 8.8. ~ 17. 호우(재난지원금)","F_AVR_HGT":16.07,"F_AREA":234.31,"ADM_CD":"1168010800","F_SAT_YMD":"20220808 - 2200","F_END_YMD":null,"F_SAT_TM":"2200","F_END_TM":null,"F_RSN_DTL":"침수","F_ZONE_NM":"서울특별시 강남구 논현동 182-2 다가구주택(10가구) B02호","INV_YR":"2022","F_YR":"2022","TYPE":"주택","layer":"재난지원금 풍수해보험금 침수위 최종","path":"D:/김원상/침수흔적도/풍수해보험금 대상/재난지원금 풍수해보험금 침수위 최종.shp"},"geometry":{"type":"Polygon","coordinates":[[[127.02443540069181,37.50708407874572],[127.02448445493589,37.506983247579655],[127.02464416619426,37.50703232079321],[127.02468700117407,37.50693635614708],[127.0245740045304,37.50690196014436],[127.02457151790165,37.50690700621672],[127.02449607386131,37.50688440587432],[127.02440372989467,37.50707435411115],[127.02443540069181,37.50708407874572]]]}},{"type":"Feature","properties":{"OBJECTID":null,"GU_NAM":"강남구","F_SHIM":0.2,"F_DISA_NM":"2022년 8.8. ~ 17. 호우(재난지원금)","F_AVR_HGT":16.07,"F_AREA":87.4,"ADM_CD":"1168010800","F_SAT_YMD":"20220808 - 2200","F_END_YMD":null,"F_SAT_TM":"2200","F_END_TM":null,"F_RSN_DTL":"침수","F_ZONE_NM":"서울특별시 강남구 논현동 167-26 다가구용단독주택(4가구) 지층101호","INV_YR":"2022","F_YR":"2022","TYPE":"주택","layer":"재난지원금 풍수해보험금 침수위 최종","path":"D:/김원상/침수흔적도/풍수해보험금 대상/재난지원금 풍수해보험금 침수위 최종.shp"},"geometry":{"type":"Polygon","coordinates":[[[127.02453932920974,37.50742040095366],[127.02467641932772,37.50746263094448],[127.02470399768617,37.50740433098949],[127.02458048079944,37.507365882571],[127.0245717778222,37.50738444482069],[127.02455809144087,37.507380212802175],[127.02453932920974,37.50742040095366]]]}},{"type":"Feature","properties":{"OBJECTID":null,"GU_NAM":"서초구","F_SHIM":0.2,"F_DISA_NM":"2022년 8.8. ~ 17. 호우(재난지원금)","F_AVR_HGT":15.41,"F_AREA":147.48,"ADM_CD":"1165010700","F_SAT_YMD":"20220808 - 2100","F_END_YMD":null,"F_SAT_TM":"2100","F_END_TM":null,"F_RSN_DTL":"침수(기타)","F_ZONE_NM":"서울특별시 서초구 반포동 724-34   102호","INV_YR":"2022","F_YR":"2022","TYPE":"주택","layer":"재난지원금 풍수해보험금 침수위 최종","path":"D:/김원상/침수흔적도/풍수해보험금 대상/재난지원금 풍수해보험금 침수위 최종.shp"},"geometry":{"type":"Polygon","coordinates":[[[127.02145153208916,37.50763179581156],[127.02156270650262,37.50757791536302],[127.02160216201487,37.50755878949235],[127.02162500520929,37.50750533842895],[127.0215216121449,37.5074741093863],[127.02151043691863,37.507470552337686],[127.02143824948466,37.507614336719165],[127.02145153208916,37.50763179581156]]]}},{"type":"Feature","properties":{"OBJECTID":null,"GU_NAM":"서초구","F_SHIM":0.2,"F_DISA_NM":"2022년 8.8. ~ 17. 호우(재난지원금)","F_AVR_HGT":16.51,"F_AREA":286.8,"ADM_CD":"1165010800","F_SAT_YMD":"20220817 - 1115","F_END_YMD":null,"F_SAT_TM":"1115","F_END_TM":null,"F_RSN_DTL":"침수","F_ZONE_NM":"서울특별시 서초구 서초동 1658-21 지하 103호","INV_YR":"2022","F_YR":"2022","TYPE":"주택","layer":"재난지원금 풍수해보험금 침수위 최종","path":"D:/김원상/침수흔적도/풍수해보험금 대상/재난지원금 풍수해보험금 침수위 최종.shp"},"geometry":{"type":"Polygon","coordinates":[[[127.0155317258497,37.492778781451655],[127.01561289480577,37.49278782684365],[127.01563525234435,37.49267857793915],[127.0157349891173,37.492690567296684],[127.01575362678547,37.49258440924523],[127.01572117285806,37.49258082717203],[127.01556784786908,37.492563834628676],[127.01554964004947,37.492672191039844],[127.0155317258497,37.492778781451655]]]}},{"type":"Feature","properties":{"OBJECTID":null,"GU_NAM":"강남구","F_SHIM":0.2,"F_DISA_NM":"2022년 8.8. ~ 17. 호우(재난지원금)","F_AVR_HGT":52.08,"F_AREA":263.43,"ADM_CD":"1168010100","F_SAT_YMD":"20220812 - 0000","F_END_YMD":null,"F_SAT_TM":"0000","F_END_TM":null,"F_RSN_DTL":"침수","F_ZONE_NM":"서울특별시 강남구 역삼동 626-16 B02호","INV_YR":"2022","F_YR":"2022","TYPE":"주택","layer":"재난지원금 풍수해보험금 침수위 최종","path":"D:/김원상/침수흔적도/풍수해보험금 대상/재난지원금 풍수해보험금 침수위 최종.shp"},"geometry":{"type":"Polygon","coordinates":[[[127.03259229153987,37.504203166047475],[127.0327321584674,37.5041271750333],[127.03261912182086,37.50399502842455],[127.03248117853018,37.50407318119783],[127.03259229153987,37.504203166047475]]]}},{"type":"Feature","properties":{"OBJECTID":null,"GU_NAM":"강남구","F_SHIM":0.2,"F_DISA_NM":"2022년 8.8. ~ 17. 호우(재난지원금)","F_AVR_HGT":52.08,"F_AREA":419.92,"ADM_CD":"1168010100","F_SAT_YMD":"20220812 - 0000","F_END_YMD":null,"F_SAT_TM":"0000","F_END_TM":null,"F_RSN_DTL":"침수","F_ZONE_NM":"서울특별시 강남구 역삼동 608-25 용상빌라 .동 .호","INV_YR":"2022","F_YR":"2022","TYPE":"주택","layer":"재난지원금 풍수해보험금 침수위 최종","path":"D:/김원상/침수흔적도/풍수해보험금 대상/재난지원금 풍수해보험금 침수위 최종.shp"},"geometry":{"type":"Polygon","coordinates":[[[127.03297460126986,37.504318753015525],[127.0330806237026,37.50444279216851],[127.03331626026788,37.504314877350346],[127.0332102376265,37.5041908384062],[127.03297460126986,37.504318753015525]]]}},{"type":"Feature","properties":{"OBJECTID":null,"GU_NAM":"강남구","F_SHIM":0.2,"F_DISA_NM":"2022년 8.8. ~ 17. 호우(재난지원금)","F_AVR_HGT":56.55,"F_AREA":205.77,"ADM_CD":"1168010100","F_SAT_YMD":"20220809 - 0200","F_END_YMD":null,"F_SAT_TM":"0200","F_END_TM":null,"F_RSN_DTL":"침수(도로범람유입)","F_ZONE_NM":"서울특별시 강남구 역삼동 626-10   B02호","INV_YR":"2022","F_YR":"2022","TYPE":"주택","layer":"재난지원금 풍수해보험금 침수위 최종","path":"D:/김원상/침수흔적도/풍수해보험금 대상/재난지원금 풍수해보험금 침수위 최종.shp"},"geometry":{"type":"Polygon","coordinates":[[[127.03207612690738,37.50448342099648],[127.03221599488108,37.504407430596615],[127.03212841730274,37.50430509994223],[127.03198854943109,37.50438109023971],[127.03207612690738,37.50448342099648]]]}},{"type":"Feature","properties":{"OBJECTID":null,"GU_NAM":"강남구","F_SHIM":0.2,"F_DISA_NM":"2022년 8.8. ~ 17. 호우(재난지원금)","F_AVR_HGT":59.27,"F_AREA":309.93,"ADM_CD":"1168010100","F_SAT_YMD":"20220812 - 0000","F_END_YMD":null,"F_SAT_TM":"0000","F_END_TM":null,"F_RSN_DTL":"침수","F_ZONE_NM":"서울특별시 강남구 역삼동 613-16   다세대연립 102호","INV_YR":"2022","F_YR":"2022","TYPE":"주택","layer":"재난지원금 풍수해보험금 침수위 최종","path":"D:/김원상/침수흔적도/풍수해보험금 대상/재난지원금 풍수해보험금 침수위 최종.shp"},"geometry":{"type":"Polygon","coordinates":[[[127.0304869435375,37.50486431286402],[127.03059737530269,37.50499330864207],[127.03076449612458,37.50490253688817],[127.03065406420578,37.50477354126442],[127.0304869435375,37.50486431286402]]]}},{"type":"Feature","properties":{"OBJECTID":null,"GU_NAM":"강남구","F_SHIM":0.2,"F_DISA_NM":"2022년 8.8. ~ 17. 호우(재난지원금)","F_AVR_HGT":28.05,"F_AREA":236.37,"ADM_CD":"1168010100","F_SAT_YMD":"20220826 - 1647","F_END_YMD":null,"F_SAT_TM":"1647","F_END_TM":null,"F_RSN_DTL":"침수","F_ZONE_NM":"서울특별시 강남구 역삼동 601-6 다가구연립 지하101호","INV_YR":"2022","F_YR":"2022","TYPE":"주택","layer":"재난지원금 풍수해보험금 침수위 최종","path":"D:/김원상/침수흔적도/풍수해보험금 대상/재난지원금 풍수해보험금 침수위 최종.shp"},"geometry":{"type":"Polygon","coordinates":[[[127.02580913063075,37.50436810657474],[127.02604801133245,37.50443977665793],[127.02609005393803,37.504351650308834],[127.0258516257991,37.50427980001671],[127.02580913063075,37.50436810657474]]]}},{"type":"Feature","properties":{"OBJECTID":null,"GU_NAM":"강남구","F_SHIM":0.2,"F_DISA_NM":"2022년 8.8. ~ 17. 호우(재난지원금)","F_AVR_HGT":44.88,"F_AREA":237.79,"ADM_CD":"1168010100","F_SAT_YMD":"20220816 - 0000","F_END_YMD":null,"F_SAT_TM":"0000","F_END_TM":null,"F_RSN_DTL":"침수","F_ZONE_NM":"서울특별시 강남구 역삼동 663-22 지하 102호","INV_YR":"2022","F_YR":"2022","TYPE":"주택","layer":"재난지원금 풍수해보험금 침수위 최종","path":"D:/김원상/침수흔적도/풍수해보험금 대상/재난지원금 풍수해보험금 침수위 최종.shp"},"geometry":{"type":"Polygon","coordinates":[[[127.03859601618562,37.50549724949953],[127.03876840135418,37.505548281845876],[127.03882590632799,37.50542482698938],[127.03865397365753,37.50537352428421],[127.03859601618562,37.50549724949953]]]}},{"type":"Feature","properties":{"OBJECTID":null,"GU_NAM":"강남구","F_SHIM":0.2,"F_DISA_NM":"2022년 8.8. ~ 17. 호우(재난지원금)","F_AVR_HGT":46.04,"F_AREA":259.82,"ADM_CD":"1168010100","F_SAT_YMD":"20220812 - 0000","F_END_YMD":null,"F_SAT_TM":"0000","F_END_TM":null,"F_RSN_DTL":"침수","F_ZONE_NM":"서울특별시 강남구 역삼동 659-21 101호","INV_YR":"2022","F_YR":"2022","TYPE":"주택","layer":"재난지원금 풍수해보험금 침수위 최종","path":"D:/김원상/침수흔적도/풍수해보험금 대상/재난지원금 풍수해보험금 침수위 최종.shp"},"geometry":{"type":"Polygon","coordinates":[[[127.03527142070016,37.50550536410611],[127.03540557087406,37.505543257709704],[127.03545697941352,37.50543142911349],[127.03565243797321,37.5054910188564],[127.03566430162364,37.50546569738712],[127.03533593641195,37.50536641177909],[127.03527142070016,37.50550536410611]]]}},{"type":"Feature","properties":{"OBJECTID":null,"GU_NAM":"서초구","F_SHIM":0.2,"F_DISA_NM":"2022년 8.8. ~ 17. 호우(재난지원금)","F_AVR_HGT":24.17,"F_AREA":330.42,"ADM_CD":"1165010800","F_SAT_YMD":"20220808 - 1230","F_END_YMD":null,"F_SAT_TM":"1230","F_END_TM":null,"F_RSN_DTL":"침수","F_ZONE_NM":"서울특별시 서초구 서초동 1610-10 지하102호","INV_YR":"2022","F_YR":"2022","TYPE":"주택","layer":"재난지원금 풍수해보험금 침수위 최종","path":"D:/김원상/침수흔적도/풍수해보험금 대상/재난지원금 풍수해보험금 침수위 최종.shp"},"geometry":{"type":"Polygon","coordinates":[[[127.02206125557929,37.4893870296178],[127.02218972020704,37.48956106246091],[127.02220513781117,37.48958194495044],[127.02223111324142,37.489509328780265],[127.02225900938616,37.48943138735412],[127.02227517760763,37.48938624439548],[127.02231797642152,37.489266782236136],[127.02224534803582,37.4893008077658],[127.02209061679036,37.489373284252764],[127.02206897745465,37.48938341526328],[127.02206125557929,37.4893870296178]]]}},{"type":"Feature","properties":{"OBJECTID":null,"GU_NAM":"강남구","F_SHIM":0.2,"F_DISA_NM":"2022년 8.8. ~ 17. 호우(재난지원금)","F_AVR_HGT":21.99,"F_AREA":240.41,"ADM_CD":"1168010100","F_SAT_YMD":"20220809 - 0200","F_END_YMD":null,"F_SAT_TM":"0200","F_END_TM":null,"F_RSN_DTL":"침수(도로범람유입)","F_ZONE_NM":"서울특별시 강남구 역삼동 828-18 월드빌리지 1층 103호","INV_YR":"2022","F_YR":"2022","TYPE":"주택","layer":"재난지원금 풍수해보험금 침수위 최종","path":"D:/김원상/침수흔적도/풍수해보험금 대상/재난지원금 풍수해보험금 침수위 최종.shp"},"geometry":{"type":"Polygon","coordinates":[[[127.03257749470329,37.49714943185779],[127.03272305467037,37.49719831775384],[127.03278372798785,37.49707108062842],[127.0327649443236,37.4970430645234],[127.0326468673342,37.497002010132164],[127.03257749470329,37.49714943185779]]]}},{"type":"Feature","properties":{"OBJECTID":null,"GU_NAM":"강남구","F_SHIM":0.2,"F_DISA_NM":"2022년 8.8. ~ 17. 호우(재난지원금)","F_AVR_HGT":21.99,"F_AREA":542.96,"ADM_CD":"1168010100","F_SAT_YMD":"20220809 - 0200","F_END_YMD":null,"F_SAT_TM":"0200","F_END_TM":null,"F_RSN_DTL":"침수(도로범람유입)","F_ZONE_NM":"서울특별시 강남구 역삼동 828-13 지하203호","INV_YR":"2022","F_YR":"2022","TYPE":"주택","layer":"재난지원금 풍수해보험금 침수위 최종","path":"D:/김원상/침수흔적도/풍수해보험금 대상/재난지원금 풍수해보험금 침수위 최종.shp"},"geometry":{"type":"Polygon","coordinates":[[[127.03276538777396,37.49675032976234],[127.03309970408695,37.49684673787996],[127.03316817241502,37.496703280479196],[127.03283464662091,37.496602998046534],[127.03276538777396,37.49675032976234]]]}},{"type":"Feature","properties":{"OBJECTID":null,"GU_NAM":"강남구","F_SHIM":0.2,"F_DISA_NM":"2022년 8.8. ~ 17. 호우(재난지원금)","F_AVR_HGT":44.37,"F_AREA":195.17,"ADM_CD":"1168010100","F_SAT_YMD":"20220825 - 1435","F_END_YMD":null,"F_SAT_TM":"1435","F_END_TM":null,"F_RSN_DTL":"침수","F_ZONE_NM":"서울특별시 강남구 역삼동 644-8 다가구연립 지하2층호","INV_YR":"2022","F_YR":"2022","TYPE":"주택","layer":"재난지원금 풍수해보험금 침수위 최종","path":"D:/김원상/침수흔적도/풍수해보험금 대상/재난지원금 풍수해보험금 침수위 최종.shp"},"geometry":{"type":"Polygon","coordinates":[[[127.0350174098435,37.501719712382275],[127.03518611868887,37.501667676808914],[127.03513631259001,37.501565157366045],[127.0349676039406,37.501617192869105],[127.0350174098435,37.501719712382275]]]}},{"type":"Feature","properties":{"OBJECTID":null,"GU_NAM":"강남구","F_SHIM":0.2,"F_DISA_NM":"2022년 8.8. ~ 17. 호우(재난지원금)","F_AVR_HGT":38.25,"F_AREA":426.92,"ADM_CD":"1168010100","F_SAT_YMD":"20220812 - 0000","F_END_YMD":null,"F_SAT_TM":"0000","F_END_TM":null,"F_RSN_DTL":"침수","F_ZONE_NM":"서울특별시 강남구 역삼동 644-13 흥명빌라 가동 지층호","INV_YR":"2022","F_YR":"2022","TYPE":"주택","layer":"재난지원금 풍수해보험금 침수위 최종","path":"D:/김원상/침수흔적도/풍수해보험금 대상/재난지원금 풍수해보험금 침수위 최종.shp"},"geometry":{"type":"Polygon","coordinates":[[[127.03440361750957,37.50135723294843],[127.03470502158002,37.50139616189608],[127.03471021003647,37.501365166089364],[127.0346396903865,37.50122003501884],[127.03442842882085,37.50120081269338],[127.03440361750957,37.50135723294843]]]}},{"type":"Feature","properties":{"OBJECTID":null,"GU_NAM":"강남구","F_SHIM":0.2,"F_DISA_NM":"2022년 8.8. ~ 17. 호우(재난지원금)","F_AVR_HGT":36.61,"F_AREA":560.14,"ADM_CD":"1168010100","F_SAT_YMD":"20220816 - 0000","F_END_YMD":null,"F_SAT_TM":"0000","F_END_TM":null,"F_RSN_DTL":"침수","F_ZONE_NM":"서울특별시 강남구 역삼동 645 반지하 105호","INV_YR":"2022","F_YR":"2022","TYPE":"주택","layer":"재난지원금 풍수해보험금 침수위 최종","path":"D:/김원상/침수흔적도/풍수해보험금 대상/재난지원금 풍수해보험금 침수위 최종.shp"},"geometry":{"type":"Polygon","coordinates":[[[127.0333099133758,37.501615668418786],[127.03339849184401,37.50168177783581],[127.03344711193907,37.501660320941006],[127.03362293560338,37.50158287751874],[127.03359340060258,37.50154026831303],[127.03358683731643,37.50153089971054],[127.03345823600519,37.50149138071685],[127.0332460498438,37.50142629570376],[127.03320842410425,37.50150559367195],[127.03322122193468,37.501549468865015],[127.0333099133758,37.501615668418786]]]}},{"type":"Feature","properties":{"OBJECTID":null,"GU_NAM":"강남구","F_SHIM":0.2,"F_DISA_NM":"2022년 8.8. ~ 17. 호우(재난지원금)","F_AVR_HGT":41.93,"F_AREA":210.88,"ADM_CD":"1168010100","F_SAT_YMD":"20220809 - 0200","F_END_YMD":null,"F_SAT_TM":"0200","F_END_TM":null,"F_RSN_DTL":"침수(도로범람유입)","F_ZONE_NM":"서울특별시 강남구 역삼동 636-10   B01호","INV_YR":"2022","F_YR":"2022","TYPE":"주택","layer":"재난지원금 풍수해보험금 침수위 최종","path":"D:/김원상/침수흔적도/풍수해보험금 대상/재난지원금 풍수해보험금 침수위 최종.shp"},"geometry":{"type":"Polygon","coordinates":[[[127.0314388137471,37.501315313747035],[127.03155259689481,37.501350063416545],[127.03162954405468,37.50118164720066],[127.03151802376445,37.50114896932627],[127.0314388137471,37.501315313747035]]]}},{"type":"Feature","properties":{"OBJECTID":null,"GU_NAM":"강남구","F_SHIM":0.2,"F_DISA_NM":"2022년 8.8. ~ 17. 호우(재난지원금)","F_AVR_HGT":45.97,"F_AREA":353.27,"ADM_CD":"1168010100","F_SAT_YMD":"20220824 - 1745","F_END_YMD":null,"F_SAT_TM":"1745","F_END_TM":null,"F_RSN_DTL":"침수","F_ZONE_NM":"서울특별시 강남구 역삼동 630 다가구연립 B01호","INV_YR":"2022","F_YR":"2022","TYPE":"주택","layer":"재난지원금 풍수해보험금 침수위 최종","path":"D:/김원상/침수흔적도/풍수해보험금 대상/재난지원금 풍수해보험금 침수위 최종.shp"},"geometry":{"type":"Polygon","coordinates":[[[127.03191262635248,37.50289707570202],[127.03206746958149,37.5029432569724],[127.03214611405201,37.50277592122479],[127.03195654672761,37.50271767563099],[127.03188987800523,37.50285599603066],[127.03191262635248,37.50289707570202]]]}},{"type":"Feature","properties":{"OBJECTID":null,"GU_NAM":"서초구","F_SHIM":0.2,"F_DISA_NM":"2022년 8.8. ~ 17. 호우(재난지원금)","F_AVR_HGT":21.89,"F_AREA":169.71,"ADM_CD":"1165010700","F_SAT_YMD":"20220808 - 1458","F_END_YMD":null,"F_SAT_TM":"1458","F_END_TM":null,"F_RSN_DTL":"침수(기타)","F_ZONE_NM":"서울특별시 서초구 반포동 721-15  빌라 102호","INV_YR":"2022","F_YR":"2022","TYPE":"주택","layer":"재난지원금 풍수해보험금 침수위 최종","path":"D:/김원상/침수흔적도/풍수해보험금 대상/재난지원금 풍수해보험금 침수위 최종.shp"},"geometry":{"type":"Polygon","coordinates":[[[127.02120566946137,37.50894630226638],[127.02124688365888,37.50885943023221],[127.02106321492968,37.50880729301649],[127.02103968113309,37.5088611945723],[127.02102777857459,37.50888843368985],[127.02120566946137,37.50894630226638]]]}},{"type":"Feature","properties":{"OBJECTID":null,"GU_NAM":"서초구","F_SHIM":0.2,"F_DISA_NM":"2022년 8.8. ~ 17. 호우(재난지원금)","F_AVR_HGT":24.92,"F_AREA":179.72,"ADM_CD":"1165010700","F_SAT_YMD":"20220808 - 2100","F_END_YMD":null,"F_SAT_TM":"2100","F_END_TM":null,"F_RSN_DTL":"침수(기타)","F_ZONE_NM":"서울특별시 서초구 반포동 712-15 B01호","INV_YR":"2022","F_YR":"2022","TYPE":"주택","layer":"재난지원금 풍수해보험금 침수위 최종","path":"D:/김원상/침수흔적도/풍수해보험금 대상/재난지원금 풍수해보험금 침수위 최종.shp"},"geometry":{"type":"Polygon","coordinates":[[[127.01804173910374,37.5083388662462],[127.0181373505813,37.508268250670255],[127.01801732769256,37.50816583309104],[127.01792124132808,37.50823699824553],[127.01802633183658,37.50832582195703],[127.01804173910374,37.5083388662462]]]}},{"type":"Feature","properties":{"OBJECTID":null,"GU_NAM":"서초구","F_SHIM":0.2,"F_DISA_NM":"2022년 8.8. ~ 17. 호우(재난지원금)","F_AVR_HGT":27.4,"F_AREA":160.71,"ADM_CD":"1165010700","F_SAT_YMD":"20220808 - 2100","F_END_YMD":null,"F_SAT_TM":"2100","F_END_TM":null,"F_RSN_DTL":"침수(기타)","F_ZONE_NM":"서울특별시 서초구 반포동 717-19 B01호","INV_YR":"2022","F_YR":"2022","TYPE":"주택","layer":"재난지원금 풍수해보험금 침수위 최종","path":"D:/김원상/침수흔적도/풍수해보험금 대상/재난지원금 풍수해보험금 침수위 최종.shp"},"geometry":{"type":"Polygon","coordinates":[[[127.0187060496958,37.50823544505894],[127.01879393543864,37.5083112872161],[127.01891043239284,37.50822533298046],[127.01882342883738,37.508149562859415],[127.0187060496958,37.50823544505894]]]}},{"type":"Feature","properties":{"OBJECTID":null,"GU_NAM":"서초구","F_SHIM":0.2,"F_DISA_NM":"2022년 8.8. ~ 17. 호우(재난지원금)","F_AVR_HGT":25.78,"F_AREA":225.67,"ADM_CD":"1165010700","F_SAT_YMD":"20220808 - 2107","F_END_YMD":null,"F_SAT_TM":"2107","F_END_TM":null,"F_RSN_DTL":"침수(기타)","F_ZONE_NM":"서울특별시 서초구 반포동 716-17 104호","INV_YR":"2022","F_YR":"2022","TYPE":"주택","layer":"재난지원금 풍수해보험금 침수위 최종","path":"D:/김원상/침수흔적도/풍수해보험금 대상/재난지원금 풍수해보험금 침수위 최종.shp"},"geometry":{"type":"Polygon","coordinates":[[[127.01954759575945,37.50793052115966],[127.01961935487527,37.50777652069426],[127.0194839537365,37.5077405915629],[127.01948318506635,37.507742312585144],[127.01941624301074,37.507893050627885],[127.01954759575945,37.50793052115966]]]}},{"type":"Feature","properties":{"OBJECTID":null,"GU_NAM":"서초구","F_SHIM":0.2,"F_DISA_NM":"2022년 8.8. ~ 17. 호우(재난지원금)","F_AVR_HGT":15.41,"F_AREA":144.47,"ADM_CD":"1165010700","F_SAT_YMD":"20220808 - 2100","F_END_YMD":null,"F_SAT_TM":"2100","F_END_TM":null,"F_RSN_DTL":"침수(기타)","F_ZONE_NM":"서울특별시 서초구 반포동 724-33  연립 B01호","INV_YR":"2022","F_YR":"2022","TYPE":"주택","layer":"재난지원금 풍수해보험금 침수위 최종","path":"D:/김원상/침수흔적도/풍수해보험금 대상/재난지원금 풍수해보험금 침수위 최종.shp"},"geometry":{"type":"Polygon","coordinates":[[[127.02169470806291,37.50767085782011],[127.02174715940487,37.50757011731978],[127.02179963081929,37.507585893799984],[127.02181128485343,37.507561546843625],[127.0216675003395,37.507518179413566],[127.02162500520929,37.50750533842895],[127.02160216201487,37.50755878949235],[127.0216156240668,37.507570500171354],[127.02169470806291,37.50767085782011]]]}},{"type":"Feature","properties":{"OBJECTID":null,"GU_NAM":"서초구","F_SHIM":0.2,"F_DISA_NM":"2022년 8.8. ~ 17. 호우(재난지원금)","F_AVR_HGT":17.84,"F_AREA":349.6,"ADM_CD":"1165010700","F_SAT_YMD":"20220808 - 2115","F_END_YMD":null,"F_SAT_TM":"2115","F_END_TM":null,"F_RSN_DTL":"침수(기타)","F_ZONE_NM":"서울특별시 서초구 반포동 725-9  아파트 101호","INV_YR":"2022","F_YR":"2022","TYPE":"주택","layer":"재난지원금 풍수해보험금 침수위 최종","path":"D:/김원상/침수흔적도/풍수해보험금 대상/재난지원금 풍수해보험금 침수위 최종.shp"},"geometry":{"type":"Polygon","coordinates":[[[127.02094286133459,37.50740374796308],[127.02098244797205,37.50732311116956],[127.02099574145083,37.50729597092974],[127.02071242601741,37.50720502555476],[127.02070958874064,37.50721097260024],[127.02065962536727,37.50731530722355],[127.02080124892356,37.50735953218245],[127.02094286133459,37.50740374796308]]]}},{"type":"Feature","properties":{"OBJECTID":null,"GU_NAM":"서초구","F_SHIM":0.2,"F_DISA_NM":"2022년 8.8. ~ 17. 호우(재난지원금)","F_AVR_HGT":15.41,"F_AREA":202.83,"ADM_CD":"1165010700","F_SAT_YMD":"20220820 - 0946","F_END_YMD":null,"F_SAT_TM":"0946","F_END_TM":null,"F_RSN_DTL":"침수","F_ZONE_NM":"서울특별시 서초구 반포동 735-13   102호","INV_YR":"2022","F_YR":"2022","TYPE":"주택","layer":"재난지원금 풍수해보험금 침수위 최종","path":"D:/김원상/침수흔적도/풍수해보험금 대상/재난지원금 풍수해보험금 침수위 최종.shp"},"geometry":{"type":"Polygon","coordinates":[[[127.02213196347056,37.50725389073224],[127.02218970137446,37.5071327865587],[127.02204244473576,37.507087311854825],[127.02199151032144,37.50719046690526],[127.02198242214061,37.507208866851975],[127.02198436761311,37.50720945216339],[127.02213196347056,37.50725389073224]]]}},{"type":"Feature","properties":{"OBJECTID":null,"GU_NAM":"서초구","F_SHIM":0.2,"F_DISA_NM":"2022년 8.8. ~ 17. 호우(재난지원금)","F_AVR_HGT":13.79,"F_AREA":186.46,"ADM_CD":"1165010700","F_SAT_YMD":"20220808 - 2100","F_END_YMD":null,"F_SAT_TM":"2100","F_END_TM":null,"F_RSN_DTL":"침수(기타)","F_ZONE_NM":"서울특별시 서초구 반포동 733-35 B101호","INV_YR":"2022","F_YR":"2022","TYPE":"주택","layer":"재난지원금 풍수해보험금 침수위 최종","path":"D:/김원상/침수흔적도/풍수해보험금 대상/재난지원금 풍수해보험금 침수위 최종.shp"},"geometry":{"type":"Polygon","coordinates":[[[127.02056767676477,37.50554080698906],[127.02069669390886,37.505481031931424],[127.02061774661982,37.5053702490086],[127.02061616345057,37.505370979072914],[127.0204889444145,37.5054297356273],[127.02056767676477,37.50554080698906]]]}},{"type":"Feature","properties":{"OBJECTID":null,"GU_NAM":"서초구","F_SHIM":0.2,"F_DISA_NM":"2022년 8.8. ~ 17. 호우(재난지원금)","F_AVR_HGT":13.79,"F_AREA":191.43,"ADM_CD":"1165010700","F_SAT_YMD":"20220808 - 2155","F_END_YMD":null,"F_SAT_TM":"2155","F_END_TM":null,"F_RSN_DTL":"침수(기타)","F_ZONE_NM":"서울특별시 서초구 반포동 733-34 102호","INV_YR":"2022","F_YR":"2022","TYPE":"주택","layer":"재난지원금 풍수해보험금 침수위 최종","path":"D:/김원상/침수흔적도/풍수해보험금 대상/재난지원금 풍수해보험금 침수위 최종.shp"},"geometry":{"type":"Polygon","coordinates":[[[127.02069669390886,37.505481031931424],[127.02083014371783,37.50541921074244],[127.02074937571255,37.50530949138165],[127.02073683477299,37.505315286839426],[127.02061774661982,37.5053702490086],[127.02069669390886,37.505481031931424]]]}},{"type":"Feature","properties":{"OBJECTID":null,"GU_NAM":"서초구","F_SHIM":0.2,"F_DISA_NM":"2022년 8.8. ~ 17. 호우(재난지원금)","F_AVR_HGT":15.46,"F_AREA":9.32,"ADM_CD":"1165010700","F_SAT_YMD":"20220808 - 2100","F_END_YMD":null,"F_SAT_TM":"2100","F_END_TM":null,"F_RSN_DTL":"침수(기타)","F_ZONE_NM":"서울특별시 서초구 반포동 736-12 지하1층","INV_YR":"2022","F_YR":"2022","TYPE":"주택","layer":"재난지원금 풍수해보험금 침수위 최종","path":"D:/김원상/침수흔적도/풍수해보험금 대상/재난지원금 풍수해보험금 침수위 최종.shp"},"geometry":{"type":"Polygon","coordinates":[[[127.0224885889703,37.50692937870164],[127.02249196849218,37.5069217196213],[127.02237924439223,37.506887600779976],[127.02237584209011,37.50689471926252],[127.0224885889703,37.50692937870164]]]}},{"type":"Feature","properties":{"OBJECTID":null,"GU_NAM":"서초구","F_SHIM":0.2,"F_DISA_NM":"2022년 8.8. ~ 17. 호우(재난지원금)","F_AVR_HGT":14.63,"F_AREA":257.79,"ADM_CD":"1165010700","F_SAT_YMD":"20220808 - 2101","F_END_YMD":null,"F_SAT_TM":"2101","F_END_TM":null,"F_RSN_DTL":"침수(기타)","F_ZONE_NM":"서울특별시 서초구 반포동 735-25 B02호","INV_YR":"2022","F_YR":"2022","TYPE":"주택","layer":"재난지원금 풍수해보험금 침수위 최종","path":"D:/김원상/침수흔적도/풍수해보험금 대상/재난지원금 풍수해보험금 침수위 최종.shp"},"geometry":{"type":"Polygon","coordinates":[[[127.02220689784622,37.506701385855045],[127.02237182097325,37.50675082162942],[127.02243806944864,37.50661184903642],[127.02227234349137,37.5065620801252],[127.02220689784622,37.506701385855045]]]}},{"type":"Feature","properties":{"OBJECTID":null,"GU_NAM":"강남구","F_SHIM":0.2,"F_DISA_NM":"2022년 8.8. ~ 17. 호우(재난지원금)","F_AVR_HGT":32.55,"F_AREA":241.19,"ADM_CD":"1168010100","F_SAT_YMD":"20220809 - 0200","F_END_YMD":null,"F_SAT_TM":"0200","F_END_TM":null,"F_RSN_DTL":"침수(도로범람유입)","F_ZONE_NM":"서울특별시 강남구 역삼동 740-21   101호","INV_YR":"2022","F_YR":"2022","TYPE":"주택","layer":"재난지원금 풍수해보험금 침수위 최종","path":"D:/김원상/침수흔적도/풍수해보험금 대상/재난지원금 풍수해보험금 침수위 최종.shp"},"geometry":{"type":"Polygon","coordinates":[[[127.03515449999576,37.4974861504108],[127.03532098410965,37.49753745984098],[127.03538967433593,37.49739255950825],[127.03524830931644,37.497372417574375],[127.03519901429102,37.49739450611738],[127.03515449999576,37.4974861504108]]]}},{"type":"Feature","properties":{"OBJECTID":null,"GU_NAM":"서초구","F_SHIM":0.2,"F_DISA_NM":"2022년 8.8. ~ 17. 호우(재난지원금)","F_AVR_HGT":15.2,"F_AREA":188.69,"ADM_CD":"1165010700","F_SAT_YMD":"20220809 - 0100","F_END_YMD":null,"F_SAT_TM":"0100","F_END_TM":null,"F_RSN_DTL":"침수","F_ZONE_NM":"서울특별시 서초구 반포동 734-1   102호","INV_YR":"2022","F_YR":"2022","TYPE":"주택","layer":"재난지원금 풍수해보험금 침수위 최종","path":"D:/김원상/침수흔적도/풍수해보험금 대상/재난지원금 풍수해보험금 침수위 최종.shp"},"geometry":{"type":"Polygon","coordinates":[[[127.02119119864535,37.50655676003563],[127.02120016254008,37.50653838719835],[127.0212440776749,37.506448478317054],[127.02124571672006,37.506445126331684],[127.02109830354657,37.50639919096266],[127.0210428476545,37.50651499637405],[127.02119119864535,37.50655676003563]]]}},{"type":"Feature","properties":{"OBJECTID":null,"GU_NAM":"서초구","F_SHIM":0.2,"F_DISA_NM":"2022년 8.8. ~ 17. 호우(재난지원금)","F_AVR_HGT":15.2,"F_AREA":164.13,"ADM_CD":"1165010700","F_SAT_YMD":"20220808 - 2100","F_END_YMD":null,"F_SAT_TM":"2100","F_END_TM":null,"F_RSN_DTL":"침수","F_ZONE_NM":"서울특별시 서초구 반포동 726-48   B04호","INV_YR":"2022","F_YR":"2022","TYPE":"주택","layer":"재난지원금 풍수해보험금 침수위 최종","path":"D:/김원상/침수흔적도/풍수해보험금 대상/재난지원금 풍수해보험금 침수위 최종.shp"},"geometry":{"type":"Polygon","coordinates":[[[127.02100964129919,37.506382086668246],[127.02104903463875,37.5062998370843],[127.02087266633073,37.50624453583939],[127.02083332954297,37.50632743407451],[127.02100964129919,37.506382086668246]]]}},{"type":"Feature","properties":{"OBJECTID":null,"GU_NAM":"서초구","F_SHIM":0.2,"F_DISA_NM":"2022년 8.8. ~ 17. 호우(재난지원금)","F_AVR_HGT":15.2,"F_AREA":173.63,"ADM_CD":"1165010700","F_SAT_YMD":"20220808 - 2100","F_END_YMD":null,"F_SAT_TM":"2100","F_END_TM":null,"F_RSN_DTL":"침수(기타)","F_ZONE_NM":"서울특별시 서초구 반포동 726-41  연립 B01호","INV_YR":"2022","F_YR":"2022","TYPE":"주택","layer":"재난지원금 풍수해보험금 침수위 최종","path":"D:/김원상/침수흔적도/풍수해보험금 대상/재난지원금 풍수해보험금 침수위 최종.shp"},"geometry":{"type":"Polygon","coordinates":[[[127.02070744454387,37.506257266864054],[127.0208156761284,37.506288243556206],[127.02088269543664,37.506146523654984],[127.02077297056256,37.50611331279228],[127.02070744454387,37.506257266864054]]]}},{"type":"Feature","properties":{"OBJECTID":null,"GU_NAM":"서초구","F_SHIM":0.2,"F_DISA_NM":"2022년 8.8. ~ 17. 호우(재난지원금)","F_AVR_HGT":14.63,"F_AREA":132.57,"ADM_CD":"1165010700","F_SAT_YMD":"20220808 - 2100","F_END_YMD":null,"F_SAT_TM":"2100","F_END_TM":null,"F_RSN_DTL":"침수(기타)","F_ZONE_NM":"서울특별시 서초구 반포동 734-24 102호","INV_YR":"2022","F_YR":"2022","TYPE":"주택","layer":"재난지원금 풍수해보험금 침수위 최종","path":"D:/김원상/침수흔적도/풍수해보험금 대상/재난지원금 풍수해보험금 침수위 최종.shp"},"geometry":{"type":"Polygon","coordinates":[[[127.0215547413721,37.50617072049361],[127.02169091097494,37.50621126023871],[127.02173070925981,37.506123928728314],[127.02170900396328,37.506117238026604],[127.02159701644933,37.50608268582918],[127.0215547413721,37.50617072049361]]]}},{"type":"Feature","properties":{"OBJECTID":null,"GU_NAM":"서초구","F_SHIM":0.2,"F_DISA_NM":"2022년 8.8. ~ 17. 호우(재난지원금)","F_AVR_HGT":15.67,"F_AREA":201.3,"ADM_CD":"1165010700","F_SAT_YMD":"20220808 - 2100","F_END_YMD":null,"F_SAT_TM":"2100","F_END_TM":null,"F_RSN_DTL":"침수(기타)","F_ZONE_NM":"서울특별시 서초구 반포동 731-13 지하101호","INV_YR":"2022","F_YR":"2022","TYPE":"주택","layer":"재난지원금 풍수해보험금 침수위 최종","path":"D:/김원상/침수흔적도/풍수해보험금 대상/재난지원금 풍수해보험금 침수위 최종.shp"},"geometry":{"type":"Polygon","coordinates":[[[127.02015882460545,37.505924886518656],[127.02020838954653,37.505992534614286],[127.02036970412844,37.5059155998047],[127.02030251221878,37.50582288881986],[127.02013824518598,37.50589686873141],[127.02015882460545,37.505924886518656]]]}},{"type":"Feature","properties":{"OBJECTID":null,"GU_NAM":"서초구","F_SHIM":0.2,"F_DISA_NM":"2022년 8.8. ~ 17. 호우(재난지원금)","F_AVR_HGT":13.79,"F_AREA":185.76,"ADM_CD":"1165010700","F_SAT_YMD":"20220808 - 2100","F_END_YMD":null,"F_SAT_TM":"2100","F_END_TM":null,"F_RSN_DTL":"침수(기타)","F_ZONE_NM":"서울특별시 서초구 반포동 733-2 102호","INV_YR":"2022","F_YR":"2022","TYPE":"주택","layer":"재난지원금 풍수해보험금 침수위 최종","path":"D:/김원상/침수흔적도/풍수해보험금 대상/재난지원금 풍수해보험금 침수위 최종.shp"},"geometry":{"type":"Polygon","coordinates":[[[127.0208431998762,37.5059203706588],[127.02087617281686,37.505852060613016],[127.020919138149,37.50576303497554],[127.02079270272566,37.50579206780504],[127.02068008223517,37.50584390251459],[127.02070213245429,37.50587326245563],[127.0208431998762,37.5059203706588]]]}},{"type":"Feature","properties":{"OBJECTID":null,"GU_NAM":"서초구","F_SHIM":0.2,"F_DISA_NM":"2022년 8.8. ~ 17. 호우(재난지원금)","F_AVR_HGT":13.79,"F_AREA":198.37,"ADM_CD":"1165010700","F_SAT_YMD":"20220808 - 2042","F_END_YMD":null,"F_SAT_TM":"2042","F_END_TM":null,"F_RSN_DTL":"침수(기타)","F_ZONE_NM":"서울특별시 서초구 반포동 733-21 B01","INV_YR":"2022","F_YR":"2022","TYPE":"주택","layer":"재난지원금 풍수해보험금 침수위 최종","path":"D:/김원상/침수흔적도/풍수해보험금 대상/재난지원금 풍수해보험금 침수위 최종.shp"},"geometry":{"type":"Polygon","coordinates":[[[127.0206046444304,37.50583698605434],[127.02053935139685,37.50574057179496],[127.02052418682074,37.50574759300927],[127.02037595604122,37.5058161917138],[127.02043249053547,37.505894218098994],[127.02046531320677,37.50590114151224],[127.0206046444304,37.50583698605434]]]}},{"type":"Feature","properties":{"OBJECTID":null,"GU_NAM":"서초구","F_SHIM":0.2,"F_DISA_NM":"2022년 8.8. ~ 17. 호우(재난지원금)","F_AVR_HGT":13.79,"F_AREA":208.84,"ADM_CD":"1165010700","F_SAT_YMD":"20220808 - 2233","F_END_YMD":null,"F_SAT_TM":"2233","F_END_TM":null,"F_RSN_DTL":"침수(기타)","F_ZONE_NM":"서울특별시 서초구 반포동 733-22 지하 102호","INV_YR":"2022","F_YR":"2022","TYPE":"주택","layer":"재난지원금 풍수해보험금 침수위 최종","path":"D:/김원상/침수흔적도/풍수해보험금 대상/재난지원금 풍수해보험금 침수위 최종.shp"},"geometry":{"type":"Polygon","coordinates":[[[127.02052418682074,37.50574759300927],[127.02044600908076,37.505638846108155],[127.02031812230256,37.505698080111834],[127.02030938645827,37.50572431855999],[127.02037595604122,37.5058161917138],[127.02052418682074,37.50574759300927]]]}},{"type":"Feature","properties":{"OBJECTID":null,"GU_NAM":"서초구","F_SHIM":0.2,"F_DISA_NM":"2022년 8.8. ~ 17. 호우(재난지원금)","F_AVR_HGT":15.67,"F_AREA":152.69,"ADM_CD":"1165010700","F_SAT_YMD":"20220808 - 2100","F_END_YMD":null,"F_SAT_TM":"2100","F_END_TM":null,"F_RSN_DTL":"침수(기타)","F_ZONE_NM":"서울특별시 서초구 반포동 731-36 101호","INV_YR":"2022","F_YR":"2022","TYPE":"주택","layer":"재난지원금 풍수해보험금 침수위 최종","path":"D:/김원상/침수흔적도/풍수해보험금 대상/재난지원금 풍수해보험금 침수위 최종.shp"},"geometry":{"type":"Polygon","coordinates":[[[127.0195753276465,37.5058159564165],[127.01974421885816,37.5057342370015],[127.0196942472845,37.50566629144135],[127.0195253448638,37.50574801979754],[127.0195753276465,37.5058159564165]]]}},{"type":"Feature","properties":{"OBJECTID":null,"GU_NAM":"서초구","F_SHIM":0.2,"F_DISA_NM":"2022년 8.8. ~ 17. 호우(재난지원금)","F_AVR_HGT":15.67,"F_AREA":309.38,"ADM_CD":"1165010700","F_SAT_YMD":"20220817 - 1514","F_END_YMD":null,"F_SAT_TM":"1514","F_END_TM":null,"F_RSN_DTL":"침수(기타)","F_ZONE_NM":"서울특별시 서초구 반포동 731-20 B03호","INV_YR":"2022","F_YR":"2022","TYPE":"주택","layer":"재난지원금 풍수해보험금 침수위 최종","path":"D:/김원상/침수흔적도/풍수해보험금 대상/재난지원금 풍수해보험금 침수위 최종.shp"},"geometry":{"type":"Polygon","coordinates":[[[127.0200399189673,37.505762905808346],[127.0200001292388,37.50570865394876],[127.01993503124754,37.50561992483463],[127.01987773151744,37.50564691864111],[127.01976986044173,37.505697697578476],[127.01987343549932,37.505838534526056],[127.0200399189673,37.505762905808346]]]}},{"type":"Feature","properties":{"OBJECTID":null,"GU_NAM":"서초구","F_SHIM":0.2,"F_DISA_NM":"2022년 8.8. ~ 17. 호우(재난지원금)","F_AVR_HGT":15.67,"F_AREA":197.2,"ADM_CD":"1165010700","F_SAT_YMD":"20220808 - 2100","F_END_YMD":null,"F_SAT_TM":"2100","F_END_TM":null,"F_RSN_DTL":"침수(기타)","F_ZONE_NM":"서울특별시 서초구 반포동 731-19   에이펠리스연립 B01호","INV_YR":"2022","F_YR":"2022","TYPE":"주택","layer":"재난지원금 풍수해보험금 침수위 최종","path":"D:/김원상/침수흔적도/풍수해보험금 대상/재난지원금 풍수해보험금 침수위 최종.shp"},"geometry":{"type":"Polygon","coordinates":[[[127.02016722380661,37.50563620547693],[127.0200993309548,37.505542521405005],[127.01993503124754,37.50561992483463],[127.0200001292388,37.50570865394876],[127.02016722380661,37.50563620547693]]]}},{"type":"Feature","properties":{"OBJECTID":null,"GU_NAM":"서초구","F_SHIM":0.2,"F_DISA_NM":"2022년 8.8. ~ 17. 호우(재난지원금)","F_AVR_HGT":15.67,"F_AREA":208.9,"ADM_CD":"1165010700","F_SAT_YMD":"20220808 - 2121","F_END_YMD":null,"F_SAT_TM":"2121","F_END_TM":null,"F_RSN_DTL":"침수(기타)","F_ZONE_NM":"서울특별시 서초구 반포동 731-21 B101호","INV_YR":"2022","F_YR":"2022","TYPE":"주택","layer":"재난지원금 풍수해보험금 침수위 최종","path":"D:/김원상/침수흔적도/풍수해보험금 대상/재난지원금 풍수해보험금 침수위 최종.shp"},"geometry":{"type":"Polygon","coordinates":[[[127.01987773151744,37.50564691864111],[127.01976774266677,37.5055001270876],[127.01974016144368,37.505513024625564],[127.019661206042,37.50554995066303],[127.01976986044173,37.505697697578476],[127.01987773151744,37.50564691864111]]]}},{"type":"Feature","properties":{"OBJECTID":null,"GU_NAM":"서초구","F_SHIM":0.2,"F_DISA_NM":"2022년 8.8. ~ 17. 호우(재난지원금)","F_AVR_HGT":15.67,"F_AREA":226.67,"ADM_CD":"1165010700","F_SAT_YMD":"20220808 - 2100","F_END_YMD":null,"F_SAT_TM":"2100","F_END_TM":null,"F_RSN_DTL":"침수(기타)","F_ZONE_NM":"서울특별시 서초구 반포동 733-38  빌라 B104호","INV_YR":"2022","F_YR":"2022","TYPE":"주택","layer":"재난지원금 풍수해보험금 침수위 최종","path":"D:/김원상/침수흔적도/풍수해보험금 대상/재난지원금 풍수해보험금 침수위 최종.shp"},"geometry":{"type":"Polygon","coordinates":[[[127.02035878499952,37.505489853019974],[127.02028023460743,37.50538134032321],[127.02015067460098,37.50544177274117],[127.02013620900442,37.50548529322126],[127.02019449660597,37.50556573412285],[127.02035878499952,37.505489853019974]]]}},{"type":"Feature","properties":{"OBJECTID":null,"GU_NAM":"서초구","F_SHIM":0.2,"F_DISA_NM":"2022년 8.8. ~ 17. 호우(재난지원금)","F_AVR_HGT":13.79,"F_AREA":235.31,"ADM_CD":"1165010700","F_SAT_YMD":"20220808 - 2230","F_END_YMD":null,"F_SAT_TM":"2230","F_END_TM":null,"F_RSN_DTL":"침수(기타)","F_ZONE_NM":"서울특별시 서초구 반포동 733-37 B01호","INV_YR":"2022","F_YR":"2022","TYPE":"주택","layer":"재난지원금 풍수해보험금 침수위 최종","path":"D:/김원상/침수흔적도/풍수해보험금 대상/재난지원금 풍수해보험금 침수위 최종.shp"},"geometry":{"type":"Polygon","coordinates":[[[127.02026278557994,37.50565998570551],[127.02029549503578,37.50566690918419],[127.02043804876314,37.50560087032237],[127.02035878499952,37.505489853019974],[127.02019449660597,37.50556573412285],[127.02026278557994,37.50565998570551]]]}},{"type":"Feature","properties":{"OBJECTID":null,"GU_NAM":"서초구","F_SHIM":0.2,"F_DISA_NM":"2022년 8.8. ~ 17. 호우(재난지원금)","F_AVR_HGT":20.09,"F_AREA":213.97,"ADM_CD":"1165010700","F_SAT_YMD":"20220808 - 2100","F_END_YMD":null,"F_SAT_TM":"2100","F_END_TM":null,"F_RSN_DTL":"침수(기타)","F_ZONE_NM":"서울특별시 서초구 반포동 728-24 B02호","INV_YR":"2022","F_YR":"2022","TYPE":"주택","layer":"재난지원금 풍수해보험금 침수위 최종","path":"D:/김원상/침수흔적도/풍수해보험금 대상/재난지원금 풍수해보험금 침수위 최종.shp"},"geometry":{"type":"Polygon","coordinates":[[[127.0190024253071,37.50564012276958],[127.0190552328859,37.505505731104876],[127.01907806854683,37.50551160221878],[127.01909198273779,37.505477254109174],[127.01895611168682,37.50544428871146],[127.0189421295585,37.50547853770549],[127.01894029843255,37.50548303395515],[127.01888790771828,37.50561136179192],[127.01892259664287,37.5056200783455],[127.0190024253071,37.50564012276958]]]}},{"type":"Feature","properties":{"OBJECTID":null,"GU_NAM":"서초구","F_SHIM":0.2,"F_DISA_NM":"2022년 8.8. ~ 17. 호우(재난지원금)","F_AVR_HGT":15.67,"F_AREA":194.06,"ADM_CD":"1165010700","F_SAT_YMD":"20220808 - 0600","F_END_YMD":null,"F_SAT_TM":"0600","F_END_TM":null,"F_RSN_DTL":"침수(기타)","F_ZONE_NM":"서울특별시 서초구 반포동 731-23 B03호","INV_YR":"2022","F_YR":"2022","TYPE":"주택","layer":"재난지원금 풍수해보험금 침수위 최종","path":"D:/김원상/침수흔적도/풍수해보험금 대상/재난지원금 풍수해보험금 침수위 최종.shp"},"geometry":{"type":"Polygon","coordinates":[[[127.02008240585188,37.505519170200486],[127.01999244050594,37.505395035802266],[127.01987346495577,37.50545072701119],[127.01996387127697,37.50557496954973],[127.02008240585188,37.505519170200486]]]}},{"type":"Feature","properties":{"OBJECTID":null,"GU_NAM":"서초구","F_SHIM":0.2,"F_DISA_NM":"2022년 8.8. ~ 17. 호우(재난지원금)","F_AVR_HGT":15.67,"F_AREA":169.42,"ADM_CD":"1165010700","F_SAT_YMD":"20220808 - 0600","F_END_YMD":null,"F_SAT_TM":"0600","F_END_TM":null,"F_RSN_DTL":"침수(기타)","F_ZONE_NM":"서울특별시 서초구 반포동 731-24 102호","INV_YR":"2022","F_YR":"2022","TYPE":"주택","layer":"재난지원금 풍수해보험금 침수위 최종","path":"D:/김원상/침수흔적도/풍수해보험금 대상/재난지원금 풍수해보험금 침수위 최종.shp"},"geometry":{"type":"Polygon","coordinates":[[[127.01987346495577,37.50545072701119],[127.01999244050594,37.505395035802266],[127.01992331491456,37.50529963091203],[127.01978897141531,37.50536272162325],[127.01985642320044,37.50545870348962],[127.01987346495577,37.50545072701119]]]}},{"type":"Feature","properties":{"OBJECTID":null,"GU_NAM":"서초구","F_SHIM":0.2,"F_DISA_NM":"2022년 8.8. ~ 17. 호우(재난지원금)","F_AVR_HGT":13.6,"F_AREA":194.04,"ADM_CD":"1165010700","F_SAT_YMD":"20220808 - 2100","F_END_YMD":null,"F_SAT_TM":"2100","F_END_TM":null,"F_RSN_DTL":"침수(기타)","F_ZONE_NM":"서울특별시 서초구 반포동 732-4 b01호","INV_YR":"2022","F_YR":"2022","TYPE":"주택","layer":"재난지원금 풍수해보험금 침수위 최종","path":"D:/김원상/침수흔적도/풍수해보험금 대상/재난지원금 풍수해보험금 침수위 최종.shp"},"geometry":{"type":"Polygon","coordinates":[[[127.02021773415223,37.505368700222874],[127.02031541574705,37.505323148283686],[127.02032548498721,37.505292539780996],[127.02024959384298,37.50518892806568],[127.0201281193132,37.50524436764977],[127.02021773415223,37.505368700222874]]]}},{"type":"Feature","properties":{"OBJECTID":null,"GU_NAM":"서초구","F_SHIM":0.2,"F_DISA_NM":"2022년 8.8. ~ 17. 호우(재난지원금)","F_AVR_HGT":13.08,"F_AREA":184.06,"ADM_CD":"1165010700","F_SAT_YMD":"20220808 - 2230","F_END_YMD":null,"F_SAT_TM":"2230","F_END_TM":null,"F_RSN_DTL":"침수(기타)","F_ZONE_NM":"서울특별시 서초구 반포동 733-42   104호","INV_YR":"2022","F_YR":"2022","TYPE":"주택","layer":"재난지원금 풍수해보험금 침수위 최종","path":"D:/김원상/침수흔적도/풍수해보험금 대상/재난지원금 풍수해보험금 침수위 최종.shp"},"geometry":{"type":"Polygon","coordinates":[[[127.02074937571255,37.50530949138165],[127.02086541041264,37.50525588107626],[127.0207894824558,37.505143809342336],[127.0206629425893,37.505202836274904],[127.02073683477299,37.505315286839426],[127.02074937571255,37.50530949138165]]]}},{"type":"Feature","properties":{"OBJECTID":null,"GU_NAM":"서초구","F_SHIM":0.2,"F_DISA_NM":"2022년 8.8. ~ 17. 호우(재난지원금)","F_AVR_HGT":13.08,"F_AREA":183.69,"ADM_CD":"1165010700","F_SAT_YMD":"20220808 - 2112","F_END_YMD":null,"F_SAT_TM":"2112","F_END_TM":null,"F_RSN_DTL":"침수","F_ZONE_NM":"서울특별시 서초구 반포동 733-43   B1층 102호","INV_YR":"2022","F_YR":"2022","TYPE":"주택","layer":"재난지원금 풍수해보험금 침수위 최종","path":"D:/김원상/침수흔적도/풍수해보험금 대상/재난지원금 풍수해보험금 침수위 최종.shp"},"geometry":{"type":"Polygon","coordinates":[[[127.02087557658717,37.50525118521148],[127.02099249315677,37.50519717819712],[127.02091603343264,37.5050847822718],[127.0207894824558,37.505143809342336],[127.02086541041264,37.50525588107626],[127.02087557658717,37.50525118521148]]]}},{"type":"Feature","properties":{"OBJECTID":null,"GU_NAM":"서초구","F_SHIM":0.2,"F_DISA_NM":"2022년 8.8. ~ 17. 호우(재난지원금)","F_AVR_HGT":14.58,"F_AREA":162.08,"ADM_CD":"1165010700","F_SAT_YMD":"20220808 - 2100","F_END_YMD":null,"F_SAT_TM":"2100","F_END_TM":null,"F_RSN_DTL":"침수(기타)","F_ZONE_NM":"서울특별시 서초구 반포동 739-9 B101호","INV_YR":"2022","F_YR":"2022","TYPE":"주택","layer":"재난지원금 풍수해보험금 침수위 최종","path":"D:/김원상/침수흔적도/풍수해보험금 대상/재난지원금 풍수해보험금 침수위 최종.shp"},"geometry":{"type":"Polygon","coordinates":[[[127.0218108848846,37.50524832524444],[127.02185485419548,37.50515515449457],[127.02169737758153,37.505109131495054],[127.02165401817471,37.505199887408594],[127.0218108848846,37.50524832524444]]]}},{"type":"Feature","properties":{"OBJECTID":null,"GU_NAM":"서초구","F_SHIM":0.2,"F_DISA_NM":"2022년 8.8. ~ 17. 호우(재난지원금)","F_AVR_HGT":13.6,"F_AREA":199.28,"ADM_CD":"1165010700","F_SAT_YMD":"20220808 - 2100","F_END_YMD":null,"F_SAT_TM":"2100","F_END_TM":null,"F_RSN_DTL":"침수(기타)","F_ZONE_NM":"서울특별시 서초구 반포동 732-5 B01호","INV_YR":"2022","F_YR":"2022","TYPE":"주택","layer":"재난지원금 풍수해보험금 침수위 최종","path":"D:/김원상/침수흔적도/풍수해보험금 대상/재난지원금 풍수해보험금 침수위 최종.shp"},"geometry":{"type":"Polygon","coordinates":[[[127.02024959384298,37.50518892806568],[127.02015735493458,37.505063001160565],[127.02003670662961,37.50512040469705],[127.0201281193132,37.50524436764977],[127.02024959384298,37.50518892806568]]]}},{"type":"Feature","properties":{"OBJECTID":null,"GU_NAM":"서초구","F_SHIM":0.2,"F_DISA_NM":"2022년 8.8. ~ 17. 호우(재난지원금)","F_AVR_HGT":13.08,"F_AREA":191.25,"ADM_CD":"1165010700","F_SAT_YMD":"20220808 - 2100","F_END_YMD":null,"F_SAT_TM":"2100","F_END_TM":null,"F_RSN_DTL":"침수(기타)","F_ZONE_NM":"서울특별시 서초구 반포동 732-15 B01호","INV_YR":"2022","F_YR":"2022","TYPE":"주택","layer":"재난지원금 풍수해보험금 침수위 최종","path":"D:/김원상/침수흔적도/풍수해보험금 대상/재난지원금 풍수해보험금 침수위 최종.shp"},"geometry":{"type":"Polygon","coordinates":[[[127.02049847512238,37.50523777648656],[127.02064292754066,37.505170421610636],[127.02056869946539,37.50507022461118],[127.0204241905479,37.505137273067234],[127.02049847512238,37.50523777648656]]]}},{"type":"Feature","properties":{"OBJECTID":null,"GU_NAM":"서초구","F_SHIM":0.2,"F_DISA_NM":"2022년 8.8. ~ 17. 호우(재난지원금)","F_AVR_HGT":13.6,"F_AREA":198.95,"ADM_CD":"1165010700","F_SAT_YMD":"20220808 - 1604","F_END_YMD":null,"F_SAT_TM":"1604","F_END_TM":null,"F_RSN_DTL":"침수(기타)","F_ZONE_NM":"서울특별시 서초구 반포동 732-13  빌라 105호","INV_YR":"2022","F_YR":"2022","TYPE":"주택","layer":"재난지원금 풍수해보험금 침수위 최종","path":"D:/김원상/침수흔적도/풍수해보험금 대상/재난지원금 풍수해보험금 침수위 최종.shp"},"geometry":{"type":"Polygon","coordinates":[[[127.02028851708286,37.50517061360857],[127.0204064170375,37.50511322827485],[127.0203541600557,37.50504258936814],[127.02031218709732,37.50498583318068],[127.02019583689894,37.50504405610467],[127.02028851708286,37.50517061360857]]]}},{"type":"Feature","properties":{"OBJECTID":null,"GU_NAM":"서초구","F_SHIM":0.2,"F_DISA_NM":"2022년 8.8. ~ 17. 호우(재난지원금)","F_AVR_HGT":13.6,"F_AREA":279.37,"ADM_CD":"1165010700","F_SAT_YMD":"20220808 - 1438","F_END_YMD":null,"F_SAT_TM":"1438","F_END_TM":null,"F_RSN_DTL":"침수(기타)","F_ZONE_NM":"서울특별시 서초구 반포동 732   B03호","INV_YR":"2022","F_YR":"2022","TYPE":"주택","layer":"재난지원금 풍수해보험금 침수위 최종","path":"D:/김원상/침수흔적도/풍수해보험금 대상/재난지원금 풍수해보험금 침수위 최종.shp"},"geometry":{"type":"Polygon","coordinates":[[[127.01982699944006,37.505058547836185],[127.01994833768435,37.505001108365676],[127.01995954421874,37.504995808748525],[127.01983588908881,37.504828242360695],[127.0197422584291,37.5048809652264],[127.0197301678316,37.50492493579353],[127.01982699944006,37.505058547836185]]]}},{"type":"Feature","properties":{"OBJECTID":null,"GU_NAM":"강남구","F_SHIM":0.2,"F_DISA_NM":"2022년 8.8. ~ 17. 호우(재난지원금)","F_AVR_HGT":21.99,"F_AREA":359.32,"ADM_CD":"1168010100","F_SAT_YMD":"20220812 - 0000","F_END_YMD":null,"F_SAT_TM":"0000","F_END_TM":null,"F_RSN_DTL":"침수","F_ZONE_NM":"서울특별시 강남구 역삼동 828-39 한라빌라 .동 102호","INV_YR":"2022","F_YR":"2022","TYPE":"주택","layer":"재난지원금 풍수해보험금 침수위 최종","path":"D:/김원상/침수흔적도/풍수해보험금 대상/재난지원금 풍수해보험금 침수위 최종.shp"},"geometry":{"type":"Polygon","coordinates":[[[127.03317996545448,37.49677986225409],[127.03343443747444,37.49685827081157],[127.03349386623393,37.49673301584889],[127.0332631442397,37.49665955653394],[127.03323227693714,37.49667028671538],[127.03317996545448,37.49677986225409]]]}},{"type":"Feature","properties":{"OBJECTID":null,"GU_NAM":"강남구","F_SHIM":0.2,"F_DISA_NM":"2022년 8.8. ~ 17. 호우(재난지원금)","F_AVR_HGT":23.7,"F_AREA":250.74,"ADM_CD":"1168010100","F_SAT_YMD":"20220826 - 1613","F_END_YMD":null,"F_SAT_TM":"1613","F_END_TM":null,"F_RSN_DTL":"침수","F_ZONE_NM":"서울특별시 강남구 역삼동 827-56 다가구연립 b03호","INV_YR":"2022","F_YR":"2022","TYPE":"주택","layer":"재난지원금 풍수해보험금 침수위 최종","path":"D:/김원상/침수흔적도/풍수해보험금 대상/재난지원금 풍수해보험금 침수위 최종.shp"},"geometry":{"type":"Polygon","coordinates":[[[127.03133501589473,37.49681349908254],[127.03150477537662,37.49686490317021],[127.03156624034553,37.49673334166518],[127.03139512411518,37.49668193800781],[127.03133501589473,37.49681349908254]]]}},{"type":"Feature","properties":{"OBJECTID":null,"GU_NAM":"강남구","F_SHIM":0.2,"F_DISA_NM":"2022년 8.8. ~ 17. 호우(재난지원금)","F_AVR_HGT":21.99,"F_AREA":231.75,"ADM_CD":"1168010100","F_SAT_YMD":"20220825 - 1536","F_END_YMD":null,"F_SAT_TM":"1536","F_END_TM":null,"F_RSN_DTL":"침수","F_ZONE_NM":"서울특별시 강남구 역삼동 828-43 다가구연립 101호","INV_YR":"2022","F_YR":"2022","TYPE":"주택","layer":"재난지원금 풍수해보험금 침수위 최종","path":"D:/김원상/침수흔적도/풍수해보험금 대상/재난지원금 풍수해보험금 침수위 최종.shp"},"geometry":{"type":"Polygon","coordinates":[[[127.0332400684895,37.49717844817577],[127.03325036843702,37.497200339689314],[127.03338665329028,37.49724283016423],[127.03345128043864,37.49710847373697],[127.03330040532654,37.49705986046724],[127.0332400684895,37.49717844817577]]]}},{"type":"Feature","properties":{"OBJECTID":null,"GU_NAM":"서초구","F_SHIM":0.2,"F_DISA_NM":"2022년 8.8. ~ 17. 호우(재난지원금)","F_AVR_HGT":13.6,"F_AREA":243.51,"ADM_CD":"1165010700","F_SAT_YMD":"20220808 - 2100","F_END_YMD":null,"F_SAT_TM":"2100","F_END_TM":null,"F_RSN_DTL":"침수(기타)","F_ZONE_NM":"서울특별시 서초구 반포동 732-20 101호","INV_YR":"2022","F_YR":"2022","TYPE":"주택","layer":"재난지원금 풍수해보험금 침수위 최종","path":"D:/김원상/침수흔적도/풍수해보험금 대상/재난지원금 풍수해보험금 침수위 최종.shp"},"geometry":{"type":"Polygon","coordinates":[[[127.02031257100687,37.50475779953457],[127.02032614088212,37.50475130117902],[127.02021458305418,37.50461499788607],[127.02008986724297,37.50468522332694],[127.02018776196158,37.504817537475056],[127.02031257100687,37.50475779953457]]]}},{"type":"Feature","properties":{"OBJECTID":null,"GU_NAM":"서초구","F_SHIM":0.2,"F_DISA_NM":"2022년 8.8. ~ 17. 호우(재난지원금)","F_AVR_HGT":13.91,"F_AREA":91.46,"ADM_CD":"1165010700","F_SAT_YMD":"20220809 - 0600","F_END_YMD":null,"F_SAT_TM":"0600","F_END_TM":null,"F_RSN_DTL":"침수","F_ZONE_NM":"서울특별시 서초구 반포동 743-4   지하1호","INV_YR":"2022","F_YR":"2022","TYPE":"주택","layer":"재난지원금 풍수해보험금 침수위 최종","path":"D:/김원상/침수흔적도/풍수해보험금 대상/재난지원금 풍수해보험금 침수위 최종.shp"},"geometry":{"type":"Polygon","coordinates":[[[127.019041138005,37.504331633694306],[127.01909471212115,37.5041907636919],[127.0190341010857,37.50417615850564],[127.0189805381819,37.504317055509205],[127.019041138005,37.504331633694306]]]}},{"type":"Feature","properties":{"OBJECTID":null,"GU_NAM":"서초구","F_SHIM":0.2,"F_DISA_NM":"2022년 8.8. ~ 17. 호우(재난지원금)","F_AVR_HGT":12.66,"F_AREA":204.65,"ADM_CD":"1165010700","F_SAT_YMD":"20220808 - 2100","F_END_YMD":null,"F_SAT_TM":"2100","F_END_TM":null,"F_RSN_DTL":"침수(기타)","F_ZONE_NM":"서울특별시 서초구 반포동 742-14 102호","INV_YR":"2022","F_YR":"2022","TYPE":"주택","layer":"재난지원금 풍수해보험금 침수위 최종","path":"D:/김원상/침수흔적도/풍수해보험금 대상/재난지원금 풍수해보험금 침수위 최종.shp"},"geometry":{"type":"Polygon","coordinates":[[[127.01983349863501,37.504255811636476],[127.01993006496605,37.50427908742529],[127.0200051226858,37.50408128859701],[127.01990886184724,37.504057625392],[127.01983349863501,37.504255811636476]]]}},{"type":"Feature","properties":{"OBJECTID":null,"GU_NAM":"서초구","F_SHIM":0.2,"F_DISA_NM":"2022년 8.8. ~ 17. 호우(재난지원금)","F_AVR_HGT":12.66,"F_AREA":234.62,"ADM_CD":"1165010700","F_SAT_YMD":"20220808 - 2230","F_END_YMD":null,"F_SAT_TM":"2230","F_END_TM":null,"F_RSN_DTL":"침수(기타)","F_ZONE_NM":"서울특별시 서초구 반포동 742-19 104호","INV_YR":"2022","F_YR":"2022","TYPE":"주택","layer":"재난지원금 풍수해보험금 침수위 최종","path":"D:/김원상/침수흔적도/풍수해보험금 대상/재난지원금 풍수해보험금 침수위 최종.shp"},"geometry":{"type":"Polygon","coordinates":[[[127.02025501823397,37.504357405142734],[127.02028747853674,37.50436522966283],[127.02036409671291,37.504169827016476],[127.02015871492867,37.50411919648065],[127.0201237119306,37.504209851419226],[127.02029694976868,37.504250359910856],[127.02025501823397,37.504357405142734]]]}},{"type":"Feature","properties":{"OBJECTID":null,"GU_NAM":"서초구","F_SHIM":0.2,"F_DISA_NM":"2022년 8.8. ~ 17. 호우(재난지원금)","F_AVR_HGT":12.66,"F_AREA":146.34,"ADM_CD":"1165010700","F_SAT_YMD":"20220808 - 2143","F_END_YMD":null,"F_SAT_TM":"2143","F_END_TM":null,"F_RSN_DTL":"침수(기타)","F_ZONE_NM":"서울특별시 서초구 반포동 742-13 3호","INV_YR":"2022","F_YR":"2022","TYPE":"주택","layer":"재난지원금 풍수해보험금 침수위 최종","path":"D:/김원상/침수흔적도/풍수해보험금 대상/재난지원금 풍수해보험금 침수위 최종.shp"},"geometry":{"type":"Polygon","coordinates":[[[127.01976743589942,37.50423989221455],[127.01983349863501,37.504255811636476],[127.01990886184724,37.504057625392],[127.01989776658951,37.5040549511544],[127.01983703111213,37.50404038243906],[127.01976743589942,37.50423989221455]]]}},{"type":"Feature","properties":{"OBJECTID":null,"GU_NAM":"강남구","F_SHIM":0.2,"F_DISA_NM":"2022년 8.8. ~ 17. 호우(재난지원금)","F_AVR_HGT":18.07,"F_AREA":251.59,"ADM_CD":"1168010100","F_SAT_YMD":"20220808 - 2200","F_END_YMD":null,"F_SAT_TM":"2200","F_END_TM":null,"F_RSN_DTL":"침수","F_ZONE_NM":"서울특별시 강남구 역삼동 830-34   다가구연립 B02호","INV_YR":"2022","F_YR":"2022","TYPE":"주택","layer":"재난지원금 풍수해보험금 침수위 최종","path":"D:/김원상/침수흔적도/풍수해보험금 대상/재난지원금 풍수해보험금 침수위 최종.shp"},"geometry":{"type":"Polygon","coordinates":[[[127.03156869682246,37.49467951291563],[127.03173483279545,37.49473028691408],[127.03178691927386,37.49462188333391],[127.03137536882691,37.4944958481214],[127.03136734682472,37.4945126988407],[127.03160823771505,37.49458642959642],[127.03156869682246,37.49467951291563]]]}},{"type":"Feature","properties":{"OBJECTID":null,"GU_NAM":"강남구","F_SHIM":0.2,"F_DISA_NM":"2022년 8.8. ~ 17. 호우(재난지원금)","F_AVR_HGT":21.99,"F_AREA":586.51,"ADM_CD":"1168010100","F_SAT_YMD":"20220825 - 1429","F_END_YMD":null,"F_SAT_TM":"1429","F_END_TM":null,"F_RSN_DTL":"침수","F_ZONE_NM":"서울특별시 강남구 역삼동 828-11 예지인아파트 지하호","INV_YR":"2022","F_YR":"2022","TYPE":"주택","layer":"재난지원금 풍수해보험금 침수위 최종","path":"D:/김원상/침수흔적도/풍수해보험금 대상/재난지원금 풍수해보험금 침수위 최종.shp"},"geometry":{"type":"Polygon","coordinates":[[[127.03290831167509,37.49644665512298],[127.03324262860896,37.49654729753774],[127.03331753644439,37.49639041342439],[127.03298152443018,37.49629112316924],[127.03290831167509,37.49644665512298]]]}},{"type":"Feature","properties":{"OBJECTID":null,"GU_NAM":"강남구","F_SHIM":0.2,"F_DISA_NM":"2022년 8.8. ~ 17. 호우(재난지원금)","F_AVR_HGT":21.99,"F_AREA":584.81,"ADM_CD":"1168010100","F_SAT_YMD":"20220816 - 0000","F_END_YMD":null,"F_SAT_TM":"0000","F_END_TM":null,"F_RSN_DTL":"침수","F_ZONE_NM":"서울특별시 강남구 역삼동 828-12 103호","INV_YR":"2022","F_YR":"2022","TYPE":"주택","layer":"재난지원금 풍수해보험금 침수위 최종","path":"D:/김원상/침수흔적도/풍수해보험금 대상/재난지원금 풍수해보험금 침수위 최종.shp"},"geometry":{"type":"Polygon","coordinates":[[[127.03283464662091,37.496602998046534],[127.03316817241502,37.496703280479196],[127.03324262860896,37.49654729753774],[127.03290831167509,37.49644665512298],[127.03283464662091,37.496602998046534]]]}},{"type":"Feature","properties":{"OBJECTID":null,"GU_NAM":"강남구","F_SHIM":0.2,"F_DISA_NM":"2022년 8.8. ~ 17. 호우(재난지원금)","F_AVR_HGT":19.16,"F_AREA":167.03,"ADM_CD":"1168010100","F_SAT_YMD":"20220812 - 0000","F_END_YMD":null,"F_SAT_TM":"0000","F_END_TM":null,"F_RSN_DTL":"침수","F_ZONE_NM":"서울특별시 강남구 역삼동 752-46 지층 101호","INV_YR":"2022","F_YR":"2022","TYPE":"주택","layer":"재난지원금 풍수해보험금 침수위 최종","path":"D:/김원상/침수흔적도/풍수해보험금 대상/재난지원금 풍수해보험금 침수위 최종.shp"},"geometry":{"type":"Polygon","coordinates":[[[127.03379888530189,37.494705864468806],[127.03391975806517,37.49468150439159],[127.03384155758297,37.49453826688327],[127.03374996776043,37.49455072570114],[127.03379888530189,37.494705864468806]]]}},{"type":"Feature","properties":{"OBJECTID":null,"GU_NAM":"강남구","F_SHIM":0.2,"F_DISA_NM":"2022년 8.8. ~ 17. 호우(재난지원금)","F_AVR_HGT":18.07,"F_AREA":222.55,"ADM_CD":"1168010100","F_SAT_YMD":"20220809 - 0200","F_END_YMD":null,"F_SAT_TM":"0200","F_END_TM":null,"F_RSN_DTL":"침수(도로범람유입)","F_ZONE_NM":"서울특별시 강남구 역삼동 830-15   101호","INV_YR":"2022","F_YR":"2022","TYPE":"주택","layer":"재난지원금 풍수해보험금 침수위 최종","path":"D:/김원상/침수흔적도/풍수해보험금 대상/재난지원금 풍수해보험금 침수위 최종.shp"},"geometry":{"type":"Polygon","coordinates":[[[127.0317639831737,37.49466964218486],[127.03192955458388,37.49472221805323],[127.03198887379514,37.494603631226724],[127.03182013700729,37.49455267805159],[127.0317639831737,37.49466964218486]]]}},{"type":"Feature","properties":{"OBJECTID":null,"GU_NAM":"강남구","F_SHIM":0.2,"F_DISA_NM":"2022년 8.8. ~ 17. 호우(재난지원금)","F_AVR_HGT":18.07,"F_AREA":250.31,"ADM_CD":"1168010100","F_SAT_YMD":"20220825 - 1452","F_END_YMD":null,"F_SAT_TM":"1452","F_END_TM":null,"F_RSN_DTL":"침수","F_ZONE_NM":"서울특별시 강남구 역삼동 830-16 다가구연립 104호","INV_YR":"2022","F_YR":"2022","TYPE":"주택","layer":"재난지원금 풍수해보험금 침수위 최종","path":"D:/김원상/침수흔적도/풍수해보험금 대상/재난지원금 풍수해보험금 침수위 최종.shp"},"geometry":{"type":"Polygon","coordinates":[[[127.03182013700729,37.49455267805159],[127.0319444276919,37.494590217788456],[127.03196047144988,37.494556516271466],[127.03199994137147,37.494568399288525],[127.03205372282572,37.49445819315132],[127.03188939707134,37.494408770632866],[127.03182013700729,37.49455267805159]]]}},{"type":"Feature","properties":{"OBJECTID":null,"GU_NAM":"강남구","F_SHIM":0.2,"F_DISA_NM":"2022년 8.8. ~ 17. 호우(재난지원금)","F_AVR_HGT":18.07,"F_AREA":277.64,"ADM_CD":"1168010100","F_SAT_YMD":"20220809 - 0200","F_END_YMD":null,"F_SAT_TM":"0200","F_END_TM":null,"F_RSN_DTL":"침수(도로범람유입)","F_ZONE_NM":"서울특별시 강남구 역삼동 830-18 반지하 101호","INV_YR":"2022","F_YR":"2022","TYPE":"주택","layer":"재난지원금 풍수해보험금 침수위 최종","path":"D:/김원상/침수흔적도/풍수해보험금 대상/재난지원금 풍수해보험금 침수위 최종.shp"},"geometry":{"type":"Polygon","coordinates":[[[127.03188939707134,37.494408770632866],[127.03221770955531,37.49450761552884],[127.03222979879155,37.494482294298464],[127.03206739545372,37.49443341212781],[127.03211609284811,37.49433483016918],[127.03194871408793,37.49428522832292],[127.03188939707134,37.494408770632866]]]}},{"type":"Feature","properties":{"OBJECTID":null,"GU_NAM":"강남구","F_SHIM":0.2,"F_DISA_NM":"2022년 8.8. ~ 17. 호우(재난지원금)","F_AVR_HGT":18.9,"F_AREA":163.98,"ADM_CD":"1168010100","F_SAT_YMD":"20220816 - 0000","F_END_YMD":null,"F_SAT_TM":"0000","F_END_TM":null,"F_RSN_DTL":"침수","F_ZONE_NM":"서울특별시 강남구 역삼동 830-62 B02호","INV_YR":"2022","F_YR":"2022","TYPE":"주택","layer":"재난지원금 풍수해보험금 침수위 최종","path":"D:/김원상/침수흔적도/풍수해보험금 대상/재난지원금 풍수해보험금 침수위 최종.shp"},"geometry":{"type":"Polygon","coordinates":[[[127.03210725310271,37.4948415546151],[127.03227011004378,37.494891337608834],[127.03231213869572,37.49480005540904],[127.03217303168621,37.49475711390864],[127.03214205207662,37.49476820423757],[127.03210725310271,37.4948415546151]]]}},{"type":"Feature","properties":{"OBJECTID":null,"GU_NAM":"강남구","F_SHIM":0.2,"F_DISA_NM":"2022년 8.8. ~ 17. 호우(재난지원금)","F_AVR_HGT":18.39,"F_AREA":237.42,"ADM_CD":"1168010100","F_SAT_YMD":"20220809 - 0200","F_END_YMD":null,"F_SAT_TM":"0200","F_END_TM":null,"F_RSN_DTL":"침수(도로범람유입)","F_ZONE_NM":"서울특별시 강남구 역삼동 830-56","INV_YR":"2022","F_YR":"2022","TYPE":"주택","layer":"재난지원금 풍수해보험금 침수위 최종","path":"D:/김원상/침수흔적도/풍수해보험금 대상/재난지원금 풍수해보험금 침수위 최종.shp"},"geometry":{"type":"Polygon","coordinates":[[[127.03244173239207,37.49453314549009],[127.0326033451487,37.49458328875269],[127.0326658244951,37.49445280755763],[127.03250319451627,37.49440329534585],[127.03244173239207,37.49453314549009]]]}},{"type":"Feature","properties":{"OBJECTID":null,"GU_NAM":"강남구","F_SHIM":0.2,"F_DISA_NM":"2022년 8.8. ~ 17. 호우(재난지원금)","F_AVR_HGT":19.54,"F_AREA":589.85,"ADM_CD":"1168010100","F_SAT_YMD":"20220826 - 1031","F_END_YMD":null,"F_SAT_TM":"1031","F_END_TM":null,"F_RSN_DTL":"침수","F_ZONE_NM":"서울특별시 강남구 역삼동 830-46 다세대연립 지층호","INV_YR":"2022","F_YR":"2022","TYPE":"주택","layer":"재난지원금 풍수해보험금 침수위 최종","path":"D:/김원상/침수흔적도/풍수해보험금 대상/재난지원금 풍수해보험금 침수위 최종.shp"},"geometry":{"type":"Polygon","coordinates":[[[127.03245929167052,37.49488435051648],[127.0328354463967,37.49499777733953],[127.03290199286567,37.49485837505531],[127.03252629083778,37.49474440772278],[127.03245929167052,37.49488435051648]]]}},{"type":"Feature","properties":{"OBJECTID":null,"GU_NAM":"강남구","F_SHIM":0.2,"F_DISA_NM":"2022년 8.8. ~ 17. 호우(재난지원금)","F_AVR_HGT":18.07,"F_AREA":199.99,"ADM_CD":"1168010100","F_SAT_YMD":"20220809 - 0200","F_END_YMD":null,"F_SAT_TM":"0200","F_END_TM":null,"F_RSN_DTL":"침수(도로범람유입)","F_ZONE_NM":"서울특별시 강남구 역삼동 830-60   B02호","INV_YR":"2022","F_YR":"2022","TYPE":"주택","layer":"재난지원금 풍수해보험금 침수위 최종","path":"D:/김원상/침수흔적도/풍수해보험금 대상/재난지원금 풍수해보험금 침수위 최종.shp"},"geometry":{"type":"Polygon","coordinates":[[[127.03232614661985,37.49476572367457],[127.03236177159117,37.49477670657336],[127.03235408876384,37.4947929265706],[127.0324842609896,37.4948320860018],[127.03253702423164,37.49472197001641],[127.03236907844435,37.49467119761864],[127.03232614661985,37.49476572367457]]]}},{"type":"Feature","properties":{"OBJECTID":null,"GU_NAM":"강남구","F_SHIM":0.2,"F_DISA_NM":"2022년 8.8. ~ 17. 호우(재난지원금)","F_AVR_HGT":22.02,"F_AREA":223.55,"ADM_CD":"1168010100","F_SAT_YMD":"20220816 - 0000","F_END_YMD":null,"F_SAT_TM":"0000","F_END_TM":null,"F_RSN_DTL":"침수","F_ZONE_NM":"서울특별시 강남구 역삼동 792-11 대형빌라 104호","INV_YR":"2022","F_YR":"2022","TYPE":"주택","layer":"재난지원금 풍수해보험금 침수위 최종","path":"D:/김원상/침수흔적도/풍수해보험금 대상/재난지원금 풍수해보험금 침수위 최종.shp"},"geometry":{"type":"Polygon","coordinates":[[[127.0358436757758,37.493859429619285],[127.03599284994351,37.493908130264884],[127.03605667862061,37.4937751240699],[127.03590705318543,37.49372822563444],[127.0358436757758,37.493859429619285]]]}},{"type":"Feature","properties":{"OBJECTID":null,"GU_NAM":"강남구","F_SHIM":0.2,"F_DISA_NM":"2022년 8.8. ~ 17. 호우(재난지원금)","F_AVR_HGT":20.33,"F_AREA":319.84,"ADM_CD":"1168010100","F_SAT_YMD":"20220809 - 0200","F_END_YMD":null,"F_SAT_TM":"0200","F_END_TM":null,"F_RSN_DTL":"침수(도로범람유입)","F_ZONE_NM":"서울특별시 강남구 역삼동 834-104 .연립 .동 102호","INV_YR":"2022","F_YR":"2022","TYPE":"주택","layer":"재난지원금 풍수해보험금 침수위 최종","path":"D:/김원상/침수흔적도/풍수해보험금 대상/재난지원금 풍수해보험금 침수위 최종.shp"},"geometry":{"type":"Polygon","coordinates":[[[127.0350561388774,37.493743877352486],[127.03517692413743,37.49378087408919],[127.03517805387924,37.493778531168125],[127.03526287515405,37.4938047260617],[127.03532862535268,37.49366721471008],[127.03512188899816,37.49360546511473],[127.0350561388774,37.493743877352486]]]}},{"type":"Feature","properties":{"OBJECTID":null,"GU_NAM":"강남구","F_SHIM":0.2,"F_DISA_NM":"2022년 8.8. ~ 17. 호우(재난지원금)","F_AVR_HGT":20.33,"F_AREA":200.38,"ADM_CD":"1168010100","F_SAT_YMD":"20220824 - 1740","F_END_YMD":null,"F_SAT_TM":"1740","F_END_TM":null,"F_RSN_DTL":"침수","F_ZONE_NM":"서울특별시 강남구 역삼동 834-59 다가구연립 B03호","INV_YR":"2022","F_YR":"2022","TYPE":"주택","layer":"재난지원금 풍수해보험금 침수위 최종","path":"D:/김원상/침수흔적도/풍수해보험금 대상/재난지원금 풍수해보험금 침수위 최종.shp"},"geometry":{"type":"Polygon","coordinates":[[[127.0352323820876,37.49363850032395],[127.0353598394224,37.49367657616976],[127.03542796252243,37.49353582048117],[127.03530434970902,37.49349693270875],[127.0352323820876,37.49363850032395]]]}},{"type":"Feature","properties":{"OBJECTID":null,"GU_NAM":"강남구","F_SHIM":0.2,"F_DISA_NM":"2022년 8.8. ~ 17. 호우(재난지원금)","F_AVR_HGT":20.33,"F_AREA":320.72,"ADM_CD":"1168010100","F_SAT_YMD":"20220816 - 0000","F_END_YMD":null,"F_SAT_TM":"0000","F_END_TM":null,"F_RSN_DTL":"침수","F_ZONE_NM":"서울특별시 강남구 역삼동 834-73 지층4호","INV_YR":"2022","F_YR":"2022","TYPE":"주택","layer":"재난지원금 풍수해보험금 침수위 최종","path":"D:/김원상/침수흔적도/풍수해보험금 대상/재난지원금 풍수해보험금 침수위 최종.shp"},"geometry":{"type":"Polygon","coordinates":[[[127.03475297269537,37.49348717810906],[127.03497101997337,37.493557124246514],[127.03503394670201,37.493426731750425],[127.03481522183252,37.493358047318125],[127.03475297269537,37.49348717810906]]]}},{"type":"Feature","properties":{"OBJECTID":null,"GU_NAM":"강남구","F_SHIM":0.2,"F_DISA_NM":"2022년 8.8. ~ 17. 호우(재난지원금)","F_AVR_HGT":22.02,"F_AREA":164.69,"ADM_CD":"1168010100","F_SAT_YMD":"20220830 - 1820","F_END_YMD":null,"F_SAT_TM":"1820","F_END_TM":null,"F_RSN_DTL":"침수","F_ZONE_NM":"서울특별시 강남구 역삼동 792-16 101호","INV_YR":"2022","F_YR":"2022","TYPE":"주택","layer":"재난지원금 풍수해보험금 침수위 최종","path":"D:/김원상/침수흔적도/풍수해보험금 대상/재난지원금 풍수해보험금 침수위 최종.shp"},"geometry":{"type":"Polygon","coordinates":[[[127.0361366186983,37.49375996387762],[127.03628929668885,37.493805149224265],[127.0363356147175,37.493709269216254],[127.03618282360695,37.49366363346204],[127.0361366186983,37.49375996387762]]]}},{"type":"Feature","properties":{"OBJECTID":null,"GU_NAM":"강남구","F_SHIM":0.2,"F_DISA_NM":"2022년 8.8. ~ 17. 호우(재난지원금)","F_AVR_HGT":22.1,"F_AREA":212.29,"ADM_CD":"1168010100","F_SAT_YMD":"20220809 - 0200","F_END_YMD":null,"F_SAT_TM":"0200","F_END_TM":null,"F_RSN_DTL":"침수(도로범람유입)","F_ZONE_NM":"서울특별시 강남구 역삼동 792-35   1층","INV_YR":"2022","F_YR":"2022","TYPE":"주택","layer":"재난지원금 풍수해보험금 침수위 최종","path":"D:/김원상/침수흔적도/풍수해보험금 대상/재난지원금 풍수해보험금 침수위 최종.shp"},"geometry":{"type":"Polygon","coordinates":[[[127.0366331945661,37.49409697139644],[127.03677750512418,37.49414107739661],[127.03684257813858,37.4940115843098],[127.0366970238315,37.49396729855851],[127.0366331945661,37.49409697139644]]]}},{"type":"Feature","properties":{"OBJECTID":null,"GU_NAM":"강남구","F_SHIM":0.2,"F_DISA_NM":"2022년 8.8. ~ 17. 호우(재난지원금)","F_AVR_HGT":20.33,"F_AREA":193.78,"ADM_CD":"1168010100","F_SAT_YMD":"20220809 - 0200","F_END_YMD":null,"F_SAT_TM":"0200","F_END_TM":null,"F_RSN_DTL":"침수(도로범람유입)","F_ZONE_NM":"서울특별시 강남구 역삼동 834-14 .빌라 .동 102호","INV_YR":"2022","F_YR":"2022","TYPE":"주택","layer":"재난지원금 풍수해보험금 침수위 최종","path":"D:/김원상/침수흔적도/풍수해보험금 대상/재난지원금 풍수해보험금 침수위 최종.shp"},"geometry":{"type":"Polygon","coordinates":[[[127.03445301473876,37.493578983883026],[127.03463407829298,37.49363344375066],[127.03467237697572,37.49355396483411],[127.03465845731486,37.4935291912472],[127.03452263148081,37.49348823378273],[127.03449153966413,37.493499324761316],[127.03445301473876,37.493578983883026]]]}},{"type":"Feature","properties":{"OBJECTID":null,"GU_NAM":"강남구","F_SHIM":0.2,"F_DISA_NM":"2022년 8.8. ~ 17. 호우(재난지원금)","F_AVR_HGT":19.94,"F_AREA":188.14,"ADM_CD":"1168010100","F_SAT_YMD":"20220816 - 0000","F_END_YMD":null,"F_SAT_TM":"0000","F_END_TM":null,"F_RSN_DTL":"침수","F_ZONE_NM":"서울특별시 강남구 역삼동 834-51 지하1층","INV_YR":"2022","F_YR":"2022","TYPE":"주택","layer":"재난지원금 풍수해보험금 침수위 최종","path":"D:/김원상/침수흔적도/풍수해보험금 대상/재난지원금 풍수해보험금 침수위 최종.shp"},"geometry":{"type":"Polygon","coordinates":[[[127.03449945497923,37.49401316267539],[127.03468583611641,37.49407158537325],[127.03472933176319,37.49398111278921],[127.03456534365908,37.49392971169455],[127.03453447770588,37.493940532320565],[127.03449945497923,37.49401316267539]]]}},{"type":"Feature","properties":{"OBJECTID":null,"GU_NAM":"강남구","F_SHIM":0.2,"F_DISA_NM":"2022년 8.8. ~ 17. 호우(재난지원금)","F_AVR_HGT":22.08,"F_AREA":160.55,"ADM_CD":"1168010100","F_SAT_YMD":"20220809 - 0000","F_END_YMD":null,"F_SAT_TM":"0000","F_END_TM":null,"F_RSN_DTL":"침수","F_ZONE_NM":"서울특별시 강남구 역삼동 834-24 지층 102호","INV_YR":"2022","F_YR":"2022","TYPE":"주택","layer":"재난지원금 풍수해보험금 침수위 최종","path":"D:/김원상/침수흔적도/풍수해보험금 대상/재난지원금 풍수해보험금 침수위 최종.shp"},"geometry":{"type":"Polygon","coordinates":[[[127.03456131364666,37.49299573649595],[127.03470788303103,37.493041195900844],[127.034754767362,37.49294387474101],[127.03460797218222,37.492898865956654],[127.03456131364666,37.49299573649595]]]}},{"type":"Feature","properties":{"OBJECTID":null,"GU_NAM":"강남구","F_SHIM":0.2,"F_DISA_NM":"2022년 8.8. ~ 17. 호우(재난지원금)","F_AVR_HGT":18.96,"F_AREA":179.16,"ADM_CD":"1168010100","F_SAT_YMD":"20220812 - 0000","F_END_YMD":null,"F_SAT_TM":"0000","F_END_TM":null,"F_RSN_DTL":"침수","F_ZONE_NM":"서울특별시 강남구 역삼동 834-41 지하층","INV_YR":"2022","F_YR":"2022","TYPE":"주택","layer":"재난지원금 풍수해보험금 침수위 최종","path":"D:/김원상/침수흔적도/풍수해보험금 대상/재난지원금 풍수해보험금 침수위 최종.shp"},"geometry":{"type":"Polygon","coordinates":[[[127.03402905501424,37.49377876284669],[127.03416951869313,37.49382278299374],[127.03422386021035,37.4937088816017],[127.03408305814061,37.49366639331112],[127.03402905501424,37.49377876284669]]]}},{"type":"Feature","properties":{"OBJECTID":null,"GU_NAM":"강남구","F_SHIM":0.2,"F_DISA_NM":"2022년 8.8. ~ 17. 호우(재난지원금)","F_AVR_HGT":24.4,"F_AREA":764.31,"ADM_CD":"1168010100","F_SAT_YMD":"20220812 - 0000","F_END_YMD":null,"F_SAT_TM":"0000","F_END_TM":null,"F_RSN_DTL":"침수","F_ZONE_NM":"서울특별시 강남구 역삼동 835-12 역삼르비앙아파트 .동 101호","INV_YR":"2022","F_YR":"2022","TYPE":"주택","layer":"재난지원금 풍수해보험금 침수위 최종","path":"D:/김원상/침수흔적도/풍수해보험금 대상/재난지원금 풍수해보험금 침수위 최종.shp"},"geometry":{"type":"Polygon","coordinates":[[[127.03511804533659,37.49184076790563],[127.03544601053723,37.4919372613741],[127.03554474594752,37.49173117428196],[127.03521881506897,37.49163062600374],[127.03511804533659,37.49184076790563]]]}},{"type":"Feature","properties":{"OBJECTID":null,"GU_NAM":"강남구","F_SHIM":0.2,"F_DISA_NM":"2022년 풍수해보험금 지급","F_AVR_HGT":18.07,"F_AREA":221.79,"ADM_CD":"1168010100","F_SAT_YMD":"20220808","F_END_YMD":null,"F_SAT_TM":null,"F_END_TM":null,"F_RSN_DTL":"침수","F_ZONE_NM":"서울 강남구 역삼로5길 5-1","INV_YR":"2022","F_YR":"2022","TYPE":"주택","layer":"재난지원금 풍수해보험금 침수위 최종","path":"D:/김원상/침수흔적도/풍수해보험금 대상/재난지원금 풍수해보험금 침수위 최종.shp"},"geometry":{"type":"Polygon","coordinates":[[[127.03194871408793,37.49428522832292],[127.0320778671328,37.494323487468336],[127.032119217846,37.494233737203054],[127.032319281184,37.4942941422866],[127.03233137038859,37.4942689111449],[127.03200407651919,37.49417006629777],[127.03194871408793,37.49428522832292]]]}},{"type":"Feature","properties":{"OBJECTID":null,"GU_NAM":"강남구","F_SHIM":0.2,"F_DISA_NM":"2022년 8.8. ~ 17. 호우(재난지원금)","F_AVR_HGT":18.07,"F_AREA":199.05,"ADM_CD":"1168010100","F_SAT_YMD":"20220824 - 1720","F_END_YMD":null,"F_SAT_TM":"1720","F_END_TM":null,"F_RSN_DTL":"침수","F_ZONE_NM":"서울특별시 강남구 역삼동 830-20 다세대연립 102호","INV_YR":"2022","F_YR":"2022","TYPE":"주택","layer":"재난지원금 풍수해보험금 침수위 최종","path":"D:/김원상/침수흔적도/풍수해보험금 대상/재난지원금 풍수해보험금 침수위 최종.shp"},"geometry":{"type":"Polygon","coordinates":[[[127.0320778671328,37.494323487468336],[127.03227725164137,37.4943825412983],[127.032319281184,37.4942941422866],[127.032119217846,37.494233737203054],[127.0320778671328,37.494323487468336]]]}},{"type":"Feature","properties":{"OBJECTID":null,"GU_NAM":"강남구","F_SHIM":0.2,"F_DISA_NM":"2022년 8.8. ~ 17. 호우(재난지원금)","F_AVR_HGT":24.63,"F_AREA":234.62,"ADM_CD":"1168010100","F_SAT_YMD":"20220812 - 0000","F_END_YMD":null,"F_SAT_TM":"0000","F_END_TM":null,"F_RSN_DTL":"침수","F_ZONE_NM":"서울특별시 강남구 역삼동 791-6 102호","INV_YR":"2022","F_YR":"2022","TYPE":"주택","layer":"재난지원금 풍수해보험금 침수위 최종","path":"D:/김원상/침수흔적도/풍수해보험금 대상/재난지원금 풍수해보험금 침수위 최종.shp"},"geometry":{"type":"Polygon","coordinates":[[[127.03861578497795,37.494706612491655],[127.03877389578541,37.49475485631185],[127.03883658917444,37.49462130839332],[127.03868141919236,37.494574054830316],[127.03861578497795,37.494706612491655]]]}},{"type":"Feature","properties":{"OBJECTID":null,"GU_NAM":"강남구","F_SHIM":0.2,"F_DISA_NM":"2022년 8.8. ~ 17. 호우(재난지원금)","F_AVR_HGT":23.06,"F_AREA":177.99,"ADM_CD":"1168010100","F_SAT_YMD":"20220812 - 0000","F_END_YMD":null,"F_SAT_TM":"0000","F_END_TM":null,"F_RSN_DTL":"침수","F_ZONE_NM":"서울특별시 강남구 역삼동 792-55 B01호","INV_YR":"2022","F_YR":"2022","TYPE":"주택","layer":"재난지원금 풍수해보험금 침수위 최종","path":"D:/김원상/침수흔적도/풍수해보험금 대상/재난지원금 풍수해보험금 침수위 최종.shp"},"geometry":{"type":"Polygon","coordinates":[[[127.03762191134653,37.49422182222969],[127.03777278249984,37.49426826760698],[127.03782452313224,37.494164907062085],[127.03767297311143,37.49411729065829],[127.03762191134653,37.49422182222969]]]}},{"type":"Feature","properties":{"OBJECTID":null,"GU_NAM":"서초구","F_SHIM":0.2,"F_DISA_NM":"2022년 8.8. ~ 17. 호우(재난지원금)","F_AVR_HGT":17.77,"F_AREA":690.9,"ADM_CD":"1165010800","F_SAT_YMD":"20220822 - 1156","F_END_YMD":null,"F_SAT_TM":"1156","F_END_TM":null,"F_RSN_DTL":"침수","F_ZONE_NM":"서울특별시 서초구 서초동 1637-7 B01호","INV_YR":"2022","F_YR":"2022","TYPE":"주택","layer":"재난지원금 풍수해보험금 침수위 최종","path":"D:/김원상/침수흔적도/풍수해보험금 대상/재난지원금 풍수해보험금 침수위 최종.shp"},"geometry":{"type":"Polygon","coordinates":[[[127.02084308424024,37.494545613262815],[127.02092488742692,37.49433008074664],[127.02088179632976,37.49430080532975],[127.02086822771679,37.49430468185141],[127.02082808659728,37.49431369841581],[127.02078692686722,37.49431929133414],[127.02074520085257,37.494321460531715],[127.0207035869937,37.49432002569785],[127.02066231150285,37.49431516699589],[127.02062182670606,37.49430688435308],[127.0205828111121,37.49429526776065],[127.02056053206594,37.494286342447616],[127.02048628769597,37.494436352808634],[127.02059450268236,37.49446951018917],[127.02084308424024,37.494545613262815]]]}},{"type":"Feature","properties":{"OBJECTID":null,"GU_NAM":"서초구","F_SHIM":0.2,"F_DISA_NM":"2022년 8.8. ~ 17. 호우(재난지원금)","F_AVR_HGT":15.3,"F_AREA":186.34,"ADM_CD":"1165010800","F_SAT_YMD":"20220808 - 1213","F_END_YMD":null,"F_SAT_TM":"1213","F_END_TM":null,"F_RSN_DTL":"침수","F_ZONE_NM":"서울특별시 서초구 서초동 1639-8 102호","INV_YR":"2022","F_YR":"2022","TYPE":"주택","layer":"재난지원금 풍수해보험금 침수위 최종","path":"D:/김원상/침수흔적도/풍수해보험금 대상/재난지원금 풍수해보험금 침수위 최종.shp"},"geometry":{"type":"Polygon","coordinates":[[[127.01882544018721,37.4945213107792],[127.018867305779,37.49443743058509],[127.01876087838184,37.49440475790117],[127.01866578251204,37.49437557034544],[127.01863604476986,37.49443543707274],[127.0186588999601,37.4944426958156],[127.01864633116755,37.49446782651766],[127.01882544018721,37.4945213107792]]]}},{"type":"Feature","properties":{"OBJECTID":null,"GU_NAM":"서초구","F_SHIM":0.2,"F_DISA_NM":"2022년 8.8. ~ 17. 호우(재난지원금)","F_AVR_HGT":15.3,"F_AREA":185.57,"ADM_CD":"1165010800","F_SAT_YMD":"20220808 - 0600","F_END_YMD":null,"F_SAT_TM":"0600","F_END_TM":null,"F_RSN_DTL":"침수","F_ZONE_NM":"서울특별시 서초구 서초동 1639-11 지하","INV_YR":"2022","F_YR":"2022","TYPE":"주택","layer":"재난지원금 풍수해보험금 침수위 최종","path":"D:/김원상/침수흔적도/풍수해보험금 대상/재난지원금 풍수해보험금 침수위 최종.shp"},"geometry":{"type":"Polygon","coordinates":[[[127.01889045496557,37.49444453607005],[127.01897905972723,37.49447170616506],[127.01906626950775,37.49428779922057],[127.01897539185089,37.49425989070626],[127.01889045496557,37.49444453607005]]]}},{"type":"Feature","properties":{"OBJECTID":null,"GU_NAM":"서초구","F_SHIM":0.2,"F_DISA_NM":"2022년 8.8. ~ 17. 호우(재난지원금)","F_AVR_HGT":15.3,"F_AREA":268.07,"ADM_CD":"1165010800","F_SAT_YMD":"20220817 - 1907","F_END_YMD":null,"F_SAT_TM":"1907","F_END_TM":null,"F_RSN_DTL":"침수","F_ZONE_NM":"서울특별시 서초구 서초동 1639-10 지하101호","INV_YR":"2022","F_YR":"2022","TYPE":"주택","layer":"재난지원금 풍수해보험금 침수위 최종","path":"D:/김원상/침수흔적도/풍수해보험금 대상/재난지원금 풍수해보험금 침수위 최종.shp"},"geometry":{"type":"Polygon","coordinates":[[[127.018867305779,37.49443743058509],[127.01889045496557,37.49444453607005],[127.01897539185089,37.49425989070626],[127.01884574768486,37.494220076599184],[127.01876350053662,37.49439907221086],[127.01876087838184,37.49440475790117],[127.018867305779,37.49443743058509]]]}},{"type":"Feature","properties":{"OBJECTID":null,"GU_NAM":"강남구","F_SHIM":0.2,"F_DISA_NM":"2022년 8.8. ~ 17. 호우(재난지원금)","F_AVR_HGT":33.06,"F_AREA":423.85,"ADM_CD":"1168011800","F_SAT_YMD":"20220820 - 0844","F_END_YMD":null,"F_SAT_TM":"0844","F_END_TM":null,"F_RSN_DTL":"침수","F_ZONE_NM":"서울특별시 강남구 도곡동 547-5 서진주택연립 A동 지하1호","INV_YR":"2022","F_YR":"2022","TYPE":"주택","layer":"재난지원금 풍수해보험금 침수위 최종","path":"D:/김원상/침수흔적도/풍수해보험금 대상/재난지원금 풍수해보험금 침수위 최종.shp"},"geometry":{"type":"Polygon","coordinates":[[[127.03774406905241,37.49054056956565],[127.03789368879393,37.49058647460273],[127.03801376449822,37.490334698118644],[127.0378641451856,37.49028879323144],[127.03774406905241,37.49054056956565]]]}},{"type":"Feature","properties":{"OBJECTID":null,"GU_NAM":"서초구","F_SHIM":0.2,"F_DISA_NM":"2022년 8.8. ~ 17. 호우(재난지원금)","F_AVR_HGT":15.3,"F_AREA":206.19,"ADM_CD":"1165010800","F_SAT_YMD":"20220818 - 1957","F_END_YMD":null,"F_SAT_TM":"1957","F_END_TM":null,"F_RSN_DTL":"침수","F_ZONE_NM":"서울특별시 서초구 서초동 1640-15 무궁화주택연립 지하103호","INV_YR":"2022","F_YR":"2022","TYPE":"주택","layer":"재난지원금 풍수해보험금 침수위 최종","path":"D:/김원상/침수흔적도/풍수해보험금 대상/재난지원금 풍수해보험금 침수위 최종.shp"},"geometry":{"type":"Polygon","coordinates":[[[127.01923023436358,37.49418663754111],[127.01929194830048,37.49411743149867],[127.01930303848322,37.49410499603429],[127.01913407466502,37.494008884686046],[127.01905922387907,37.49409124719371],[127.01923023436358,37.49418663754111]]]}},{"type":"Feature","properties":{"OBJECTID":null,"GU_NAM":"서초구","F_SHIM":0.2,"F_DISA_NM":"2022년 8.8. ~ 17. 호우(재난지원금)","F_AVR_HGT":16.52,"F_AREA":207.68,"ADM_CD":"1165010800","F_SAT_YMD":"20220808 - 1230","F_END_YMD":null,"F_SAT_TM":"1230","F_END_TM":null,"F_RSN_DTL":"침수","F_ZONE_NM":"서울특별시 서초구 서초동 1640-20 아름다운집빌라 101호","INV_YR":"2022","F_YR":"2022","TYPE":"주택","layer":"재난지원금 풍수해보험금 침수위 최종","path":"D:/김원상/침수흔적도/풍수해보험금 대상/재난지원금 풍수해보험금 침수위 최종.shp"},"geometry":{"type":"Polygon","coordinates":[[[127.01957673262798,37.49427524344652],[127.01965791359034,37.49418495985486],[127.01954684247504,37.49412126717235],[127.01950522336938,37.494097397025605],[127.0194222450589,37.49419066309495],[127.01957673262798,37.49427524344652]]]}},{"type":"Feature","properties":{"OBJECTID":null,"GU_NAM":"서초구","F_SHIM":0.2,"F_DISA_NM":"2022년 8.8. ~ 17. 호우(재난지원금)","F_AVR_HGT":15.3,"F_AREA":181.53,"ADM_CD":"1165010800","F_SAT_YMD":"20220817 - 1050","F_END_YMD":null,"F_SAT_TM":"1050","F_END_TM":null,"F_RSN_DTL":"침수","F_ZONE_NM":"서울특별시 서초구 서초동 1640-14 지하1층 102호","INV_YR":"2022","F_YR":"2022","TYPE":"주택","layer":"재난지원금 풍수해보험금 침수위 최종","path":"D:/김원상/침수흔적도/풍수해보험금 대상/재난지원금 풍수해보험금 침수위 최종.shp"},"geometry":{"type":"Polygon","coordinates":[[[127.01901912763846,37.49419611148044],[127.01917822001927,37.4942449670352],[127.01923023436358,37.49418663754111],[127.01905922387907,37.49409124719371],[127.0190030489413,37.49415306409803],[127.01901912763846,37.49419611148044]]]}},{"type":"Feature","properties":{"OBJECTID":null,"GU_NAM":"서초구","F_SHIM":0.2,"F_DISA_NM":"2022년 8.8. ~ 17. 호우(재난지원금)","F_AVR_HGT":15.3,"F_AREA":204.42,"ADM_CD":"1165010800","F_SAT_YMD":"20220808 - 1230","F_END_YMD":null,"F_SAT_TM":"1230","F_END_TM":null,"F_RSN_DTL":"침수","F_ZONE_NM":"서울특별시 서초구 서초동 1640-16 봉황주택연립 101호","INV_YR":"2022","F_YR":"2022","TYPE":"주택","layer":"재난지원금 풍수해보험금 침수위 최종","path":"D:/김원상/침수흔적도/풍수해보험금 대상/재난지원금 풍수해보험금 침수위 최종.shp"},"geometry":{"type":"Polygon","coordinates":[[[127.01930303848322,37.49410499603429],[127.01937595550262,37.49402326436449],[127.01932256331193,37.49399264744447],[127.01920833742174,37.49392715291765],[127.01913407466502,37.494008884686046],[127.01930303848322,37.49410499603429]]]}},{"type":"Feature","properties":{"OBJECTID":null,"GU_NAM":"서초구","F_SHIM":0.2,"F_DISA_NM":"2022년 8.8. ~ 17. 호우(재난지원금)","F_AVR_HGT":19.54,"F_AREA":241.57,"ADM_CD":"1165010800","F_SAT_YMD":"20220808 - 2000","F_END_YMD":null,"F_SAT_TM":"2000","F_END_TM":null,"F_RSN_DTL":"침수(기타)","F_ZONE_NM":"서울특별시 서초구 서초동 1668-4 창희주택연립 102호","INV_YR":"2022","F_YR":"2022","TYPE":"주택","layer":"재난지원금 풍수해보험금 침수위 최종","path":"D:/김원상/침수흔적도/풍수해보험금 대상/재난지원금 풍수해보험금 침수위 최종.shp"},"geometry":{"type":"Polygon","coordinates":[[[127.01827980723432,37.49372429307949],[127.01839053083422,37.49375858738658],[127.01846231167646,37.493600055220774],[127.01832683360706,37.49355827719688],[127.0182534805704,37.49371615177447],[127.01827980723432,37.49372429307949]]]}},{"type":"Feature","properties":{"OBJECTID":null,"GU_NAM":"서초구","F_SHIM":0.2,"F_DISA_NM":"2022년 8.8. ~ 17. 호우(재난지원금)","F_AVR_HGT":19.54,"F_AREA":175.32,"ADM_CD":"1165010800","F_SAT_YMD":"20220808 - 1100","F_END_YMD":null,"F_SAT_TM":"1100","F_END_TM":null,"F_RSN_DTL":"침수(기타)","F_ZONE_NM":"서울특별시 서초구 서초동 1640-7 지하층","INV_YR":"2022","F_YR":"2022","TYPE":"주택","layer":"재난지원금 풍수해보험금 침수위 최종","path":"D:/김원상/침수흔적도/풍수해보험금 대상/재난지원금 풍수해보험금 침수위 최종.shp"},"geometry":{"type":"Polygon","coordinates":[[[127.01909734673927,37.49362443358288],[127.0192016539754,37.49368546975694],[127.01930338735266,37.493573388137825],[127.01919773471624,37.49351305503357],[127.01909734673927,37.49362443358288]]]}},{"type":"Feature","properties":{"OBJECTID":null,"GU_NAM":"서초구","F_SHIM":0.2,"F_DISA_NM":"2022년 8.8. ~ 17. 호우(재난지원금)","F_AVR_HGT":19.54,"F_AREA":234.46,"ADM_CD":"1165010800","F_SAT_YMD":"20220831 - 1725","F_END_YMD":null,"F_SAT_TM":"1725","F_END_TM":null,"F_RSN_DTL":"침수(기타)","F_ZONE_NM":"서울특별시 서초구 서초동 1668-9","INV_YR":"2022","F_YR":"2022","TYPE":"주택","layer":"재난지원금 풍수해보험금 침수위 최종","path":"D:/김원상/침수흔적도/풍수해보험금 대상/재난지원금 풍수해보험금 침수위 최종.shp"},"geometry":{"type":"Polygon","coordinates":[[[127.01828722894628,37.49348803187477],[127.01842123673897,37.493529359655106],[127.01849855921846,37.493375529886855],[127.01836329646889,37.493334130292105],[127.01828722894628,37.49348803187477]]]}},{"type":"Feature","properties":{"OBJECTID":null,"GU_NAM":"서초구","F_SHIM":0.2,"F_DISA_NM":"2022년 8.8. ~ 17. 호우(재난지원금)","F_AVR_HGT":16.51,"F_AREA":194.11,"ADM_CD":"1165010800","F_SAT_YMD":"20220817 - 1110","F_END_YMD":null,"F_SAT_TM":"1110","F_END_TM":null,"F_RSN_DTL":"침수","F_ZONE_NM":"서울특별시 서초구 서초동 1659-16 101호","INV_YR":"2022","F_YR":"2022","TYPE":"주택","layer":"재난지원금 풍수해보험금 침수위 최종","path":"D:/김원상/침수흔적도/풍수해보험금 대상/재난지원금 풍수해보험금 침수위 최종.shp"},"geometry":{"type":"Polygon","coordinates":[[[127.01604214459988,37.49287902811434],[127.01606701866949,37.49274655104377],[127.01606869048986,37.49273763093912],[127.01593186301723,37.49271998811555],[127.01590678716009,37.492862799651164],[127.01604214459988,37.49287902811434]]]}},{"type":"Feature","properties":{"OBJECTID":null,"GU_NAM":"서초구","F_SHIM":0.2,"F_DISA_NM":"2022년 8.8. ~ 17. 호우(재난지원금)","F_AVR_HGT":16.51,"F_AREA":260.73,"ADM_CD":"1165010800","F_SAT_YMD":"20220808 - 2000","F_END_YMD":null,"F_SAT_TM":"2000","F_END_TM":null,"F_RSN_DTL":"침수(기타)","F_ZONE_NM":"서울특별시 서초구 서초동 1658-25 101호","INV_YR":"2022","F_YR":"2022","TYPE":"주택","layer":"재난지원금 풍수해보험금 침수위 최종","path":"D:/김원상/침수흔적도/풍수해보험금 대상/재난지원금 풍수해보험금 침수위 최종.shp"},"geometry":{"type":"Polygon","coordinates":[[[127.01561289480577,37.49278782684365],[127.01582649205936,37.49281163261194],[127.01586255974453,37.49278991414116],[127.0158770179576,37.49270765109633],[127.0157349891173,37.492690567296684],[127.01563525234435,37.49267857793915],[127.01561289480577,37.49278782684365]]]}},{"type":"Feature","properties":{"OBJECTID":null,"GU_NAM":"서초구","F_SHIM":0.2,"F_DISA_NM":"2022년 8.8. ~ 17. 호우(재난지원금)","F_AVR_HGT":16.51,"F_AREA":188.39,"ADM_CD":"1165010800","F_SAT_YMD":"20220819 - 1404","F_END_YMD":null,"F_SAT_TM":"1404","F_END_TM":null,"F_RSN_DTL":"침수","F_ZONE_NM":"서울특별시 서초구 서초동 1658-16 지하101호","INV_YR":"2022","F_YR":"2022","TYPE":"주택","layer":"재난지원금 풍수해보험금 침수위 최종","path":"D:/김원상/침수흔적도/풍수해보험금 대상/재난지원금 풍수해보험금 침수위 최종.shp"},"geometry":{"type":"Polygon","coordinates":[[[127.01530697362821,37.492601040622795],[127.01531763621243,37.492536167384905],[127.01532753069833,37.4924758893347],[127.01517810729075,37.49245949949902],[127.01515518662445,37.492584479844396],[127.01530697362821,37.492601040622795]]]}},{"type":"Feature","properties":{"OBJECTID":null,"GU_NAM":"서초구","F_SHIM":0.2,"F_DISA_NM":"2022년 8.8. ~ 17. 호우(재난지원금)","F_AVR_HGT":29.73,"F_AREA":281.05,"ADM_CD":"1165010800","F_SAT_YMD":"20220808 - 2100","F_END_YMD":null,"F_SAT_TM":"2100","F_END_TM":null,"F_RSN_DTL":"침수(기타)","F_ZONE_NM":"서울특별시 서초구 서초동 1643-37 B03호","INV_YR":"2022","F_YR":"2022","TYPE":"주택","layer":"재난지원금 풍수해보험금 침수위 최종","path":"D:/김원상/침수흔적도/풍수해보험금 대상/재난지원금 풍수해보험금 침수위 최종.shp"},"geometry":{"type":"Polygon","coordinates":[[[127.01946691078497,37.492344318538834],[127.01958859567699,37.492214141536714],[127.01944707108962,37.49213016287393],[127.01940537899192,37.492174777702026],[127.01932544261382,37.49226028566365],[127.01946691078497,37.492344318538834]]]}},{"type":"Feature","properties":{"OBJECTID":null,"GU_NAM":"서초구","F_SHIM":0.2,"F_DISA_NM":"2022년 8.8. ~ 17. 호우(재난지원금)","F_AVR_HGT":29.92,"F_AREA":253.22,"ADM_CD":"1165010800","F_SAT_YMD":"20220808 - 1033","F_END_YMD":null,"F_SAT_TM":"1033","F_END_TM":null,"F_RSN_DTL":"침수","F_ZONE_NM":"서울특별시 서초구 서초동 1643-36 B01호","INV_YR":"2022","F_YR":"2022","TYPE":"주택","layer":"재난지원금 풍수해보험금 침수위 최종","path":"D:/김원상/침수흔적도/풍수해보험금 대상/재난지원금 풍수해보험금 침수위 최종.shp"},"geometry":{"type":"Polygon","coordinates":[[[127.01932544261382,37.49226028566365],[127.01940537899192,37.492174777702026],[127.01926062047926,37.49208991632492],[127.01915310019193,37.492204900019246],[127.01929764402045,37.49229002284871],[127.01932544261382,37.49226028566365]]]}},{"type":"Feature","properties":{"OBJECTID":null,"GU_NAM":"서초구","F_SHIM":0.2,"F_DISA_NM":"2022년 8.8. ~ 17. 호우(재난지원금)","F_AVR_HGT":17.67,"F_AREA":319.83,"ADM_CD":"1165010800","F_SAT_YMD":"20220814 - 1526","F_END_YMD":null,"F_SAT_TM":"1526","F_END_TM":null,"F_RSN_DTL":"침수","F_ZONE_NM":"서울특별시 서초구 서초동 1660-28 예원빌빌라 지하01호","INV_YR":"2022","F_YR":"2022","TYPE":"주택","layer":"재난지원금 풍수해보험금 침수위 최종","path":"D:/김원상/침수흔적도/풍수해보험금 대상/재난지원금 풍수해보험금 침수위 최종.shp"},"geometry":{"type":"Polygon","coordinates":[[[127.01598161417763,37.492176498884],[127.0160125744988,37.49200025949449],[127.01597864455837,37.49196422365309],[127.0158601263258,37.491950308641364],[127.01582546256671,37.49215705629987],[127.01598161417763,37.492176498884]]]}},{"type":"Feature","properties":{"OBJECTID":null,"GU_NAM":"서초구","F_SHIM":0.2,"F_DISA_NM":"2022년 8.8. ~ 17. 호우(재난지원금)","F_AVR_HGT":17.67,"F_AREA":311.1,"ADM_CD":"1165010800","F_SAT_YMD":"20220817 - 1138","F_END_YMD":null,"F_SAT_TM":"1138","F_END_TM":null,"F_RSN_DTL":"침수","F_ZONE_NM":"서울특별시 서초구 서초동 1660-25 B101호","INV_YR":"2022","F_YR":"2022","TYPE":"주택","layer":"재난지원금 풍수해보험금 침수위 최종","path":"D:/김원상/침수흔적도/풍수해보험금 대상/재난지원금 풍수해보험금 침수위 최종.shp"},"geometry":{"type":"Polygon","coordinates":[[[127.01567506787264,37.4921441000193],[127.01582546256671,37.49215705629987],[127.0158601263258,37.491950308641364],[127.01571235458404,37.491932955209315],[127.01567506787264,37.4921441000193]]]}},{"type":"Feature","properties":{"OBJECTID":null,"GU_NAM":"서초구","F_SHIM":0.2,"F_DISA_NM":"2022년 8.8. ~ 17. 호우(재난지원금)","F_AVR_HGT":17.85,"F_AREA":214.07,"ADM_CD":"1165010800","F_SAT_YMD":"20220808 - 0600","F_END_YMD":null,"F_SAT_TM":"0600","F_END_TM":null,"F_RSN_DTL":"침수","F_ZONE_NM":"서울특별시 서초구 서초동 1660-8 현대주택연립 A동 B01호","INV_YR":"2022","F_YR":"2022","TYPE":"주택","layer":"재난지원금 풍수해보험금 침수위 최종","path":"D:/김원상/침수흔적도/풍수해보험금 대상/재난지원금 풍수해보험금 침수위 최종.shp"},"geometry":{"type":"Polygon","coordinates":[[[127.01510242039693,37.49199910626089],[127.01512591614373,37.491865755556965],[127.01500209496184,37.491851957425034],[127.01498368280922,37.491959475855495],[127.01480142259699,37.49194039529037],[127.01479673465788,37.49196715551725],[127.01510242039693,37.49199910626089]]]}},{"type":"Feature","properties":{"OBJECTID":null,"GU_NAM":"서초구","F_SHIM":0.2,"F_DISA_NM":"2022년 8.8. ~ 17. 호우(재난지원금)","F_AVR_HGT":17.67,"F_AREA":173.77,"ADM_CD":"1165010800","F_SAT_YMD":"20220808 - 0600","F_END_YMD":null,"F_SAT_TM":"0600","F_END_TM":null,"F_RSN_DTL":"침수","F_ZONE_NM":"서울특별시 서초구 서초동 1665-23 서교빌라 지하102호","INV_YR":"2022","F_YR":"2022","TYPE":"주택","layer":"재난지원금 풍수해보험금 침수위 최종","path":"D:/김원상/침수흔적도/풍수해보험금 대상/재난지원금 풍수해보험금 침수위 최종.shp"},"geometry":{"type":"Polygon","coordinates":[[[127.01558003396781,37.49188092026406],[127.01568576280637,37.49189334143141],[127.01571233272828,37.49187721935181],[127.01573060591038,37.491758014852735],[127.01560304207786,37.491744785430555],[127.01558003396781,37.49188092026406]]]}},{"type":"Feature","properties":{"OBJECTID":null,"GU_NAM":"서초구","F_SHIM":0.2,"F_DISA_NM":"2022년 8.8. ~ 17. 호우(재난지원금)","F_AVR_HGT":17.67,"F_AREA":249.82,"ADM_CD":"1165010800","F_SAT_YMD":"20220817 - 1103","F_END_YMD":null,"F_SAT_TM":"1103","F_END_TM":null,"F_RSN_DTL":"침수","F_ZONE_NM":"서울특별시 서초구 서초동 1660-18 지하 01호","INV_YR":"2022","F_YR":"2022","TYPE":"주택","layer":"재난지원금 풍수해보험금 침수위 최종","path":"D:/김원상/침수흔적도/풍수해보험금 대상/재난지원금 풍수해보험금 침수위 최종.shp"},"geometry":{"type":"Polygon","coordinates":[[[127.01540692294346,37.49180760835249],[127.01541161065491,37.4917808481007],[127.01527052255209,37.491765637709314],[127.01529684319053,37.49162336673677],[127.01517072697122,37.49160977627866],[127.01515112863336,37.491721772846894],[127.01514109785866,37.49177899651572],[127.01540692294346,37.49180760835249]]]}},{"type":"Feature","properties":{"OBJECTID":null,"GU_NAM":"서초구","F_SHIM":0.2,"F_DISA_NM":"2022년 8.8. ~ 17. 호우(재난지원금)","F_AVR_HGT":17.67,"F_AREA":330.12,"ADM_CD":"1165010800","F_SAT_YMD":"20220808 - 1441","F_END_YMD":null,"F_SAT_TM":"1441","F_END_TM":null,"F_RSN_DTL":"침수","F_ZONE_NM":"서울특별시 서초구 서초동 1665-24 에이스주택연립 B동 102호","INV_YR":"2022","F_YR":"2022","TYPE":"주택","layer":"재난지원금 풍수해보험금 침수위 최종","path":"D:/김원상/침수흔적도/풍수해보험금 대상/재난지원금 풍수해보험금 침수위 최종.shp"},"geometry":{"type":"Polygon","coordinates":[[[127.01560304207786,37.491744785430555],[127.01562193870913,37.491632969071624],[127.01548532930835,37.49162127230174],[127.01544806490526,37.49183337210872],[127.01548199453164,37.49186940810337],[127.01558003396781,37.49188092026406],[127.01560304207786,37.491744785430555]]]}},{"type":"Feature","properties":{"OBJECTID":null,"GU_NAM":"서초구","F_SHIM":0.2,"F_DISA_NM":"2022년 8.8. ~ 17. 호우(재난지원금)","F_AVR_HGT":17.85,"F_AREA":212.01,"ADM_CD":"1165010800","F_SAT_YMD":"20220817 - 1938","F_END_YMD":null,"F_SAT_TM":"1938","F_END_TM":null,"F_RSN_DTL":"침수","F_ZONE_NM":"서울특별시 서초구 서초동 1660-10 교대타운빌라 가동 B02호","INV_YR":"2022","F_YR":"2022","TYPE":"주택","layer":"재난지원금 풍수해보험금 침수위 최종","path":"D:/김원상/침수흔적도/풍수해보험금 대상/재난지원금 풍수해보험금 침수위 최종.shp"},"geometry":{"type":"Polygon","coordinates":[[[127.01512591614373,37.491865755556965],[127.01514109785866,37.49177899651572],[127.01515112863336,37.491721772846894],[127.01502502351767,37.49170782183217],[127.01499935797365,37.49172314176444],[127.0149773307303,37.49184919417906],[127.01500209496184,37.491851957425034],[127.01512591614373,37.491865755556965]]]}},{"type":"Feature","properties":{"OBJECTID":null,"GU_NAM":"서초구","F_SHIM":0.2,"F_DISA_NM":"2022년 8.8. ~ 17. 호우(재난지원금)","F_AVR_HGT":17.85,"F_AREA":195.51,"ADM_CD":"1165010800","F_SAT_YMD":"20220808 - 0600","F_END_YMD":null,"F_SAT_TM":"0600","F_END_TM":null,"F_RSN_DTL":"침수","F_ZONE_NM":"서울특별시 서초구 서초동 1660-9 교대타운연립 사동 102호","INV_YR":"2022","F_YR":"2022","TYPE":"주택","layer":"재난지원금 풍수해보험금 침수위 최종","path":"D:/김원상/침수흔적도/풍수해보험금 대상/재난지원금 풍수해보험금 침수위 최종.shp"},"geometry":{"type":"Polygon","coordinates":[[[127.01482051326157,37.4918317325415],[127.0149773307303,37.49184919417906],[127.01499935797365,37.49172314176444],[127.01486637769048,37.49170829036475],[127.01483933276,37.49172460151816],[127.01482051326157,37.4918317325415]]]}},{"type":"Feature","properties":{"OBJECTID":null,"GU_NAM":"서초구","F_SHIM":0.2,"F_DISA_NM":"2022년 8.8. ~ 17. 호우(재난지원금)","F_AVR_HGT":17.67,"F_AREA":220.25,"ADM_CD":"1165010800","F_SAT_YMD":"20220817 - 1113","F_END_YMD":null,"F_SAT_TM":"1113","F_END_TM":null,"F_RSN_DTL":"침수","F_ZONE_NM":"서울특별시 서초구 서초동 1660-16 101호","INV_YR":"2022","F_YR":"2022","TYPE":"주택","layer":"재난지원금 풍수해보험금 침수위 최종","path":"D:/김원상/침수흔적도/풍수해보험금 대상/재난지원금 풍수해보험금 침수위 최종.shp"},"geometry":{"type":"Polygon","coordinates":[[[127.01530453251576,37.4916241947597],[127.0154366080073,37.491638397053016],[127.01546111954103,37.491498649054144],[127.01542715618473,37.4914626941452],[127.01533479394847,37.49145239754303],[127.01530453251576,37.4916241947597]]]}},{"type":"Feature","properties":{"OBJECTID":null,"GU_NAM":"서초구","F_SHIM":0.2,"F_DISA_NM":"2022년 8.8. ~ 17. 호우(재난지원금)","F_AVR_HGT":25.05,"F_AREA":244.89,"ADM_CD":"1165010800","F_SAT_YMD":"20220808 - 2003","F_END_YMD":null,"F_SAT_TM":"2003","F_END_TM":null,"F_RSN_DTL":"침수","F_ZONE_NM":"서울특별시 서초구 서초동 1642-30 지하101호","INV_YR":"2022","F_YR":"2022","TYPE":"주택","layer":"재난지원금 풍수해보험금 침수위 최종","path":"D:/김원상/침수흔적도/풍수해보험금 대상/재난지원금 풍수해보험금 침수위 최종.shp"},"geometry":{"type":"Polygon","coordinates":[[[127.01751946215617,37.491603003299105],[127.01761333809466,37.49149858266],[127.01770678419292,37.49139466656341],[127.01756697140505,37.49131398306224],[127.01747816021731,37.49141271767316],[127.01759429124367,37.49147585302184],[127.01749489905013,37.49158896904283],[127.01751946215617,37.491603003299105]]]}},{"type":"Feature","properties":{"OBJECTID":null,"GU_NAM":"서초구","F_SHIM":0.2,"F_DISA_NM":"2022년 8.8. ~ 17. 호우(재난지원금)","F_AVR_HGT":19.49,"F_AREA":204.52,"ADM_CD":"1165010800","F_SAT_YMD":"20220808 - 1230","F_END_YMD":null,"F_SAT_TM":"1230","F_END_TM":null,"F_RSN_DTL":"침수","F_ZONE_NM":"서울특별시 서초구 서초동 1660-14 교대타운연립 다동 지하101호","INV_YR":"2022","F_YR":"2022","TYPE":"주택","layer":"재난지원금 풍수해보험금 침수위 최종","path":"D:/김원상/침수흔적도/풍수해보험금 대상/재난지원금 풍수해보험금 침수위 최종.shp"},"geometry":{"type":"Polygon","coordinates":[[[127.01517629582868,37.49157797033316],[127.01520090946107,37.4914374835549],[127.01505652007654,37.491421399319286],[127.01502974639047,37.4915616790849],[127.01517629582868,37.49157797033316]]]}},{"type":"Feature","properties":{"OBJECTID":null,"GU_NAM":"서초구","F_SHIM":0.2,"F_DISA_NM":"2022년 8.8. ~ 17. 호우(재난지원금)","F_AVR_HGT":25.05,"F_AREA":238.8,"ADM_CD":"1165010800","F_SAT_YMD":"20220808 - 2009","F_END_YMD":null,"F_SAT_TM":"2009","F_END_TM":null,"F_RSN_DTL":"침수","F_ZONE_NM":"서울특별시 서초구 서초동 1642-18 B03호","INV_YR":"2022","F_YR":"2022","TYPE":"주택","layer":"재난지원금 풍수해보험금 침수위 최종","path":"D:/김원상/침수흔적도/풍수해보험금 대상/재난지원금 풍수해보험금 침수위 최종.shp"},"geometry":{"type":"Polygon","coordinates":[[[127.01761333809466,37.49149858266],[127.01776796598597,37.49158735504723],[127.01783481166765,37.49151303134899],[127.01786115197281,37.49148374520593],[127.01770678419292,37.49139466656341],[127.01761333809466,37.49149858266]]]}},{"type":"Feature","properties":{"OBJECTID":null,"GU_NAM":"서초구","F_SHIM":0.2,"F_DISA_NM":"2022년 8.8. ~ 17. 호우(재난지원금)","F_AVR_HGT":28.19,"F_AREA":180.16,"ADM_CD":"1165010800","F_SAT_YMD":"20220808 - 1800","F_END_YMD":null,"F_SAT_TM":"1800","F_END_TM":null,"F_RSN_DTL":"침수(기타)","F_ZONE_NM":"서울특별시 서초구 서초동 1648-1 서초꽃마을레지던스빌라 1동 B01호","INV_YR":"2022","F_YR":"2022","TYPE":"주택","layer":"재난지원금 풍수해보험금 침수위 최종","path":"D:/김원상/침수흔적도/풍수해보험금 대상/재난지원금 풍수해보험금 침수위 최종.shp"},"geometry":{"type":"Polygon","coordinates":[[[127.0194608351168,37.49105375404826],[127.01953668146767,37.490893796959185],[127.01943141236312,37.4908619265726],[127.01937161422988,37.49098716563549],[127.01939299536726,37.491028878708654],[127.0194608351168,37.49105375404826]]]}},{"type":"Feature","properties":{"OBJECTID":null,"GU_NAM":"서초구","F_SHIM":0.2,"F_DISA_NM":"2022년 8.8. ~ 17. 호우(재난지원금)","F_AVR_HGT":24.87,"F_AREA":330.4,"ADM_CD":"1165010800","F_SAT_YMD":"20220819 - 1701","F_END_YMD":null,"F_SAT_TM":"1701","F_END_TM":null,"F_RSN_DTL":"침수","F_ZONE_NM":"서울특별시 서초구 서초동 1612-8 B01호","INV_YR":"2022","F_YR":"2022","TYPE":"주택","layer":"재난지원금 풍수해보험금 침수위 최종","path":"D:/김원상/침수흔적도/풍수해보험금 대상/재난지원금 풍수해보험금 침수위 최종.shp"},"geometry":{"type":"Polygon","coordinates":[[[127.02097256385228,37.489323639324404],[127.02111977343435,37.48936826857058],[127.0211878510289,37.48922570097268],[127.02119900515514,37.489202354194425],[127.02100823695427,37.489144541593596],[127.02097523773529,37.489213563664904],[127.02099638394199,37.48921995728327],[127.0209586382238,37.489298981235926],[127.02097256385228,37.489323639324404]]]}},{"type":"Feature","properties":{"OBJECTID":null,"GU_NAM":"서초구","F_SHIM":0.2,"F_DISA_NM":"2022년 8.8. ~ 17. 호우(재난지원금)","F_AVR_HGT":24.17,"F_AREA":266,"ADM_CD":"1165010800","F_SAT_YMD":"20220808 - 1230","F_END_YMD":null,"F_SAT_TM":"1230","F_END_TM":null,"F_RSN_DTL":"침수","F_ZONE_NM":"서울특별시 서초구 서초동 1614-6 103호","INV_YR":"2022","F_YR":"2022","TYPE":"주택","layer":"재난지원금 풍수해보험금 침수위 최종","path":"D:/김원상/침수흔적도/풍수해보험금 대상/재난지원금 풍수해보험금 침수위 최종.shp"},"geometry":{"type":"Polygon","coordinates":[[[127.02202731536572,37.48936107769362],[127.0221403960806,37.48930810621573],[127.02200903622463,37.4891299562417],[127.02194198159452,37.48916139474759],[127.02189598961694,37.489182963629595],[127.02202731536572,37.48936107769362]]]}},{"type":"Feature","properties":{"OBJECTID":null,"GU_NAM":"서초구","F_SHIM":0.2,"F_DISA_NM":"2022년 풍수해보험금 지급","F_AVR_HGT":24.17,"F_AREA":244.87,"ADM_CD":"1165010800","F_SAT_YMD":"20220808","F_END_YMD":null,"F_SAT_TM":null,"F_END_TM":null,"F_RSN_DTL":"침수","F_ZONE_NM":"서울 서초구 서리풀6길  21-6, A동 101호(서초동)","INV_YR":"2022","F_YR":"2022","TYPE":"주택","layer":"재난지원금 풍수해보험금 침수위 최종","path":"D:/김원상/침수흔적도/풍수해보험금 대상/재난지원금 풍수해보험금 침수위 최종.shp"},"geometry":{"type":"Polygon","coordinates":[[[127.0217651135608,37.48924427217961],[127.02189598961694,37.489182963629595],[127.02194198159452,37.48916139474759],[127.02186456643881,37.48905657670603],[127.0216877890293,37.48913947202814],[127.0217651135608,37.48924427217961]]]}},{"type":"Feature","properties":{"OBJECTID":null,"GU_NAM":"서초구","F_SHIM":0.2,"F_DISA_NM":"2022년 8.8. ~ 17. 호우(재난지원금)","F_AVR_HGT":35.43,"F_AREA":334.99,"ADM_CD":"1165010800","F_SAT_YMD":"20220808 - 1230","F_END_YMD":null,"F_SAT_TM":"1230","F_END_TM":null,"F_RSN_DTL":"침수","F_ZONE_NM":"서울특별시 서초구 서초동 1628-6 아트빌라 B02호","INV_YR":"2022","F_YR":"2022","TYPE":"주택","layer":"재난지원금 풍수해보험금 침수위 최종","path":"D:/김원상/침수흔적도/풍수해보험금 대상/재난지원금 풍수해보험금 침수위 최종.shp"},"geometry":{"type":"Polygon","coordinates":[[[127.0189028103382,37.48886439774838],[127.01891259747458,37.48884330388678],[127.01897475583107,37.48870932495701],[127.01883713796379,37.488667610868895],[127.01878309726486,37.488651220569764],[127.01872329904951,37.48877314366998],[127.01870796237652,37.48880441962913],[127.0189028103382,37.48886439774838]]]}},{"type":"Feature","properties":{"OBJECTID":null,"GU_NAM":"서초구","F_SHIM":0.2,"F_DISA_NM":"2022년 8.8. ~ 17. 호우(재난지원금)","F_AVR_HGT":32.41,"F_AREA":357.18,"ADM_CD":"1165010800","F_SAT_YMD":"20220817 - 1309","F_END_YMD":null,"F_SAT_TM":"1309","F_END_TM":null,"F_RSN_DTL":"침수","F_ZONE_NM":"서울특별시 서초구 서초동 1629-13 B01호","INV_YR":"2022","F_YR":"2022","TYPE":"주택","layer":"재난지원금 풍수해보험금 침수위 최종","path":"D:/김원상/침수흔적도/풍수해보험금 대상/재난지원금 풍수해보험금 침수위 최종.shp"},"geometry":{"type":"Polygon","coordinates":[[[127.01990796807719,37.48883846793556],[127.0199505878611,37.48885065182994],[127.02000542026441,37.48872860274749],[127.01977007910816,37.48866155985428],[127.01974091591873,37.488653239111635],[127.01968609439494,37.48877507183116],[127.01990796807719,37.48883846793556]]]}},{"type":"Feature","properties":{"OBJECTID":null,"GU_NAM":"강남구","F_SHIM":0.2,"F_DISA_NM":"2022년 8.8. ~ 17. 호우(재난지원금)","F_AVR_HGT":22.17,"F_AREA":133.64,"ADM_CD":"1168011800","F_SAT_YMD":"20220809 - 0000","F_END_YMD":null,"F_SAT_TM":"0000","F_END_TM":null,"F_RSN_DTL":"침수(도로범람유입)","F_ZONE_NM":"서울특별시 강남구 도곡동 902-58 없음빌라 B02호","INV_YR":"2022","F_YR":"2022","TYPE":"주택","layer":"재난지원금 풍수해보험금 침수위 최종","path":"D:/김원상/침수흔적도/풍수해보험금 대상/재난지원금 풍수해보험금 침수위 최종.shp"},"geometry":{"type":"Polygon","coordinates":[[[127.03843434940933,37.48653202998957],[127.03845470017777,37.4865059306461],[127.03850486965852,37.48643925891181],[127.03839703280681,37.4863858182231],[127.03832893200335,37.486478318183366],[127.03843434940933,37.48653202998957]]]}},{"type":"Feature","properties":{"OBJECTID":null,"GU_NAM":"강남구","F_SHIM":0.2,"F_DISA_NM":"2022년 8.8. ~ 17. 호우(재난지원금)","F_AVR_HGT":22.17,"F_AREA":191.61,"ADM_CD":"1168011800","F_SAT_YMD":"20220820 - 0952","F_END_YMD":null,"F_SAT_TM":"0952","F_END_TM":null,"F_RSN_DTL":"침수(도로범람유입)","F_ZONE_NM":"서울특별시 강남구 도곡동 902-85","INV_YR":"2022","F_YR":"2022","TYPE":"주택","layer":"재난지원금 풍수해보험금 침수위 최종","path":"D:/김원상/침수흔적도/풍수해보험금 대상/재난지원금 풍수해보험금 침수위 최종.shp"},"geometry":{"type":"Polygon","coordinates":[[[127.03830903853574,37.48667613910218],[127.03832119392693,37.48667718948732],[127.03843434940933,37.48653202998957],[127.03832893200335,37.486478318183366],[127.03825600753281,37.486441516978644],[127.03825665413963,37.48644584158144],[127.03830903853574,37.48667613910218]]]}},{"type":"Feature","properties":{"OBJECTID":null,"GU_NAM":"강남구","F_SHIM":0.2,"F_DISA_NM":"2022년 8.8. ~ 17. 호우(재난지원금)","F_AVR_HGT":23.63,"F_AREA":111.34,"ADM_CD":"1168011800","F_SAT_YMD":"20220820 - 0841","F_END_YMD":null,"F_SAT_TM":"0841","F_END_TM":null,"F_RSN_DTL":"침수","F_ZONE_NM":"서울특별시 강남구 도곡동 902-75 없음연립 지하102호","INV_YR":"2022","F_YR":"2022","TYPE":"주택","layer":"재난지원금 풍수해보험금 침수위 최종","path":"D:/김원상/침수흔적도/풍수해보험금 대상/재난지원금 풍수해보험금 침수위 최종.shp"},"geometry":{"type":"Polygon","coordinates":[[[127.03840447684664,37.486831207615005],[127.03846568587848,37.486749251481044],[127.03836526714093,37.486698313228366],[127.03831047484034,37.486769040843576],[127.03832680265651,37.4867934889183],[127.03840447684664,37.486831207615005]]]}},{"type":"Feature","properties":{"OBJECTID":null,"GU_NAM":"강남구","F_SHIM":0.2,"F_DISA_NM":"2022년 8.8. ~ 17. 호우(재난지원금)","F_AVR_HGT":23.63,"F_AREA":107.23,"ADM_CD":"1168011800","F_SAT_YMD":"20220820 - 0855","F_END_YMD":null,"F_SAT_TM":"0855","F_END_TM":null,"F_RSN_DTL":"침수(도로범람유입)","F_ZONE_NM":"서울특별시 강남구 도곡동 902-66 없음연립 지층102호","INV_YR":"2022","F_YR":"2022","TYPE":"주택","layer":"재난지원금 풍수해보험금 침수위 최종","path":"D:/김원상/침수흔적도/풍수해보험금 대상/재난지원금 풍수해보험금 침수위 최종.shp"},"geometry":{"type":"Polygon","coordinates":[[[127.03840447684664,37.486831207615005],[127.0384871499539,37.4868713483883],[127.03851634015108,37.48686284281397],[127.0385665910771,37.48680045078557],[127.03846568587848,37.486749251481044],[127.03840447684664,37.486831207615005]]]}},{"type":"Feature","properties":{"OBJECTID":null,"GU_NAM":"강남구","F_SHIM":0.2,"F_DISA_NM":"2022년 8.8. ~ 17. 호우(재난지원금)","F_AVR_HGT":23.63,"F_AREA":108.35,"ADM_CD":"1168011800","F_SAT_YMD":"20220809 - 0000","F_END_YMD":null,"F_SAT_TM":"0000","F_END_TM":null,"F_RSN_DTL":"침수(도로범람유입)","F_ZONE_NM":"서울특별시 강남구 도곡동 902-77 없음빌라 B101호","INV_YR":"2022","F_YR":"2022","TYPE":"주택","layer":"재난지원금 풍수해보험금 침수위 최종","path":"D:/김원상/침수흔적도/풍수해보험금 대상/재난지원금 풍수해보험금 침수위 최종.shp"},"geometry":{"type":"Polygon","coordinates":[[[127.03846568587848,37.486749251481044],[127.0385665910771,37.48680045078557],[127.03862835654594,37.4867237562369],[127.03852379874625,37.486671449897585],[127.03846568587848,37.486749251481044]]]}},{"type":"Feature","properties":{"OBJECTID":null,"GU_NAM":"강남구","F_SHIM":0.2,"F_DISA_NM":"2022년 8.8. ~ 17. 호우(재난지원금)","F_AVR_HGT":23.63,"F_AREA":106.45,"ADM_CD":"1168011800","F_SAT_YMD":"20220822 - 1407","F_END_YMD":null,"F_SAT_TM":"1407","F_END_TM":null,"F_RSN_DTL":"침수(도로범람유입)","F_ZONE_NM":"서울특별시 강남구 도곡동 902-78 없음빌라 지하2호","INV_YR":"2022","F_YR":"2022","TYPE":"주택","layer":"재난지원금 풍수해보험금 침수위 최종","path":"D:/김원상/침수흔적도/풍수해보험금 대상/재난지원금 풍수해보험금 침수위 최종.shp"},"geometry":{"type":"Polygon","coordinates":[[[127.03862835654594,37.4867237562369],[127.03868703702314,37.48665090989883],[127.03857935782418,37.486597045858616],[127.03852379874625,37.486671449897585],[127.03862835654594,37.4867237562369]]]}},{"type":"Feature","properties":{"OBJECTID":null,"GU_NAM":"강남구","F_SHIM":0.2,"F_DISA_NM":"2022년 8.8. ~ 17. 호우(재난지원금)","F_AVR_HGT":24.1,"F_AREA":183.45,"ADM_CD":"1168011800","F_SAT_YMD":"20220820 - 0903","F_END_YMD":null,"F_SAT_TM":"0903","F_END_TM":null,"F_RSN_DTL":"침수(도로범람유입)","F_ZONE_NM":"서울특별시 강남구 도곡동 902-67 없음연립 B02호","INV_YR":"2022","F_YR":"2022","TYPE":"주택","layer":"재난지원금 풍수해보험금 침수위 최종","path":"D:/김원상/침수흔적도/풍수해보험금 대상/재난지원금 풍수해보험금 침수위 최종.shp"},"geometry":{"type":"Polygon","coordinates":[[[127.03877909377279,37.48687114855718],[127.03882848763031,37.486836453450714],[127.03882946919305,37.48680942311837],[127.03881007892734,37.48678876028303],[127.03880156199789,37.48676027332716],[127.03869566728955,37.48670286789784],[127.03862576725818,37.486792305187755],[127.03877909377279,37.48687114855718]]]}},{"type":"Feature","properties":{"OBJECTID":null,"GU_NAM":"강남구","F_SHIM":0.2,"F_DISA_NM":"2022년 8.8. ~ 17. 호우(재난지원금)","F_AVR_HGT":23.42,"F_AREA":138.31,"ADM_CD":"1168011800","F_SAT_YMD":"20220820 - 0901","F_END_YMD":null,"F_SAT_TM":"0901","F_END_TM":null,"F_RSN_DTL":"침수(도로범람유입)","F_ZONE_NM":"서울특별시 강남구 도곡동 902-53 없음연립 B02호","INV_YR":"2022","F_YR":"2022","TYPE":"주택","layer":"재난지원금 풍수해보험금 침수위 최종","path":"D:/김원상/침수흔적도/풍수해보험금 대상/재난지원금 풍수해보험금 침수위 최종.shp"},"geometry":{"type":"Polygon","coordinates":[[[127.03868703702314,37.48665090989883],[127.03876051850679,37.48655620959707],[127.03864996868619,37.486504833287356],[127.03864835141657,37.48650404091494],[127.03858029567824,37.48659580218333],[127.03857935782418,37.486597045858616],[127.03868703702314,37.48665090989883]]]}},{"type":"Feature","properties":{"OBJECTID":null,"GU_NAM":"강남구","F_SHIM":0.2,"F_DISA_NM":"2022년 8.8. ~ 17. 호우(재난지원금)","F_AVR_HGT":23.63,"F_AREA":143.51,"ADM_CD":"1168011800","F_SAT_YMD":"20220809 - 0000","F_END_YMD":null,"F_SAT_TM":"0000","F_END_TM":null,"F_RSN_DTL":"침수(도로범람유입)","F_ZONE_NM":"서울특별시 강남구 도곡동 902-70 없음빌라 B01호","INV_YR":"2022","F_YR":"2022","TYPE":"주택","layer":"재난지원금 풍수해보험금 침수위 최종","path":"D:/김원상/침수흔적도/풍수해보험금 대상/재난지원금 풍수해보험금 침수위 최종.shp"},"geometry":{"type":"Polygon","coordinates":[[[127.03831287653884,37.4869629354551],[127.03837896437577,37.486983872131766],[127.03847369750392,37.48699169926444],[127.03851558341573,37.48693330130849],[127.03838618882051,37.48686746959309],[127.03831287653884,37.4869629354551]]]}},{"type":"Feature","properties":{"OBJECTID":null,"GU_NAM":"서초구","F_SHIM":0.2,"F_DISA_NM":"2022년 8.8. ~ 17. 호우(재난지원금)","F_AVR_HGT":28.24,"F_AREA":270.17,"ADM_CD":"1165010800","F_SAT_YMD":"20220808 - 2300","F_END_YMD":null,"F_SAT_TM":"2300","F_END_TM":null,"F_RSN_DTL":"침수(기타)","F_ZONE_NM":"서울특별시 서초구 서초동 1613-20 B02호","INV_YR":"2022","F_YR":"2022","TYPE":"주택","layer":"재난지원금 풍수해보험금 침수위 최종","path":"D:/김원상/침수흔적도/풍수해보험금 대상/재난지원금 풍수해보험금 침수위 최종.shp"},"geometry":{"type":"Polygon","coordinates":[[[127.0211715738533,37.48851210230453],[127.02136313126135,37.488566851113696],[127.021408988637,37.48846493123326],[127.02142042471453,37.4884395301024],[127.0212289015136,37.4883847903892],[127.02119054747952,37.48846993232223],[127.0211715738533,37.48851210230453]]]}},{"type":"Feature","properties":{"OBJECTID":null,"GU_NAM":"서초구","F_SHIM":0.2,"F_DISA_NM":"2022년 8.8. ~ 17. 호우(재난지원금)","F_AVR_HGT":19.13,"F_AREA":226.09,"ADM_CD":"1165010800","F_SAT_YMD":"20220816 - 2056","F_END_YMD":null,"F_SAT_TM":"2056","F_END_TM":null,"F_RSN_DTL":"침수(기타)","F_ZONE_NM":"서울특별시 서초구 서초동 1341-12 101호","INV_YR":"2022","F_YR":"2022","TYPE":"주택","layer":"재난지원금 풍수해보험금 침수위 최종","path":"D:/김원상/침수흔적도/풍수해보험금 대상/재난지원금 풍수해보험금 침수위 최종.shp"},"geometry":{"type":"Polygon","coordinates":[[[127.02961462307177,37.488536245790385],[127.0296911158758,37.48838567939865],[127.0295558674203,37.488344716048815],[127.02948468931758,37.48849683081697],[127.0294977053018,37.48850077411742],[127.02961462307177,37.488536245790385]]]}},{"type":"Feature","properties":{"OBJECTID":null,"GU_NAM":"서초구","F_SHIM":0.2,"F_DISA_NM":"2022년 8.8. ~ 17. 호우(재난지원금)","F_AVR_HGT":28.01,"F_AREA":295.05,"ADM_CD":"1165010800","F_SAT_YMD":"20220817 - 1355","F_END_YMD":null,"F_SAT_TM":"1355","F_END_TM":null,"F_RSN_DTL":"침수","F_ZONE_NM":"서울특별시 서초구 서초동 1626-14 서전빌라 102호","INV_YR":"2022","F_YR":"2022","TYPE":"주택","layer":"재난지원금 풍수해보험금 침수위 최종","path":"D:/김원상/침수흔적도/풍수해보험금 대상/재난지원금 풍수해보험금 침수위 최종.shp"},"geometry":{"type":"Polygon","coordinates":[[[127.01645727559949,37.488446650059394],[127.0165333528065,37.48829140703057],[127.01636513796709,37.48823915223843],[127.01632917368016,37.48831459752964],[127.01629015762643,37.488396278114315],[127.01645727559949,37.488446650059394]]]}},{"type":"Feature","properties":{"OBJECTID":null,"GU_NAM":"서초구","F_SHIM":0.2,"F_DISA_NM":"2022년 풍수해보험금 지급","F_AVR_HGT":21.02,"F_AREA":209.14,"ADM_CD":"1165010800","F_SAT_YMD":"20220808","F_END_YMD":null,"F_SAT_TM":null,"F_END_TM":null,"F_RSN_DTL":"침수","F_ZONE_NM":"서울 서초구 남부순환로347길  90 B1 (서초동)","INV_YR":"2022","F_YR":"2022","TYPE":"주택","layer":"재난지원금 풍수해보험금 침수위 최종","path":"D:/김원상/침수흔적도/풍수해보험금 대상/재난지원금 풍수해보험금 침수위 최종.shp"},"geometry":{"type":"Polygon","coordinates":[[[127.03056709286409,37.48842303898597],[127.03063286126931,37.48829326070078],[127.03038135033285,37.48821630488696],[127.030369261481,37.488241625955105],[127.03050224866921,37.48828231862919],[127.03045241331748,37.48838675680624],[127.03056709286409,37.48842303898597]]]}},{"type":"Feature","properties":{"OBJECTID":null,"GU_NAM":"강남구","F_SHIM":0.2,"F_DISA_NM":"2022년 8.8. ~ 17. 호우(재난지원금)","F_AVR_HGT":34.17,"F_AREA":192.77,"ADM_CD":"1168011800","F_SAT_YMD":"20220822 - 1712","F_END_YMD":null,"F_SAT_TM":"1712","F_END_TM":null,"F_RSN_DTL":"침수(도로범람유입)","F_ZONE_NM":"서울특별시 강남구 도곡동 950-4 없음연립 1호","INV_YR":"2022","F_YR":"2022","TYPE":"주택","layer":"재난지원금 풍수해보험금 침수위 최종","path":"D:/김원상/침수흔적도/풍수해보험금 대상/재난지원금 풍수해보험금 침수위 최종.shp"},"geometry":{"type":"Polygon","coordinates":[[[127.03531285089875,37.487016305946916],[127.03545546557127,37.48709257982839],[127.03553581575159,37.486999843746766],[127.03539523519468,37.4869208663756],[127.03531285089875,37.487016305946916]]]}},{"type":"Feature","properties":{"OBJECTID":null,"GU_NAM":"서초구","F_SHIM":0.2,"F_DISA_NM":"2022년 8.8. ~ 17. 호우(재난지원금)","F_AVR_HGT":18.68,"F_AREA":189.31,"ADM_CD":"1165010800","F_SAT_YMD":"20220808 - 2230","F_END_YMD":null,"F_SAT_TM":"2230","F_END_TM":null,"F_RSN_DTL":"침수(기타)","F_ZONE_NM":"서울특별시 서초구 서초동 1341-15 지하 1층 지하101호","INV_YR":"2022","F_YR":"2022","TYPE":"주택","layer":"재난지원금 풍수해보험금 침수위 최종","path":"D:/김원상/침수흔적도/풍수해보험금 대상/재난지원금 풍수해보험금 침수위 최종.shp"},"geometry":{"type":"Polygon","coordinates":[[[127.02913005799755,37.48838941585962],[127.02919976656584,37.48823667995615],[127.02908951009657,37.48820327861768],[127.02901843301547,37.4883555822953],[127.02913005799755,37.48838941585962]]]}},{"type":"Feature","properties":{"OBJECTID":null,"GU_NAM":"서초구","F_SHIM":0.2,"F_DISA_NM":"2022년 8.8. ~ 17. 호우(재난지원금)","F_AVR_HGT":21.02,"F_AREA":233.31,"ADM_CD":"1165010800","F_SAT_YMD":"20220808 - 2230","F_END_YMD":null,"F_SAT_TM":"2230","F_END_TM":null,"F_RSN_DTL":"침수(기타)","F_ZONE_NM":"서울특별시 서초구 서초동 1357-22 지하 1층 B1호","INV_YR":"2022","F_YR":"2022","TYPE":"주택","layer":"재난지원금 풍수해보험금 침수위 최종","path":"D:/김원상/침수흔적도/풍수해보험금 대상/재난지원금 풍수해보험금 침수위 최종.shp"},"geometry":{"type":"Polygon","coordinates":[[[127.03090832403058,37.488377454066345],[127.03095045291909,37.488287343525585],[127.03083163508501,37.488251287994125],[127.0307196928874,37.488217311954955],[127.03067616132607,37.488306512750185],[127.03077635423425,37.488337121998356],[127.03090832403058,37.488377454066345]]]}},{"type":"Feature","properties":{"OBJECTID":null,"GU_NAM":"서초구","F_SHIM":0.2,"F_DISA_NM":"2022년 8.8. ~ 17. 호우(재난지원금)","F_AVR_HGT":19.15,"F_AREA":191.28,"ADM_CD":"1165010800","F_SAT_YMD":"20220808 - 2230","F_END_YMD":null,"F_SAT_TM":"2230","F_END_TM":null,"F_RSN_DTL":"침수(기타)","F_ZONE_NM":"서울특별시 서초구 서초동 1341-16 지하 1층 B101호","INV_YR":"2022","F_YR":"2022","TYPE":"주택","layer":"재난지원금 풍수해보험금 침수위 최종","path":"D:/김원상/침수흔적도/풍수해보험금 대상/재난지원금 풍수해보험금 침수위 최종.shp"},"geometry":{"type":"Polygon","coordinates":[[[127.02901843301547,37.4883555822953],[127.02908951009657,37.48820327861768],[127.02897744436085,37.48816924689624],[127.02890637841455,37.488321613574826],[127.02901843301547,37.4883555822953]]]}},{"type":"Feature","properties":{"OBJECTID":null,"GU_NAM":"서초구","F_SHIM":0.2,"F_DISA_NM":"2022년 8.8. ~ 17. 호우(재난지원금)","F_AVR_HGT":29.98,"F_AREA":277.45,"ADM_CD":"1165010800","F_SAT_YMD":"20220808 - 1230","F_END_YMD":null,"F_SAT_TM":"1230","F_END_TM":null,"F_RSN_DTL":"침수","F_ZONE_NM":"서울특별시 서초구 서초동 1613-6 지하102호","INV_YR":"2022","F_YR":"2022","TYPE":"주택","layer":"재난지원금 풍수해보험금 침수위 최종","path":"D:/김원상/침수흔적도/풍수해보험금 대상/재난지원금 풍수해보험금 침수위 최종.shp"},"geometry":{"type":"Polygon","coordinates":[[[127.02094796887783,37.488225801319274],[127.0210832457384,37.488264449937724],[127.02115936605895,37.488095211380084],[127.02114477356726,37.48807088678946],[127.02103180779345,37.488039649791915],[127.02094796887783,37.488225801319274]]]}},{"type":"Feature","properties":{"OBJECTID":null,"GU_NAM":"강남구","F_SHIM":0.2,"F_DISA_NM":"2022년 8.8. ~ 17. 호우(재난지원금)","F_AVR_HGT":40.37,"F_AREA":2953.79,"ADM_CD":"1168011800","F_SAT_YMD":"20220820 - 1014","F_END_YMD":null,"F_SAT_TM":"1014","F_END_TM":null,"F_RSN_DTL":"침수(도로범람유입)","F_ZONE_NM":"서울특별시 강남구 도곡동 947-4 중앙하이츠빌라 201호","INV_YR":"2022","F_YR":"2022","TYPE":"주택","layer":"재난지원금 풍수해보험금 침수위 최종","path":"D:/김원상/침수흔적도/풍수해보험금 대상/재난지원금 풍수해보험금 침수위 최종.shp"},"geometry":{"type":"Polygon","coordinates":[[[127.03424874159306,37.48775767858272],[127.03470463821681,37.48800739886855],[127.03480126625564,37.487900693217995],[127.03483836180565,37.487919693874346],[127.03491814535411,37.487820381080944],[127.03496790830881,37.48784730692045],[127.03509002878927,37.48760463281651],[127.03461027107124,37.48734455917835],[127.03424874159306,37.48775767858272]]]}},{"type":"Feature","properties":{"OBJECTID":null,"GU_NAM":"서초구","F_SHIM":0.2,"F_DISA_NM":"2022년 8.8. ~ 17. 호우(재난지원금)","F_AVR_HGT":34.1,"F_AREA":267.38,"ADM_CD":"1165010800","F_SAT_YMD":"20220831 - 1715","F_END_YMD":null,"F_SAT_TM":"1715","F_END_TM":null,"F_RSN_DTL":"침수(기타)","F_ZONE_NM":"서울특별시 서초구 서초동 1629-31   지층 101호","INV_YR":"2022","F_YR":"2022","TYPE":"주택","layer":"재난지원금 풍수해보험금 침수위 최종","path":"D:/김원상/침수흔적도/풍수해보험금 대상/재난지원금 풍수해보험금 침수위 최종.shp"},"geometry":{"type":"Polygon","coordinates":[[[127.01970067986063,37.48830531494839],[127.01976783035694,37.48815596375103],[127.01976567055479,37.488155351404274],[127.01960245284744,37.48810869566168],[127.01954872768687,37.48822804139935],[127.01957292336981,37.48826878094945],[127.01970067986063,37.48830531494839]]]}},{"type":"Feature","properties":{"OBJECTID":null,"GU_NAM":"서초구","F_SHIM":0.2,"F_DISA_NM":"2022년 8.8. ~ 17. 호우(재난지원금)","F_AVR_HGT":27.14,"F_AREA":174.66,"ADM_CD":"1165010800","F_SAT_YMD":"20220808 - 1200","F_END_YMD":null,"F_SAT_TM":"1200","F_END_TM":null,"F_RSN_DTL":"침수(기타)","F_ZONE_NM":"서울특별시 서초구 서초동 1617-6   삼호빌라 지하101호","INV_YR":"2022","F_YR":"2022","TYPE":"주택","layer":"재난지원금 풍수해보험금 침수위 최종","path":"D:/김원상/침수흔적도/풍수해보험금 대상/재난지원금 풍수해보험금 침수위 최종.shp"},"geometry":{"type":"Polygon","coordinates":[[[127.02156335551258,37.48809128724268],[127.02170074669672,37.488129286075846],[127.0217345317128,37.48800141029618],[127.02159341325135,37.487977738044385],[127.02156335551258,37.48809128724268]]]}},{"type":"Feature","properties":{"OBJECTID":null,"GU_NAM":"강남구","F_SHIM":0.2,"F_DISA_NM":"2022년 8.8. ~ 17. 호우(재난지원금)","F_AVR_HGT":28.29,"F_AREA":302.05,"ADM_CD":"1168011800","F_SAT_YMD":"20220820 - 0925","F_END_YMD":null,"F_SAT_TM":"0925","F_END_TM":null,"F_RSN_DTL":"침수(도로범람유입)","F_ZONE_NM":"서울특별시 강남구 도곡동 945-7 없음연립 B101호","INV_YR":"2022","F_YR":"2022","TYPE":"주택","layer":"재난지원금 풍수해보험금 침수위 최종","path":"D:/김원상/침수흔적도/풍수해보험금 대상/재난지원금 풍수해보험금 침수위 최종.shp"},"geometry":{"type":"Polygon","coordinates":[[[127.03350185320019,37.48894432062496],[127.0335930575546,37.488839599648166],[127.03340090024956,37.488726215702656],[127.03330766119674,37.488832648981486],[127.03350185320019,37.48894432062496]]]}},{"type":"Feature","properties":{"OBJECTID":null,"GU_NAM":"서초구","F_SHIM":0.2,"F_DISA_NM":"2022년 8.8. ~ 17. 호우(재난지원금)","F_AVR_HGT":19.29,"F_AREA":218,"ADM_CD":"1165010800","F_SAT_YMD":"20220808 - 2230","F_END_YMD":null,"F_SAT_TM":"2230","F_END_TM":null,"F_RSN_DTL":"침수(기타)","F_ZONE_NM":"서울특별시 서초구 서초동 1342-9 103호","INV_YR":"2022","F_YR":"2022","TYPE":"주택","layer":"재난지원금 풍수해보험금 침수위 최종","path":"D:/김원상/침수흔적도/풍수해보험금 대상/재난지원금 풍수해보험금 침수위 최종.shp"},"geometry":{"type":"Polygon","coordinates":[[[127.02756792742932,37.487914132425736],[127.02763571688824,37.48776238895608],[127.02750669019301,37.48772331398165],[127.02743902481419,37.48787485012097],[127.027557297679,37.48791089116686],[127.02756792742932,37.487914132425736]]]}},{"type":"Feature","properties":{"OBJECTID":null,"GU_NAM":"서초구","F_SHIM":0.2,"F_DISA_NM":"2022년 8.8. ~ 17. 호우(재난지원금)","F_AVR_HGT":19.34,"F_AREA":227.62,"ADM_CD":"1165010800","F_SAT_YMD":"20220808 - 2230","F_END_YMD":null,"F_SAT_TM":"2230","F_END_TM":null,"F_RSN_DTL":"침수(기타)","F_ZONE_NM":"서울특별시 서초구 서초동 1342-10 101호","INV_YR":"2022","F_YR":"2022","TYPE":"주택","layer":"재난지원금 풍수해보험금 침수위 최종","path":"D:/김원상/침수흔적도/풍수해보험금 대상/재난지원금 풍수해보험금 침수위 최종.shp"},"geometry":{"type":"Polygon","coordinates":[[[127.02743902481419,37.48787485012097],[127.02750669019301,37.48772331398165],[127.02737438422578,37.487683158383014],[127.02730173163111,37.48783300165496],[127.02736200446327,37.487851377908264],[127.02743902481419,37.48787485012097]]]}},{"type":"Feature","properties":{"OBJECTID":null,"GU_NAM":"서초구","F_SHIM":0.2,"F_DISA_NM":"2022년 8.8. ~ 17. 호우(재난지원금)","F_AVR_HGT":19.34,"F_AREA":226.56,"ADM_CD":"1165010800","F_SAT_YMD":"20220808 - 2230","F_END_YMD":null,"F_SAT_TM":"2230","F_END_TM":null,"F_RSN_DTL":"침수(기타)","F_ZONE_NM":"서울특별시 서초구 서초동 1342-11 103호","INV_YR":"2022","F_YR":"2022","TYPE":"주택","layer":"재난지원금 풍수해보험금 침수위 최종","path":"D:/김원상/침수흔적도/풍수해보험금 대상/재난지원금 풍수해보험금 침수위 최종.shp"},"geometry":{"type":"Polygon","coordinates":[[[127.02716966299371,37.48779274666597],[127.02730173163111,37.48783300165496],[127.02737438422578,37.487683158383014],[127.02723778130519,37.48764174217054],[127.02716966299371,37.48779274666597]]]}},{"type":"Feature","properties":{"OBJECTID":null,"GU_NAM":"서초구","F_SHIM":0.2,"F_DISA_NM":"2022년 8.8. ~ 17. 호우(재난지원금)","F_AVR_HGT":20.52,"F_AREA":510.72,"ADM_CD":"1165010800","F_SAT_YMD":"20220808 - 2230","F_END_YMD":null,"F_SAT_TM":"2230","F_END_TM":null,"F_RSN_DTL":"침수(기타)","F_ZONE_NM":"서울특별시 서초구 서초동 1344-24 B01호","INV_YR":"2022","F_YR":"2022","TYPE":"주택","layer":"재난지원금 풍수해보험금 침수위 최종","path":"D:/김원상/침수흔적도/풍수해보험금 대상/재난지원금 풍수해보험금 침수위 최종.shp"},"geometry":{"type":"Polygon","coordinates":[[[127.02738927257273,37.48728104753559],[127.02748611786726,37.48708865362652],[127.02759657485241,37.48705511206954],[127.02755371250632,37.48696366093771],[127.0274430186679,37.486998581038215],[127.02733673394242,37.48703210352027],[127.0272353799529,37.48723349928737],[127.02738927257273,37.48728104753559]]]}},{"type":"Feature","properties":{"OBJECTID":null,"GU_NAM":"서초구","F_SHIM":0.2,"F_DISA_NM":"2022년 8.8. ~ 17. 호우(재난지원금)","F_AVR_HGT":22.15,"F_AREA":198.17,"ADM_CD":"1165010800","F_SAT_YMD":"20220808 - 2230","F_END_YMD":null,"F_SAT_TM":"2230","F_END_TM":null,"F_RSN_DTL":"침수(기타)","F_ZONE_NM":"서울특별시 서초구 서초동 1358-16 지하 103호","INV_YR":"2022","F_YR":"2022","TYPE":"주택","layer":"재난지원금 풍수해보험금 침수위 최종","path":"D:/김원상/침수흔적도/풍수해보험금 대상/재난지원금 풍수해보험금 침수위 최종.shp"},"geometry":{"type":"Polygon","coordinates":[[[127.03121771180818,37.4870983342337],[127.03127976779774,37.4869648623896],[127.03114791374766,37.48692552179817],[127.0310841955029,37.48705915617008],[127.03121771180818,37.4870983342337]]]}},{"type":"Feature","properties":{"OBJECTID":null,"GU_NAM":"서초구","F_SHIM":0.2,"F_DISA_NM":"2022년 8.8. ~ 17. 호우(재난지원금)","F_AVR_HGT":32.41,"F_AREA":335.12,"ADM_CD":"1165010800","F_SAT_YMD":"20220808 - 2300","F_END_YMD":null,"F_SAT_TM":"2300","F_END_TM":null,"F_RSN_DTL":"침수(기타)","F_ZONE_NM":"서울특별시 서초구 서초동 1604-34 지층 101호","INV_YR":"2022","F_YR":"2022","TYPE":"주택","layer":"재난지원금 풍수해보험금 침수위 최종","path":"D:/김원상/침수흔적도/풍수해보험금 대상/재난지원금 풍수해보험금 침수위 최종.shp"},"geometry":{"type":"Polygon","coordinates":[[[127.0199835565269,37.48677102010327],[127.02001414870878,37.486708026352396],[127.01979888314897,37.48663932250669],[127.01970613674682,37.48665474393533],[127.01973287913917,37.486801332644475],[127.0199835565269,37.48677102010327]]]}},{"type":"Feature","properties":{"OBJECTID":null,"GU_NAM":"서초구","F_SHIM":0.2,"F_DISA_NM":"2022년 8.8. ~ 17. 호우(재난지원금)","F_AVR_HGT":26.58,"F_AREA":165.3,"ADM_CD":"1165010800","F_SAT_YMD":"20220808 - 2230","F_END_YMD":null,"F_SAT_TM":"2230","F_END_TM":null,"F_RSN_DTL":"침수(기타)","F_ZONE_NM":"서울특별시 서초구 서초동 1360-16 지하 1층 2호","INV_YR":"2022","F_YR":"2022","TYPE":"주택","layer":"재난지원금 풍수해보험금 침수위 최종","path":"D:/김원상/침수흔적도/풍수해보험금 대상/재난지원금 풍수해보험금 침수위 최종.shp"},"geometry":{"type":"Polygon","coordinates":[[[127.0319040942433,37.48675234660116],[127.03192777149336,37.486698181352615],[127.03195408545189,37.48662167961001],[127.03187796116057,37.48657754114695],[127.03181070930374,37.486664685185936],[127.03180180415819,37.48667622928892],[127.03178576430197,37.48671560713334],[127.0319040942433,37.48675234660116]]]}},{"type":"Feature","properties":{"OBJECTID":null,"GU_NAM":"서초구","F_SHIM":0.2,"F_DISA_NM":"2022년 8.8. ~ 17. 호우(재난지원금)","F_AVR_HGT":26.68,"F_AREA":226.41,"ADM_CD":"1165010800","F_SAT_YMD":"20220808 - 2230","F_END_YMD":null,"F_SAT_TM":"2230","F_END_TM":null,"F_RSN_DTL":"침수(기타)","F_ZONE_NM":"서울특별시 서초구 서초동 1360-21 지층 제1호","INV_YR":"2022","F_YR":"2022","TYPE":"주택","layer":"재난지원금 풍수해보험금 침수위 최종","path":"D:/김원상/침수흔적도/풍수해보험금 대상/재난지원금 풍수해보험금 침수위 최종.shp"},"geometry":{"type":"Polygon","coordinates":[[[127.0319986740576,37.486719156399964],[127.0320978908717,37.48657812413821],[127.03196840437812,37.48652121433124],[127.03191231593826,37.48653302287426],[127.03187796116057,37.48657754114695],[127.03195408545189,37.48662167961001],[127.03192777149336,37.486698181352615],[127.0319986740576,37.486719156399964]]]}},{"type":"Feature","properties":{"OBJECTID":null,"GU_NAM":"서초구","F_SHIM":0.2,"F_DISA_NM":"2022년 8.8. ~ 17. 호우(재난지원금)","F_AVR_HGT":30.47,"F_AREA":534.96,"ADM_CD":"1165010800","F_SAT_YMD":"20220817 - 1401","F_END_YMD":null,"F_SAT_TM":"1401","F_END_TM":null,"F_RSN_DTL":"침수","F_ZONE_NM":"서울특별시 서초구 서초동 1604-37 108호","INV_YR":"2022","F_YR":"2022","TYPE":"주택","layer":"재난지원금 풍수해보험금 침수위 최종","path":"D:/김원상/침수흔적도/풍수해보험금 대상/재난지원금 풍수해보험금 침수위 최종.shp"},"geometry":{"type":"Polygon","coordinates":[[[127.01970613674682,37.48665474393533],[127.01979888314897,37.48663932250669],[127.02001414870878,37.486708026352396],[127.02008153721829,37.48656927066862],[127.01986523226192,37.48650259435731],[127.01975567212241,37.48646882378978],[127.01968106152383,37.4866220414637],[127.01965122392753,37.48662696551156],[127.01970401954674,37.486643121350845],[127.01970613674682,37.48665474393533]]]}},{"type":"Feature","properties":{"OBJECTID":null,"GU_NAM":"서초구","F_SHIM":0.2,"F_DISA_NM":"2022년 8.8. ~ 17. 호우(재난지원금)","F_AVR_HGT":30.47,"F_AREA":140.96,"ADM_CD":"1165010800","F_SAT_YMD":"20220817 - 1106","F_END_YMD":null,"F_SAT_TM":"1106","F_END_TM":null,"F_RSN_DTL":"침수","F_ZONE_NM":"서울특별시 서초구 서초동 1604-25 101호","INV_YR":"2022","F_YR":"2022","TYPE":"주택","layer":"재난지원금 풍수해보험금 침수위 최종","path":"D:/김원상/침수흔적도/풍수해보험금 대상/재난지원금 풍수해보험금 침수위 최종.shp"},"geometry":{"type":"Polygon","coordinates":[[[127.01933401287293,37.48649568389384],[127.01935642148091,37.48653676615021],[127.01947840861523,37.486574094152225],[127.01951942160125,37.4864925833756],[127.01936020974763,37.4864436831823],[127.01933401287293,37.48649568389384]]]}},{"type":"Feature","properties":{"OBJECTID":null,"GU_NAM":"서초구","F_SHIM":0.2,"F_DISA_NM":"2022년 8.8. ~ 17. 호우(재난지원금)","F_AVR_HGT":23.48,"F_AREA":190.58,"ADM_CD":"1165010800","F_SAT_YMD":"20220808 - 2230","F_END_YMD":null,"F_SAT_TM":"2230","F_END_TM":null,"F_RSN_DTL":"침수(기타)","F_ZONE_NM":"서울특별시 서초구 서초동 1348-14 지하 1층 B102호","INV_YR":"2022","F_YR":"2022","TYPE":"주택","layer":"재난지원금 풍수해보험금 침수위 최종","path":"D:/김원상/침수흔적도/풍수해보험금 대상/재난지원금 풍수해보험금 침수위 최종.shp"},"geometry":{"type":"Polygon","coordinates":[[[127.02651013182097,37.48635696315633],[127.02645204306265,37.486237881137356],[127.02630936602112,37.48628242060478],[127.02636797422973,37.486400079002436],[127.02651013182097,37.48635696315633]]]}},{"type":"Feature","properties":{"OBJECTID":null,"GU_NAM":"서초구","F_SHIM":0.2,"F_DISA_NM":"2022년 8.8. ~ 17. 호우(재난지원금)","F_AVR_HGT":26.68,"F_AREA":329.18,"ADM_CD":"1165010800","F_SAT_YMD":"20220808 - 2230","F_END_YMD":null,"F_SAT_TM":"2230","F_END_TM":null,"F_RSN_DTL":"침수(기타)","F_ZONE_NM":"서울특별시 서초구 서초동 1360-29 지하 103호","INV_YR":"2022","F_YR":"2022","TYPE":"주택","layer":"재난지원금 풍수해보험금 침수위 최종","path":"D:/김원상/침수흔적도/풍수해보험금 대상/재난지원금 풍수해보험금 침수위 최종.shp"},"geometry":{"type":"Polygon","coordinates":[[[127.03182360512805,37.48634366429999],[127.03196519318226,37.48629819943468],[127.03189930201238,37.4861985837228],[127.0317785507406,37.486155510830685],[127.03164769688193,37.48621067651573],[127.03170429906636,37.48629594179804],[127.03175924079511,37.486272772026155],[127.03182360512805,37.48634366429999]]]}},{"type":"Feature","properties":{"OBJECTID":null,"GU_NAM":"서초구","F_SHIM":0.2,"F_DISA_NM":"2022년 8.8. ~ 17. 호우(재난지원금)","F_AVR_HGT":22.03,"F_AREA":232.17,"ADM_CD":"1165010800","F_SAT_YMD":"20220808 - 2300","F_END_YMD":null,"F_SAT_TM":"2300","F_END_TM":null,"F_RSN_DTL":"침수(기타)","F_ZONE_NM":"서울특별시 서초구 서초동 1349-18 B04호","INV_YR":"2022","F_YR":"2022","TYPE":"주택","layer":"재난지원금 풍수해보험금 침수위 최종","path":"D:/김원상/침수흔적도/풍수해보험금 대상/재난지원금 풍수해보험금 침수위 최종.shp"},"geometry":{"type":"Polygon","coordinates":[[[127.02704576319067,37.486238745445426],[127.0271787168599,37.48619709040356],[127.02711410815675,37.48605952158468],[127.026962738078,37.486107424458595],[127.02703007102926,37.486243659289634],[127.02704576319067,37.486238745445426]]]}},{"type":"Feature","properties":{"OBJECTID":null,"GU_NAM":"서초구","F_SHIM":0.2,"F_DISA_NM":"2022년 8.8. ~ 17. 호우(재난지원금)","F_AVR_HGT":22.38,"F_AREA":170.21,"ADM_CD":"1165010800","F_SAT_YMD":"20220808 - 2230","F_END_YMD":null,"F_SAT_TM":"2230","F_END_TM":null,"F_RSN_DTL":"침수(기타)","F_ZONE_NM":"서울특별시 서초구 서초동 1359-18  지하 B101호","INV_YR":"2022","F_YR":"2022","TYPE":"주택","layer":"재난지원금 풍수해보험금 침수위 최종","path":"D:/김원상/침수흔적도/풍수해보험금 대상/재난지원금 풍수해보험금 침수위 최종.shp"},"geometry":{"type":"Polygon","coordinates":[[[127.03075828563853,37.48607480380222],[127.03089791852935,37.48611791809395],[127.03092087490455,37.48606944754606],[127.03096954410441,37.48596662221276],[127.03088488900958,37.48599187131001],[127.03073790691622,37.48603570540573],[127.03075828563853,37.48607480380222]]]}},{"type":"Feature","properties":{"OBJECTID":null,"GU_NAM":"서초구","F_SHIM":0.2,"F_DISA_NM":"2022년 8.8. ~ 17. 호우(재난지원금)","F_AVR_HGT":22.38,"F_AREA":183.12,"ADM_CD":"1165010800","F_SAT_YMD":"20220808 - 2230","F_END_YMD":null,"F_SAT_TM":"2230","F_END_TM":null,"F_RSN_DTL":"침수(기타)","F_ZONE_NM":"서울특별시 서초구 서초동 1359-16 B02호","INV_YR":"2022","F_YR":"2022","TYPE":"주택","layer":"재난지원금 풍수해보험금 침수위 최종","path":"D:/김원상/침수흔적도/풍수해보험금 대상/재난지원금 풍수해보험금 침수위 최종.shp"},"geometry":{"type":"Polygon","coordinates":[[[127.03088488900958,37.48599187131001],[127.03096954410441,37.48596662221276],[127.03099069279433,37.48592193630442],[127.0309497528161,37.48583994641744],[127.03081553415572,37.485878110134934],[127.03067640877727,37.48591768047215],[127.0306850875318,37.48593434684664],[127.03083204766075,37.485892603143434],[127.03088488900958,37.48599187131001]]]}},{"type":"Feature","properties":{"OBJECTID":null,"GU_NAM":"서초구","F_SHIM":0.2,"F_DISA_NM":"2022년 8.8. ~ 17. 호우(재난지원금)","F_AVR_HGT":22.38,"F_AREA":166.91,"ADM_CD":"1165010800","F_SAT_YMD":"20220808 - 2230","F_END_YMD":null,"F_SAT_TM":"2230","F_END_TM":null,"F_RSN_DTL":"침수(기타)","F_ZONE_NM":"서울특별시 서초구 서초동 1359-17 지하 1층 B1호","INV_YR":"2022","F_YR":"2022","TYPE":"주택","layer":"재난지원금 풍수해보험금 침수위 최종","path":"D:/김원상/침수흔적도/풍수해보험금 대상/재난지원금 풍수해보험금 침수위 최종.shp"},"geometry":{"type":"Polygon","coordinates":[[[127.03073790691622,37.48603570540573],[127.03088488900958,37.48599187131001],[127.03083204766075,37.485892603143434],[127.0306850875318,37.48593434684664],[127.03073790691622,37.48603570540573]]]}},{"type":"Feature","properties":{"OBJECTID":null,"GU_NAM":"서초구","F_SHIM":0.2,"F_DISA_NM":"2022년 8.8. ~ 17. 호우(재난지원금)","F_AVR_HGT":22.24,"F_AREA":267.91,"ADM_CD":"1165010800","F_SAT_YMD":"20220808 - 2230","F_END_YMD":null,"F_SAT_TM":"2230","F_END_TM":null,"F_RSN_DTL":"침수(기타)","F_ZONE_NM":"서울특별시 서초구 서초동 1364-23  지하 B03호","INV_YR":"2022","F_YR":"2022","TYPE":"주택","layer":"재난지원금 풍수해보험금 침수위 최종","path":"D:/김원상/침수흔적도/풍수해보험금 대상/재난지원금 풍수해보험금 침수위 최종.shp"},"geometry":{"type":"Polygon","coordinates":[[[127.03012527986985,37.485639982558034],[127.0303048394508,37.485663698339536],[127.03033339147153,37.485523225330724],[127.03014590592689,37.485498709621915],[127.03011352030325,37.48563842667316],[127.03012527986985,37.485639982558034]]]}},{"type":"Feature","properties":{"OBJECTID":null,"GU_NAM":"서초구","F_SHIM":0.2,"F_DISA_NM":"2022년 8.8. ~ 17. 호우(재난지원금)","F_AVR_HGT":13.79,"F_AREA":193.97,"ADM_CD":"1165010700","F_SAT_YMD":"20220808 - 2210","F_END_YMD":null,"F_SAT_TM":"2210","F_END_TM":null,"F_RSN_DTL":"침수","F_ZONE_NM":"서울특별시 서초구 반포동 731-12   102호","INV_YR":"2022","F_YR":"2022","TYPE":"주택","layer":"재난지원금 풍수해보험금 침수위 최종","path":"D:/김원상/침수흔적도/풍수해보험금 대상/재난지원금 풍수해보험금 침수위 최종.shp"},"geometry":{"type":"Polygon","coordinates":[[[127.0202867590991,37.50609937152028],[127.02040110247884,37.50601512802065],[127.02040957359561,37.50597061737327],[127.02036970412844,37.5059155998047],[127.02020838954653,37.505992534614286],[127.02022001995425,37.50600840835529],[127.0202867590991,37.50609937152028]]]}},{"type":"Feature","properties":{"OBJECTID":null,"GU_NAM":"서초구","F_SHIM":0.2,"F_DISA_NM":"2022년 8.8. ~ 17. 호우(재난지원금)","F_AVR_HGT":13.79,"F_AREA":173.19,"ADM_CD":"1165010700","F_SAT_YMD":"20220808 - 2030","F_END_YMD":null,"F_SAT_TM":"2030","F_END_TM":null,"F_RSN_DTL":"침수(기타)","F_ZONE_NM":"서울특별시 서초구 반포동 733-3   103호","INV_YR":"2022","F_YR":"2022","TYPE":"주택","layer":"재난지원금 풍수해보험금 침수위 최종","path":"D:/김원상/침수흔적도/풍수해보험금 대상/재난지원금 풍수해보험금 침수위 최종.shp"},"geometry":{"type":"Polygon","coordinates":[[[127.02102007794446,37.505894888400285],[127.02104899924197,37.50590349716137],[127.02109229226336,37.5058140209086],[127.0210708134024,37.505807690450915],[127.020919138149,37.50576303497554],[127.02087617281686,37.505852060613016],[127.02102007794446,37.505894888400285]]]}},{"type":"Feature","properties":{"OBJECTID":null,"GU_NAM":"서초구","F_SHIM":0.2,"F_DISA_NM":"2022년 8.8. ~ 17. 호우(재난지원금)","F_AVR_HGT":13.79,"F_AREA":188.13,"ADM_CD":"1165010700","F_SAT_YMD":"20220808 - 2020","F_END_YMD":null,"F_SAT_TM":"2020","F_END_TM":null,"F_RSN_DTL":"침수(기타)","F_ZONE_NM":"서울특별시 서초구 반포동 733-36 B01호","INV_YR":"2022","F_YR":"2022","TYPE":"주택","layer":"재난지원금 풍수해보험금 침수위 최종","path":"D:/김원상/침수흔적도/풍수해보험금 대상/재난지원금 풍수해보험금 침수위 최종.shp"},"geometry":{"type":"Polygon","coordinates":[[[127.02043804876314,37.50560087032237],[127.02056767676477,37.50554080698906],[127.0204889444145,37.5054297356273],[127.02035878499952,37.505489853019974],[127.02043804876314,37.50560087032237]]]}}]}
